ws_fl,ws_fr,ws_rl,ws_rr,wheel_speed_avg,velocity_from_wheels_mps,yaw_rate,accel_long,accel_lat,steering_angle,engine_rpm,height_km,velocity_mps,direction_deg,t,a_x,a_y,a_z,gs_x,gs_y,gs_z
23.86,24.45,23.91,24.32,24.134999999999998,7.96455,5.300018,-0.16014,0.04997993,169.0,1001.0,93.21,6.879930555555555,94.3041875,0.0,-0.16014,0.04997993,-9.81,0.0,0.0,5.300018
29.33,25.64999,28.56999,24.23,26.944995000000002,8.891848350000002,-45.5,-0.1091398999999999,-0.6405599000000001,469.3,1634.0,93.05,6.973736979166667,211.8404375,1.28,-0.1091398999999999,-0.6405599000000001,-9.81,0.0,0.0,-45.5
28.73,24.99,28.129990000000003,23.7,26.387497500000002,8.707874175,-45.0,-0.09996009,-0.5895600000000001,451.2,1569.0,93.45,7.371141493055555,155.72050000000002,2.56,-0.09996009,-0.5895600000000001,-9.81,0.0,0.0,-45.0
30.039990000000003,26.17,29.62,25.00999,27.709995000000003,9.144298350000001,-46.60001,-0.1091398999999999,-0.64974,459.3,1657.0,93.64,7.581302083333334,159.37870312500002,3.84,-0.1091398999999999,-0.64974,-9.81,0.0,0.0,-46.60001
30.66,26.96,29.95999,25.71,28.322497500000004,9.346424175000001,-44.69998,-0.09996009,-0.6803401,459.9,1710.0,93.67,7.505868055555555,174.082734375,5.12,-0.09996009,-0.6803401,-9.81,0.0,0.0,-44.69998
24.84,21.62,24.32999,20.92,22.9274975,7.566074175000001,-35.79999,-0.08976007,-0.4202399,431.5,1362.0,94.2,6.188580729166667,156.11109375,6.4,-0.08976007,-0.4202399,-9.81,0.0,0.0,-35.79999
24.37,21.14,23.75999,20.53,22.449997500000002,7.408499175000001,-34.60001,-0.08976007,-0.3896401,424.7,1376.0,94.28,5.942222222222221,184.932546875,7.68,-0.08976007,-0.3896401,-9.81,0.0,0.0,-34.60001
24.35,21.23,23.77,20.6,22.487499999999997,7.420875,-34.60001,-0.05915999,-0.4100400999999999,422.4,1347.0,94.41,6.2749609374999995,136.549078125,8.96,-0.05915999,-0.4100400999999999,-9.81,0.0,0.0,-34.60001
24.50999,21.39999,23.96,20.74,22.652495,7.47532335,-34.5,-0.07956004,-0.3998401,421.9,1384.0,94.44,5.892816840277777,172.071953125,10.24,-0.07956004,-0.3998401,-9.81,0.0,0.0,-34.5
20.23,19.82999,20.09,19.68999,19.959995,6.5867983500000005,-2.799988,0.01937985,-0.04997993,220.4,1184.0,94.55,4.895572916666667,291.68731249999996,11.52,0.01937985,-0.04997993,-9.81,0.0,0.0,-2.799988
31.899990000000003,33.94,31.78,33.569990000000004,32.797495,10.82317335,19.80002,-0.05915999,0.3396599,101.5,1317.0,93.06,10.307921006944444,190.97040625000002,12.8,-0.05915999,0.3396599,-9.81,0.0,0.0,19.80002
45.81,44.08,45.709990000000005,43.91,44.8774975,14.809574175,-17.29999,0.0,-0.3896401,270.1,1821.0,92.77,12.979322916666668,309.36,14.08,0.0,-0.3896401,-9.81,0.0,0.0,-17.29999
64.98999,65.03,64.92,64.73,64.91749750000001,21.422774175000004,-0.3999939,-0.009180069,0.01937985,201.8,1687.0,95.46,17.54964409722222,320.34809375,15.36,-0.009180069,0.01937985,-9.81,0.0,0.0,-0.3999939
63.03999,63.09,63.0,62.92999,63.014995000000006,20.794948350000002,0.1000061,0.01937985,0.0397799,199.5,1611.0,97.06,17.429019097222223,320.295234375,16.64,0.01937985,0.0397799,-9.81,0.0,0.0,0.1000061
62.37999,62.41,62.39,62.26999,62.362494999999996,20.57962335,0.1000061,-0.02958012,0.01937985,199.7,1502.0,96.83,15.98884982638889,323.08476562500005,17.92,-0.02958012,0.01937985,-9.81,0.0,0.0,0.1000061
56.73,56.69,56.42999,55.98999,56.459995,18.63179835,-1.699982,-0.07956004,0.0,205.2,1681.0,91.51,14.815460069444445,7.947375,19.2,-0.07956004,0.0,-9.81,0.0,0.0,-1.699982
60.67999,60.51999,60.599990000000005,60.33,60.532492500000004,19.975722525000002,-1.399994,0.009180069,-0.009180069,205.7,1866.0,100.05,16.124231770833333,40.450015625,20.48,0.009180069,-0.009180069,-9.81,0.0,0.0,-1.399994
55.5,55.41,55.17,55.00999,55.2724975,18.239924175000002,-0.2999877999999999,0.0,0.0,202.6,1702.0,102.82,13.652743055555554,47.56159375,21.76,0.0,0.0,-9.81,0.0,0.0,-0.2999877999999999
44.59,44.58,44.48,44.37999,44.5074975,14.687474175,0.0,0.0,-0.04997993,203.5,1430.0,125.15,12.241276041666666,332.546515625,23.04,0.0,-0.04997993,-9.81,0.0,0.0,0.0
44.37999,44.14999,44.349990000000005,44.12999,44.25249,14.6033217,-1.799988,0.0,-0.03978014,209.5,1414.0,123.78,12.202000868055556,332.62175,24.32,0.0,-0.03978014,-9.81,0.0,0.0,-1.799988
45.59,45.52,45.48,45.3,45.4725,15.005925,-0.6999816999999999,-0.02958012,-0.03978014,205.0,1346.0,118.69,12.545177951388888,319.9365,25.6,-0.02958012,-0.03978014,-9.81,0.0,0.0,-0.6999816999999999
45.41,45.209990000000005,45.37,45.02,45.252497500000004,14.933324175000003,-2.100006,-0.02958012,-0.07956004,212.7,1312.0,113.96,12.367986111111112,331.882078125,26.88,-0.02958012,-0.07956004,-9.81,0.0,0.0,-2.100006
37.92999,38.16,37.81,37.98999,37.972495,12.530923350000002,1.800018,0.01937985,0.0,194.5,1578.0,107.43,10.288111979166668,339.80314062499997,28.16,0.01937985,0.0,-9.81,0.0,0.0,1.800018
37.66,37.87999,37.78,37.81999,37.784994999999995,12.46904835,2.600006,0.0397799,0.0397799,189.0,1587.0,107.99,10.838276909722222,312.34837500000003,29.44,0.0397799,0.0397799,-9.81,0.0,0.0,2.600006
41.959990000000005,41.42999,41.77,41.31999,41.6199925,13.734597525000002,-4.5,0.02957988,-0.1091398999999999,217.7,1734.0,109.31,11.050451388888888,323.862203125,30.72,0.02957988,-0.1091398999999999,-9.81,0.0,0.0,-4.5
0.0,0.0,0.0,0.0,0.0,0.0,-0.1000061,-0.04997993,-0.009180069,203.8,785.0,109.53,0.01970052083333333,316.503,32.0,-0.04997993,-0.009180069,-9.81,0.0,0.0,-0.1000061
0.0,0.0,0.0,0.0,0.0,0.0,0.0,0.02957988,-0.01938009,201.7,788.0,108.49,0.015160590277777771,316.503,33.28,0.02957988,-0.01938009,-9.81,0.0,0.0,0.0
48.73,49.0,48.83,48.7,48.815,16.10895,1.600006,0.02957988,0.009180069,194.4,1584.0,111.06,14.437955729166667,312.773109375,34.56,0.02957988,0.009180069,-9.81,0.0,0.0,1.600006
56.98,56.95,56.87,56.67999,56.869997500000004,18.767099175000002,-1.799988,0.07956004,-0.04997993,207.2,2307.0,111.45,17.11289496527778,322.14885937500003,35.84,0.07956004,-0.04997993,-9.81,0.0,0.0,-1.799988
46.52,46.55,46.42,46.42,46.477500000000006,15.337575000000003,1.100006,0.0,0.0,199.4,1462.0,127.02,12.265026041666669,345.14765625,37.12,0.0,0.0,-9.81,0.0,0.0,1.100006
45.50999,45.53,45.349990000000005,45.39999,45.4474925,14.997672525000002,1.0,0.09995985,0.01937985,196.7,2604.0,128.54,13.094535590277776,329.65953125,38.4,0.09995985,0.01937985,-9.81,0.0,0.0,1.0
47.62,47.44,47.42999,47.31,47.4499975,15.658499175000001,-1.199982,0.009180069,-0.03978014,207.1,1520.0,128.98,13.219266493055555,339.497453125,39.68,0.009180069,-0.03978014,-9.81,0.0,0.0,-1.199982
32.3,32.23,32.09,32.00999,32.157497500000005,10.611974175000002,-1.899994,0.0,-0.01938009,210.7,1408.0,130.26,7.486158854166667,140.515515625,40.96,0.0,-0.01938009,-9.81,0.0,0.0,-1.899994
32.8,32.819990000000004,32.64999,32.59,32.714995,10.795948350000002,-0.3999939,0.09995985,-0.02958012,204.7,1396.0,135.32,11.653880208333334,2.849,42.24,0.09995985,-0.02958012,-9.81,0.0,0.0,-0.3999939
48.73,49.00999,48.709990000000005,48.849990000000005,48.82499250000001,16.112247525000004,2.300018,-0.02958012,0.02957988,195.3,1495.0,133.02,13.932105034722223,330.08184374999996,43.52,-0.02958012,0.02957988,-9.81,0.0,0.0,2.300018
52.87999,53.00999,52.8,52.8,52.872495,17.44792335,0.5,0.0397799,-0.009180069,200.0,1686.0,124.5,15.169856770833333,7.336109375000001,44.800000000000004,0.0397799,-0.009180069,-9.81,0.0,0.0,0.5
54.459990000000005,54.48,54.37,54.25,54.3899975,17.948699175,0.0,0.009180069,-0.04997993,203.1,1718.0,126.77,11.722690972222221,129.887,46.08,0.009180069,-0.04997993,-9.81,0.0,0.0,0.0
33.28999,33.28999,33.19,33.19,33.239995,10.969198350000001,-0.1000061,0.06936002,0.0,201.0,1939.0,130.56,10.856080729166667,91.67889062500001,47.36,0.06936002,0.0,-9.81,0.0,0.0,-0.1000061
34.31,34.62,34.23999,34.67,34.4599975,11.371799175000001,2.600006,-0.05915999,0.0397799,187.3,1345.0,116.28,9.333033854166667,125.9716875,48.64,-0.05915999,0.0397799,-9.81,0.0,0.0,2.600006
21.61,19.16,21.29,18.77,20.2075,6.668475,-26.899990000000003,-0.05915999,-0.3396599,395.4,1245.0,115.17,6.2828125,207.647,49.92,-0.05915999,-0.3396599,-9.81,0.0,0.0,-26.899990000000003
35.679990000000004,35.67,35.59,35.53,35.6174975,11.753774175,-0.6999816999999999,0.05915999,0.0,203.3,2022.0,122.76,9.603116319444442,183.585359375,51.2,0.05915999,0.0,-9.81,0.0,0.0,-0.6999816999999999
26.57,27.7,26.49,27.6,27.089999999999996,8.939699999999998,12.30002,0.009180069,0.14994,133.2,1601.0,114.62,6.329535590277778,299.197375,52.480000000000004,0.009180069,0.14994,-9.81,0.0,0.0,12.30002
15.14,14.54,15.12,14.43999,14.8099975,4.887299175,-7.100006,-0.02958012,-0.2101199999999999,291.0,1256.0,116.39,1.642443576388889,93.619328125,53.76,-0.02958012,-0.2101199999999999,-9.81,0.0,0.0,-7.100006
0.0,0.0,0.0,0.0,0.0,0.0,-0.1000061,0.02957988,0.06936002,652.2,837.0,116.52,0.2421831597222222,220.03160937500002,55.04,0.02957988,0.06936002,-9.81,0.0,0.0,-0.1000061
25.75,24.71999,25.68999,24.62,25.194995,8.31434835,-11.0,-0.02958012,-0.09996009,264.3,1160.0,113.59,7.428059895833333,222.469875,56.32,-0.02958012,-0.09996009,-9.81,0.0,0.0,-11.0
28.19,28.56,28.22,28.36,28.3325,9.349725000000001,1.5,-0.009180069,-0.009180069,194.5,1555.0,110.92,4.655755208333334,130.078203125,57.6,-0.009180069,-0.009180069,-9.81,0.0,0.0,1.5
4.639999,4.949997,4.519997,4.809998,4.72999775,1.5608992575,3.5,0.14994,0.009180069,75.39996,1266.0,111.37,5.322912326388889,83.48517187499999,58.88,0.14994,0.009180069,-9.81,0.0,0.0,3.5
32.09,32.19,32.11,32.05,32.11,10.596300000000001,-0.3999939,0.0397799,-0.02958012,205.1,1827.0,120.08,8.736710069444444,8.52884375,60.160000000000004,0.0397799,-0.02958012,-9.81,0.0,0.0,-0.3999939
35.39999,35.3,35.39,35.28,35.3424975,11.663024175,-0.6999816999999999,0.009180069,0.009180069,207.1,1480.0,127.71,9.749461805555555,85.109140625,61.44,0.009180069,0.009180069,-9.81,0.0,0.0,-0.6999816999999999
33.05,33.14999,33.0,33.05,33.0624975,10.910624175,1.700012,-0.009180069,0.01937985,193.5,1444.0,126.93,9.655772569444444,72.74471875,62.72,-0.009180069,0.01937985,-9.81,0.0,0.0,1.700012
21.32,21.43999,21.18,21.55,21.3724975,7.052924175000001,1.200012,0.1193398999999999,0.05915999,191.6,1926.0,123.14,7.247287326388889,245.888984375,64.0,0.1193398999999999,0.05915999,-9.81,0.0,0.0,1.200012
19.73,19.64999,19.62,19.5,19.6249975,6.476249175,-0.7999878,0.1795198999999999,-0.02958012,213.5,1754.0,125.89,7.8436501736111115,262.952796875,65.28,0.1795198999999999,-0.02958012,-9.81,0.0,0.0,-0.7999878
33.03,32.89999,33.00999,32.849990000000005,32.9474925,10.872672525000002,-0.2999877999999999,-0.01938009,-0.009180069,203.8,1286.0,127.24,8.740073784722222,264.88975,66.56,-0.01938009,-0.009180069,-9.81,0.0,0.0,-0.2999877999999999
23.48,23.07999,23.49,23.18,23.307497499999997,7.691474174999999,-0.1999817,-0.1693201,-0.009180069,205.2,1249.0,128.03,6.938897569444444,85.476828125,67.84,-0.1693201,-0.009180069,-9.81,0.0,0.0,-0.1999817
26.53,26.969990000000003,26.48,26.8,26.6949975,8.809349175,4.700012,-0.06936002,0.12954,167.2,1078.0,126.61,6.3698524305555555,45.593359375,69.12,-0.06936002,0.12954,-9.81,0.0,0.0,4.700012
25.67,25.11,25.54,25.05,25.342499999999998,8.363025,-5.399994,0.0,-0.05915999,236.3,1487.0,126.37,6.572955729166666,166.70425,70.4,0.0,-0.05915999,-9.81,0.0,0.0,-5.399994
30.98999,30.92,30.7,30.7,30.8274975,10.173074175,-0.6999816999999999,0.02957988,0.0,204.8,1289.0,128.81,7.739305555555555,179.50153125,71.68,0.02957988,0.0,-9.81,0.0,0.0,-0.6999816999999999
31.45,31.44,31.379990000000003,31.42,31.422497500000002,10.369424175,0.0,0.0,-0.009180069,200.9,1337.0,126.42,7.805455729166667,84.874875,72.96000000000001,0.0,-0.009180069,-9.81,0.0,0.0,0.0
23.25999,23.17,23.14,22.98,23.137497500000002,7.635374175000001,-1.799988,0.009180069,-0.009180069,215.4,1366.0,125.39,7.176519097222222,80.603828125,74.24,0.009180069,-0.009180069,-9.81,0.0,0.0,-1.799988
28.0,28.00999,27.81,27.87,27.922497500000002,9.214424175000001,-0.1000061,0.02957988,0.0,200.7,1691.0,125.96,7.806640625,264.385609375,75.52,0.02957988,0.0,-9.81,0.0,0.0,-0.1000061
28.56999,28.55,28.70999,28.929990000000004,28.689992500000002,9.467697525000002,0.8000183000000001,0.0,0.01937985,199.7,1153.0,127.29,7.465494791666666,264.44896875,76.8,0.0,0.01937985,-9.81,0.0,0.0,0.8000183000000001
29.37,29.36,29.34999,29.48999,29.392495000000004,9.699523350000002,1.0,-0.1193398999999999,0.02957988,191.2,1116.0,124.86,2.9890321180555555,155.772078125,78.08,-0.1193398999999999,0.02957988,-9.81,0.0,0.0,1.0
32.47,32.47,32.52,32.87,32.5825,10.752225000000001,4.5,-0.06936002,0.1091398999999999,177.2,1266.0,119.06,8.408177083333333,46.566171874999995,79.36,-0.06936002,0.1091398999999999,-9.81,0.0,0.0,4.5
21.82,22.09,21.91,22.12,21.985,7.25505,2.800018,-0.1897202,0.05915999,178.2,1222.0,117.2,5.793433159722222,228.309421875,80.64,-0.1897202,0.05915999,-9.81,0.0,0.0,2.800018
28.19,28.08,28.12,28.12,28.1275,9.282075,-0.2999877999999999,0.01937985,-0.009180069,203.0,1691.0,117.05,7.627170138888889,310.075546875,81.92,0.01937985,-0.009180069,-9.81,0.0,0.0,-0.2999877999999999
25.82999,25.98,25.81,25.85,25.8674975,8.536274175,1.0,0.04997993,0.009180069,195.6,1613.0,116.88,7.9770269097222215,39.30553125,83.2,0.04997993,0.009180069,-9.81,0.0,0.0,1.0
29.379990000000003,29.67,29.679990000000004,29.5,29.557495000000003,9.75397335,-0.3999939,0.0,-0.01938009,205.2,1277.0,114.09,7.764843749999999,39.448203125000006,84.48,0.0,-0.01938009,-9.81,0.0,0.0,-0.3999939
14.21,11.68999,13.42,10.81,12.532497500000002,4.135724175000001,-28.69998,0.05915999,-0.09996009,485.2,1879.0,116.71,6.476267361111111,104.314875,85.76,0.05915999,-0.09996009,-9.81,0.0,0.0,-28.69998
29.97,29.98999,29.929990000000004,29.95999,29.962492500000003,9.887622525000001,0.2000122,0.0,0.01937985,200.6,1278.0,116.06,8.042382812500001,109.01828125,87.04,0.0,0.01937985,-9.81,0.0,0.0,0.2000122
22.39,22.71,22.46,22.49,22.5125,7.429125,1.800018,-0.13974,0.01937985,187.7,1199.0,114.94,2.166089409722222,108.63665625,88.32000000000001,-0.13974,0.01937985,-9.81,0.0,0.0,1.800018
0.0,0.0,0.0,0.0,0.0,0.0,-0.1000061,0.0,0.02957988,220.7,774.0,114.61,0.011401909722222218,113.02499999999999,89.60000000000001,0.0,0.02957988,-9.81,0.0,0.0,-0.1000061
34.48999,34.62,34.23999,34.50999,34.464992499999994,11.373447524999998,1.5,0.0397799,0.02957988,193.5,1579.0,112.88,9.500620659722223,217.480453125,90.88,0.0397799,0.02957988,-9.81,0.0,0.0,1.5
27.75,27.12,27.75,27.00999,27.4074975,9.044474175000001,-7.0,0.01937985,-0.09996009,234.3,1611.0,118.79,7.861966145833333,204.38003125,92.16,0.01937985,-0.09996009,-9.81,0.0,0.0,-7.0
29.039990000000003,29.19,29.06,29.23,29.1299975,9.612899175,2.399994,-0.02958012,0.0397799,185.3,1131.0,119.55,5.279526909722222,210.4553125,93.44,-0.02958012,0.0397799,-9.81,0.0,0.0,2.399994
30.89,30.75,30.94,30.58,30.79,10.1607,-2.5,0.0,-0.04997993,214.4,1305.0,119.35,8.465394965277778,235.1350625,94.72,0.0,-0.04997993,-9.81,0.0,0.0,-2.5
33.03,33.11,32.89999,32.959990000000005,32.999995,10.88999835,0.3000183,0.0,0.0,199.4,1411.0,120.79,6.971254340277778,263.6611875,96.0,0.0,0.0,-9.81,0.0,0.0,0.3000183
1.610001,1.610001,1.589996,1.599998,1.6024990000000001,0.5288246700000001,-0.1000061,0.02957988,-0.009180069,242.6,914.0,122.26,2.7842100694444443,196.998234375,97.28,0.02957988,-0.009180069,-9.81,0.0,0.0,-0.1000061
29.81,29.98999,29.8,30.00999,29.902495,9.86782335,2.700012,-0.05915999,0.06936002,181.4,1212.0,120.89,6.945195312499999,181.75621875000002,98.56,-0.05915999,0.06936002,-9.81,0.0,0.0,2.700012
27.68,28.87,27.64,28.75999,28.2374975,9.318374175,13.10001,0.07956004,0.12954,136.7,1712.0,119.45,8.694388020833333,100.130546875,99.84,0.07956004,0.12954,-9.81,0.0,0.0,13.10001
33.45,33.709990000000005,33.349990000000005,33.67,33.544995,11.069848350000001,3.5,0.01937985,0.0397799,187.1,1448.0,119.67,9.699526909722223,83.31209375,101.12,0.01937985,0.0397799,-9.81,0.0,0.0,3.5
27.85,27.969990000000003,27.89,27.89,27.8999975,9.206999175000002,0.8999939,0.0,0.02957988,195.8,1588.0,116.1,5.395377604166667,177.873328125,102.4,0.0,0.02957988,-9.81,0.0,0.0,0.8999939
21.07,18.88,20.68,18.32999,19.7399975,6.514199175000001,-24.79999,0.12954,-0.16014,349.7,1836.0,114.77,7.9798003472222225,267.116453125,103.68,0.12954,-0.16014,-9.81,0.0,0.0,-24.79999
32.98999,33.11,32.81,32.87,32.9449975,10.871849175,1.5,0.02957988,0.02957988,194.5,1389.0,119.14,9.300394965277778,262.056375,104.96000000000001,0.02957988,0.02957988,-9.81,0.0,0.0,1.5
32.66,32.73,32.12999,32.66,32.544997499999994,10.739849174999998,0.0,0.0,0.0397799,199.5,1376.0,121.11,9.123967013888889,268.46628124999995,106.24000000000001,0.0,0.0397799,-9.81,0.0,0.0,0.0
12.43999,13.07999,12.34,13.00999,12.7174925,4.196772525,7.399994,-0.1897202,0.02957988,113.5,1252.0,120.28,5.225828993055556,249.46923437499998,107.52,-0.1897202,0.02957988,-9.81,0.0,0.0,7.399994
19.82999,19.78,19.68,19.6,19.7224975,6.508424175,-1.0,0.16014,0.0,209.3,1706.0,116.97,8.095243055555557,204.773578125,108.8,0.16014,0.0,-9.81,0.0,0.0,-1.0
40.099990000000005,40.00999,39.94,39.84,39.972495,13.190923350000002,-0.6000061,0.0,0.0,204.8,1670.0,111.84,11.0838671875,204.021359375,110.08,0.0,0.0,-9.81,0.0,0.0,-0.6000061
35.459990000000005,35.59,35.62999,35.58,35.564994999999996,11.73644835,1.0,-0.02958012,0.009180069,197.6,1406.0,115.05,6.780221354166667,213.148984375,111.36,-0.02958012,0.009180069,-9.81,0.0,0.0,1.0
25.24,22.82999,24.87,22.48,23.8549975,7.8721491750000006,-26.399990000000003,0.0397799,-0.3202801,353.1,1455.0,116.52,8.446653645833333,284.54371875000004,112.64,0.0397799,-0.3202801,-9.81,0.0,0.0,-26.399990000000003
25.93,26.469990000000003,26.16,26.46,26.2549975,8.664149175,4.200012,-0.03978014,0.07956004,171.0,1048.0,114.21,6.92782986111111,35.65121875,113.92,-0.03978014,0.07956004,-9.81,0.0,0.0,4.200012
27.31,27.149990000000003,27.219990000000003,27.04,27.179994999999998,8.96939835,-2.0,0.0,-0.03978014,212.7,1591.0,118.13,8.089049479166667,183.49351562500001,115.2,0.0,-0.03978014,-9.81,0.0,0.0,-2.0
30.55,30.61,30.679990000000004,30.86,30.6749975,10.122749175000001,2.5,-0.03978014,0.02957988,187.5,1161.0,116.58,8.348576388888889,168.216859375,116.48,-0.03978014,0.02957988,-9.81,0.0,0.0,2.5
29.0,29.039990000000003,28.97,28.929990000000004,28.984995,9.565048350000001,0.2000122,0.0,-0.009180069,200.8,1241.0,117.09,4.795134548611111,150.681078125,117.76,0.0,-0.009180069,-9.81,0.0,0.0,0.2000122
9.779999,8.639999000000001,9.470001,7.869994999999999,8.9399985,2.950199505,-17.79999,0.26928,-0.2101199999999999,471.1,1554.0,117.62,6.104361979166666,227.85346875,119.04,0.26928,-0.2101199999999999,-9.81,0.0,0.0,-17.79999
4.139999,4.1699980000000005,4.129997,4.149994,4.147497,1.36867401,0.0,0.0,-0.01938009,194.3,893.0,120.58,0.4991927083333333,305.85181250000005,120.32000000000001,0.0,-0.01938009,-9.81,0.0,0.0,0.0
24.86,22.5,24.38,22.17,23.4775,7.747575,-24.89999,0.02957988,-0.27948,352.0,1497.0,129.62,7.678441840277777,270.280546875,121.60000000000001,0.02957988,-0.27948,-9.81,0.0,0.0,-24.89999
30.77,30.81999,31.09999,30.679990000000004,30.8424925,10.178022525,0.6000061,0.0,-0.05915999,199.2,1866.0,130.57,8.402734375000001,273.10871875,122.88,0.0,-0.05915999,-9.81,0.0,0.0,0.6000061
32.78,32.72,32.819990000000004,32.67,32.7474975,10.806674175000001,-0.2999877999999999,0.0,0.0,203.0,1900.0,133.38,10.211024305555556,169.365953125,124.16,0.0,0.0,-9.81,0.0,0.0,-0.2999877999999999
40.17999,40.14999,40.14,39.959990000000005,40.107492500000006,13.235472525000002,-0.3999939,-0.01938009,-0.02958012,204.3,1182.0,133.33,10.501284722222223,172.031234375,125.44,-0.01938009,-0.02958012,-9.81,0.0,0.0,-0.3999939
33.069990000000004,32.89999,33.16,32.679990000000004,32.952492500000005,10.874322525000002,-2.299988,0.14994,-0.03978014,211.5,1922.0,126.18,12.678007812499999,333.8521875,126.72,0.14994,-0.03978014,-9.81,0.0,0.0,-2.299988
44.92,44.92,45.0,44.8,44.91,14.8203,0.0,0.01937985,-0.009180069,201.5,1541.0,133.83,12.60484375,321.574671875,128.0,0.01937985,-0.009180069,-9.81,0.0,0.0,0.0
46.12999,46.17999,46.06,46.06,46.107495,15.21547335,0.1000061,0.0,0.02957988,200.7,1484.0,139.75,12.693407118055555,320.40628125,129.28,0.0,0.02957988,-9.81,0.0,0.0,0.1000061
45.86,45.89,45.77,45.73,45.8125,15.118125000000001,-0.1999817,0.0,0.0,202.4,1456.0,140.03,12.667821180555555,321.0189375,130.56,0.0,0.0,-9.81,0.0,0.0,-0.1999817
54.12,54.0,54.09,53.98999,54.0499975,17.836499175000004,-0.7999878,-0.02958012,-0.02958012,205.6,1532.0,143.54,15.153802083333334,204.959140625,131.84,-0.02958012,-0.02958012,-9.81,0.0,0.0,-0.7999878
58.48999,58.47,58.44,58.34,58.4349975,19.283549175,0.1000061,0.009180069,-0.009180069,201.9,1793.0,139.89,16.318094618055554,204.87604687500001,133.12,0.009180069,-0.009180069,-9.81,0.0,0.0,0.1000061
63.349990000000005,63.14,63.22,62.98999,63.174995,20.847748350000003,-1.100006,-0.03978014,-0.04997993,206.2,1899.0,130.68,17.07362847222222,207.50109375,134.4,-0.03978014,-0.04997993,-9.81,0.0,0.0,-1.100006
57.349990000000005,57.37,57.62,57.59,57.4824975,18.969224175,1.300018,-0.1193398999999999,0.01937985,197.5,1715.0,125.52,12.285264756944443,203.187265625,135.68,-0.1193398999999999,0.01937985,-9.81,0.0,0.0,1.300018
27.43,26.09,27.25999,25.96999,26.687495,8.80687335,-14.29999,0.0,-0.2499001,295.4,1563.0,120.81,7.616041666666666,262.727484375,136.96,0.0,-0.2499001,-9.81,0.0,0.0,-14.29999
43.64999,43.67999,43.66,43.56,43.637495,14.40037335,0.0,-0.02958012,-0.02958012,202.4,1290.0,122.56,10.366497395833335,319.60453125000004,138.24,-0.02958012,-0.02958012,-9.81,0.0,0.0,0.0
40.64,40.31,40.58,40.28,40.4525,13.349325,-3.3999940000000004,0.0,-0.04997993,214.3,1309.0,126.43,12.332725694444445,344.3258125,139.52,0.0,-0.04997993,-9.81,0.0,0.0,-3.3999940000000004
48.959990000000005,49.099990000000005,48.95,49.099990000000005,49.02749250000001,16.179072525000002,1.399994,0.01937985,0.04997993,196.4,1583.0,133.98,12.727000868055555,313.7865625,140.8,0.01937985,0.04997993,-9.81,0.0,0.0,1.399994
42.3,42.50999,42.14,42.25999,42.302495,13.95982335,2.700012,0.06936002,0.02957988,191.4,1752.0,141.71,13.154283854166666,313.92696875,142.08,0.06936002,0.02957988,-9.81,0.0,0.0,2.700012
45.09,44.83,45.06999,44.92,44.9774975,14.842574175,-0.6000061,-0.1795201,-0.009180069,206.2,1333.0,143.76,12.544518229166666,301.006671875,143.36,-0.1795201,-0.009180069,-9.81,0.0,0.0,-0.6000061
53.67999,52.23999,53.09,51.86,52.717495,17.39677335,-2.0,-0.88026,-0.07956004,209.9,2639.0,143.3,8.075069444444445,322.957890625,144.64000000000001,-0.88026,-0.07956004,-9.81,0.0,0.0,-2.0
21.11,23.55,20.68999,23.04,22.097497499999996,7.292174174999999,25.80002,-0.1693201,0.2101199999999999,29.39996,1197.0,143.84,7.9399565972222215,228.06609375,145.92000000000002,-0.1693201,0.2101199999999999,-9.81,0.0,0.0,25.80002
50.959990000000005,51.12,50.56,50.53,50.7924975,16.761524175,0.1000061,0.2600999,0.02957988,196.1,4428.0,140.79,18.765112847222223,206.14540625,147.20000000000002,0.2600999,0.02957988,-9.81,0.0,0.0,0.1000061
73.44,74.31999,73.34,71.67,73.1924975,24.153524175,2.399994,-0.7497001,0.06936002,203.7,2236.0,131.74,15.168888888888889,172.228,148.48,-0.7497001,0.06936002,-9.81,0.0,0.0,2.399994
62.37,61.89,62.39,61.48,62.03249999999999,20.470724999999998,-6.100006,0.12954,-0.2101199999999999,223.9,3519.0,130.37,19.139370659722225,142.43379687499998,149.76,0.12954,-0.2101199999999999,-9.81,0.0,0.0,-6.100006
79.31999,79.23,79.15999000000001,78.87,79.14499500000001,26.117848350000003,-0.5,0.07956004,-0.01938009,203.9,3247.0,130.56,21.032534722222223,171.40464062499998,151.04,0.07956004,-0.01938009,-9.81,0.0,0.0,-0.5
26.07,26.23,26.25,26.13,26.169999999999998,8.636099999999999,-0.1000061,-0.01938009,-0.009180069,202.6,2289.0,128.53,8.842664930555557,192.10953125,152.32,-0.01938009,-0.009180069,-9.81,0.0,0.0,-0.1000061
36.56,37.03999,36.44,36.94,36.7449975,12.125849174999999,6.0,0.02957988,0.07956004,177.3,1531.0,127.33,11.24872829861111,180.229234375,153.6,0.02957988,0.07956004,-9.81,0.0,0.0,6.0
88.14,87.94,87.89,87.11,87.77,28.9641,-4.199982,0.1091398999999999,-0.1693201,213.5,3542.0,129.18,14.79775173611111,271.7099218750001,154.88,0.1091398999999999,-0.1693201,-9.81,0.0,0.0,-4.199982
45.17999,45.31999,45.11,44.95,45.139995,14.89619835,0.2000122,0.02957988,0.0,201.2,1610.0,134.66,11.472335069444444,249.3815625,156.16,0.02957988,0.0,-9.81,0.0,0.0,0.2000122
47.22,47.81999,47.06999,47.78,47.472494999999995,15.66592335,6.800018,0.08976007,0.14994,176.4,1968.0,142.37,13.222378472222221,230.92485937499998,157.44,0.08976007,0.14994,-9.81,0.0,0.0,6.800018
43.98,43.95,43.34,43.52,43.697500000000005,14.420175000000002,-2.0,-0.1193398999999999,0.0,207.5,1322.0,143.52,13.144457465277778,231.010671875,158.72,-0.1193398999999999,0.0,-9.81,0.0,0.0,-2.0
57.26999,57.349990000000005,57.16,56.98,57.189994999999996,18.87269835,0.8999939,0.04997993,0.009180069,199.2,2323.0,143.43,17.155711805555555,226.36420312500002,160.0,0.04997993,0.009180069,-9.81,0.0,0.0,0.8999939
1.329994,1.099998,0.9899979,0.9899979,1.10249695,0.3638239935,0.5,-0.16014,0.04997993,337.7,1265.0,135.39,0.8654730902777777,235.41510937500004,161.28,-0.16014,0.04997993,-9.81,0.0,0.0,0.5
60.17999,60.09,59.8,59.66,59.932497500000004,19.777724175000003,0.0,0.2600999,0.009180069,201.1,5156.0,137.77,21.187013888888888,53.853375,162.56,0.2600999,0.009180069,-9.81,0.0,0.0,0.0
31.03,30.95999,31.06,30.89,30.984997500000002,10.225049175,-2.0,-0.01938009,-0.06936002,215.9,1566.0,144.15,10.260855034722223,70.211328125,163.84,-0.01938009,-0.06936002,-9.81,0.0,0.0,-2.0
54.849990000000005,54.89,54.98,54.86,54.8949975,18.115349175000002,0.3999939,-0.03978014,0.02957988,199.6,1642.0,135.83,15.650381944444444,68.746515625,165.12,-0.03978014,0.02957988,-9.81,0.0,0.0,0.3999939
56.53,55.67999,56.7,55.599990000000005,56.127494999999996,18.52207335,-9.399994,0.0,-0.2101199999999999,230.9,1723.0,131.31,18.541041666666665,90.162,166.4,0.0,-0.2101199999999999,-9.81,0.0,0.0,-9.399994
31.16,31.19,30.94,31.02,31.0775,10.255575,0.8999939,0.1999198999999999,0.01937985,194.9,2719.0,128.73,12.15251736111111,78.4383125,167.68,0.1999198999999999,0.01937985,-9.81,0.0,0.0,0.8999939
48.98999,49.25,48.98999,49.17999,49.102492500000004,16.203822525000003,2.600006,0.009180069,0.05915999,193.1,1507.0,129.35,14.022282986111112,75.878296875,168.96,0.009180069,0.05915999,-9.81,0.0,0.0,2.600006
35.09,34.28999,34.929990000000004,34.03,34.584995000000006,11.413048350000002,-9.100006,0.07956004,-0.07956004,234.4,1473.0,128.31,12.547009548611111,159.792390625,170.24,0.07956004,-0.07956004,-9.81,0.0,0.0,-9.100006
0.0,0.0,0.0,0.0,0.0,0.0,0.0,-0.009180069,0.0,210.3,785.0,124.72,5.4220572916666665,196.65271875000002,171.52,-0.009180069,0.0,-9.81,0.0,0.0,0.0
41.77,42.17999,41.7,42.17,41.954997500000005,13.845149175000001,6.5,-0.03978014,0.12954,174.1,1652.0,122.56,12.135221354166667,151.71834375,172.8,-0.03978014,0.12954,-9.81,0.0,0.0,6.5
64.33,64.41,64.25999,63.94,64.2349975,21.197549175000002,-0.1999817,0.1693199,-0.02958012,202.1,3669.0,114.0,19.57068576388889,161.395125,174.08,0.1693199,-0.02958012,-9.81,0.0,0.0,-0.1999817
42.94,43.69,42.98999,43.48,43.2749975,14.280749175,5.800018,-0.009180069,0.14994,177.6,1331.0,108.53,12.413463541666665,202.275171875,175.36,-0.009180069,0.14994,-9.81,0.0,0.0,5.800018
46.55,46.48999,46.36,46.25999,46.414995000000005,15.316948350000002,-0.3999939,0.0,0.0,202.4,1490.0,108.44,12.844275173611111,194.022015625,176.64000000000001,0.0,0.0,-9.81,0.0,0.0,-0.3999939
33.27,33.53999,33.319990000000004,33.47,33.399995000000004,11.021998350000002,2.399994,-0.02958012,0.0,191.2,1359.0,106.5,10.03037326388889,126.530703125,177.92000000000002,-0.02958012,0.0,-9.81,0.0,0.0,2.399994
40.41,40.599990000000005,40.44,40.56,40.502497500000004,13.365824175000002,2.300018,0.04997993,0.01937985,193.2,1701.0,110.55,11.125694444444445,214.457546875,179.20000000000002,0.04997993,0.01937985,-9.81,0.0,0.0,2.300018
35.98999,36.95,36.03999,36.92999,36.4774925,12.037572525,10.60001,-0.03978014,0.1795198999999999,155.1,1450.0,130.42,10.378888888888888,152.6523125,180.48,-0.03978014,0.1795198999999999,-9.81,0.0,0.0,10.60001
38.94,39.33,38.89999,39.31999,39.122495,12.91042335,5.0,0.0,0.07956004,183.6,1649.0,128.42,9.946263020833333,118.782578125,181.76,0.0,0.07956004,-9.81,0.0,0.0,5.0
32.03,31.45,32.00999,31.39,31.7199975,10.467599175,-6.100006,0.009180069,-0.13974,239.7,1400.0,127.79,9.069019097222222,116.119625,183.04,0.009180069,-0.13974,-9.81,0.0,0.0,-6.100006
12.77,11.75999,12.81,11.6,12.2349975,4.0375491750000005,-9.899994,-0.1693201,-0.01938009,306.9,1245.0,124.1,0.7155555555555555,113.56609375000001,184.32,-0.1693201,-0.01938009,-9.81,0.0,0.0,-9.899994
0.0,0.0,0.0,0.0,0.0,0.0,-0.2999877999999999,-0.02958012,0.05915999,201.1,759.0,124.62,0.012356770833333329,113.336,185.6,-0.02958012,0.05915999,-9.81,0.0,0.0,-0.2999877999999999
0.0,0.0,0.0,0.0,0.0,0.0,0.0,-0.03978014,0.05915999,201.1,755.0,124.5,0.013138020833333328,113.336,186.88,-0.03978014,0.05915999,-9.81,0.0,0.0,0.0
29.97,29.84,29.86,29.72,29.8475,9.849675000000001,-1.199982,0.1693199,-0.03978014,209.3,1797.0,125.2,11.240651041666666,296.84926562500004,188.16,0.1693199,-0.03978014,-9.81,0.0,0.0,-1.199982
41.53,41.33,41.3,41.36,41.379999999999995,13.655399999999998,0.0,-0.1091398999999999,0.009180069,202.2,1268.0,127.54,7.876098090277777,271.237140625,189.44,-0.1091398999999999,0.009180069,-9.81,0.0,0.0,0.0
51.03999,51.31999,51.06999,51.37999,51.20249,16.8968217,4.0,-0.03978014,0.08976007,188.3,1532.0,114.98,7.214366319444444,184.938140625,190.72,-0.03978014,0.08976007,-9.81,0.0,0.0,4.0
0.0,0.0,0.0,0.0,0.0,0.0,0.0,0.02957988,-0.01938009,0.0,929.0,112.16,0.90171875,205.523453125,192.0,0.02957988,-0.01938009,-9.81,0.0,0.0,0.0
22.42,22.03,22.35,21.99,22.1975,7.325175000000001,-4.299988,0.16014,0.0,228.1,2009.0,105.16,3.4598133680555554,214.48362499999996,193.28,0.16014,0.0,-9.81,0.0,0.0,-4.299988
36.0,34.98999,36.03,35.02,35.509997500000004,11.718299175000002,-9.699982,-0.01938009,-0.13974,242.6,1456.0,106.19,4.011076388888889,251.528453125,194.56,-0.01938009,-0.13974,-9.81,0.0,0.0,-9.699982
22.00999,21.49,21.98,21.41,21.7224975,7.168424175,-5.299988,0.12954,-0.009180069,234.6,1332.0,103.75,6.902452256944445,300.015828125,195.84,0.12954,-0.009180069,-9.81,0.0,0.0,-5.299988
18.35,18.25999,18.25999,18.18999,18.264992499999998,6.0274475249999995,0.2000122,0.07956004,-0.02958012,0.0,1694.0,111.53,8.262083333333333,282.41109374999996,197.12,0.07956004,-0.02958012,-9.81,0.0,0.0,0.2000122
31.97,31.56,32.14999,31.47,31.7874975,10.489874175,-5.0,-0.1193398999999999,-0.04997993,223.7,1274.0,105.4,7.179440104166666,294.19665625,198.4,-0.1193398999999999,-0.04997993,-9.81,0.0,0.0,-5.0
29.33,29.66,29.399990000000003,29.64,29.5074975,9.737474175000001,4.0,0.009180069,0.0397799,181.7,1681.0,107.46,3.7019618055555554,265.98340625000003,199.68,0.009180069,0.0397799,-9.81,0.0,0.0,4.0
29.56999,29.899990000000003,29.50999,29.75,29.682492500000002,9.795222525000002,3.5,0.1091398999999999,0.0397799,181.4,1752.0,112.69,4.218146701388889,243.621078125,200.96,0.1091398999999999,0.0397799,-9.81,0.0,0.0,3.5
31.14,29.34999,30.97,29.039990000000003,30.124995000000002,9.94124835,-20.5,0.02957988,-0.28968,93.0,1759.0,109.11,9.764379340277777,237.948375,202.24,0.02957988,-0.28968,-9.81,0.0,0.0,-20.5
63.84,63.76999,63.53,63.36,63.624997500000006,20.996249175000003,-0.6000061,0.0397799,0.01937985,0.0,2000.0,102.39,13.789461805555556,243.548015625,203.52,0.0397799,0.01937985,-9.81,0.0,0.0,-0.6000061
67.73,67.70999,67.70999,67.67999,67.7074925,22.343472525000003,1.100006,-0.02958012,0.05915999,0.0,1527.0,100.3,13.098151041666666,246.428140625,204.8,-0.02958012,0.05915999,-9.81,0.0,0.0,1.100006
67.98999,67.92,67.94,67.59,67.85999749999999,22.393799174999998,0.0,-0.01938009,0.01937985,0.0,1780.0,98.28,13.330846354166667,247.44021874999999,206.08,-0.01938009,0.01937985,-9.81,0.0,0.0,0.0
64.55,63.89,64.31999,63.53999,64.074995,21.14474835,-5.0,0.04997993,-0.12954,6.399963,1981.0,105.21,13.521610243055557,260.24057812499996,207.36,0.04997993,-0.12954,-9.81,0.0,0.0,-5.0
36.22,36.23,36.31999,36.33,36.2749975,11.970749175,2.5,-0.08976007,0.06936002,0.0,1440.0,96.76,8.886953125,195.86615625000002,208.64000000000001,-0.08976007,0.06936002,-9.81,0.0,0.0,2.5
24.89999,24.56,24.81,24.64999,24.729995,8.16089835,-1.299988,-0.07956004,0.0,0.0,1012.0,93.45,8.53822482638889,212.93940625,209.92000000000002,-0.07956004,0.0,-9.81,0.0,0.0,-1.299988
0.0,0.0,0.0,0.0,0.0,0.0,0.0,0.009180069,0.02957988,0.0,792.0,93.41,7.033307291666667,227.90828125000002,211.20000000000002,0.009180069,0.02957988,-9.81,0.0,0.0,0.0
46.16,45.73,46.05,45.64,45.894999999999996,15.145349999999999,-3.699982,-0.009180069,-0.12954,213.7,1469.0,107.74,10.682109375,238.14054687499998,212.48000000000002,-0.009180069,-0.12954,-9.81,0.0,0.0,-3.699982
46.98999,46.89999,46.86,46.78999,46.884992499999996,15.472047524999999,0.0,0.009180069,-0.009180069,0.0,1508.0,94.57,13.569535590277777,274.81510937499996,213.76,0.009180069,-0.009180069,-9.81,0.0,0.0,0.0
45.84,46.64,45.81999,46.47,46.1924975,15.243524175000001,6.600006,-0.03978014,0.1091398999999999,0.0,1364.0,94.62,13.497513020833335,273.492125,215.04,-0.03978014,0.1091398999999999,-9.81,0.0,0.0,6.600006
46.959990000000005,47.209990000000005,46.78,47.099990000000005,47.01249250000001,15.514122525000003,3.700012,0.04997993,0.009180069,0.0,1946.0,94.95,13.475082465277776,266.75712500000003,216.32,0.04997993,0.009180069,-9.81,0.0,0.0,3.700012
17.25,17.82,17.2,17.8,17.5175,5.780774999999999,5.600006,-0.08976007,0.0,163.7,1261.0,127.25,7.753754340277777,241.60389062500002,217.6,-0.08976007,0.0,-9.81,0.0,0.0,5.600006
1.110001,1.079994,0.9000014999999999,0.8600005999999999,0.9874992749999999,0.32587476075,-1.699982,0.2101199999999999,-0.05915999,399.3,1572.0,128.02,7.166180555555556,222.18559375,218.88,0.2101199999999999,-0.05915999,-9.81,0.0,0.0,-1.699982
41.50999,41.22,41.23999,41.03999,41.2524925,13.613322525000001,-1.899994,0.1091398999999999,-0.04997993,0.0,1736.0,98.55,12.284487847222223,249.18521875,220.16,0.1091398999999999,-0.04997993,-9.81,0.0,0.0,-1.899994
48.98,48.72,48.89,48.34,48.732499999999995,16.081725,-4.5,0.01937985,-0.1091398999999999,7.599976,1975.0,107.15,8.773016493055557,261.552140625,221.44,0.01937985,-0.1091398999999999,-9.81,0.0,0.0,-4.5
14.16,14.12,14.13,14.11,14.13,4.6629000000000005,0.0,0.1193398999999999,0.009180069,200.6,1266.0,128.86,7.581853298611111,265.03782812500003,222.72,0.1193398999999999,0.009180069,-9.81,0.0,0.0,0.0
26.04,26.16,26.07,26.09,26.090000000000003,8.609700000000002,1.300018,0.02957988,0.0,194.3,2059.0,128.54,7.617482638888888,263.030671875,224.0,0.02957988,0.0,-9.81,0.0,0.0,1.300018
20.45,20.53,20.41,20.43999,20.457497500000002,6.750974175000001,0.3999939,-0.07956004,-0.009180069,0.0,1175.0,111.3,7.647100694444445,264.724546875,225.28,-0.07956004,-0.009180069,-9.81,0.0,0.0,0.3999939
27.14,26.99,27.02,26.969990000000003,27.0299975,8.919899175000001,-0.6000061,0.07956004,-0.01938009,0.0,1399.0,112.9,9.751219618055556,221.96300000000002,226.56,0.07956004,-0.01938009,-9.81,0.0,0.0,-0.6000061
36.92,37.23999,36.91,36.89999,36.992495,12.20752335,1.5,-0.01938009,0.009180069,195.7,1493.0,129.35,10.988454861111112,222.374109375,227.84,-0.01938009,0.009180069,-9.81,0.0,0.0,1.5
36.45,36.56,36.42,36.5,36.4825,12.039225000000002,2.0,0.0,0.0397799,192.9,1490.0,129.25,13.15574652777778,219.41740625,229.12,0.0,0.0397799,-9.81,0.0,0.0,2.0
33.42,34.27,33.33,34.14999,33.792497499999996,11.151524174999999,9.100006,-0.02958012,0.26928,136.6,1392.0,129.35,12.5277734375,196.64554687499998,230.4,-0.02958012,0.26928,-9.81,0.0,0.0,9.100006
56.75,56.72,56.64,56.44,56.6375,18.690375000000003,0.0,0.0,-0.02958012,0.0,1736.0,111.49,11.99234375,178.73110937500002,231.68,0.0,-0.02958012,-9.81,0.0,0.0,0.0
11.67,9.349998,10.6,7.839996000000001,9.8649985,3.2554495050000005,-31.69998,-0.08976007,-0.07956004,605.0,1248.0,131.71,8.269960937499999,207.54609375,232.96,-0.08976007,-0.07956004,-9.81,0.0,0.0,-31.69998
55.67,55.31999,55.51999,55.17999,55.422492500000004,18.289422525000003,-2.299988,-0.01938009,-0.03978014,0.0,1793.0,108.37,7.916640624999999,277.93446875,234.24,-0.01938009,-0.03978014,-9.81,0.0,0.0,-2.299988
2.189995,2.879997,1.7900009999999995,2.449997,2.3274974999999998,0.768074175,-8.600006,0.009180069,0.04997993,0.0,851.0,131.99,7.803871527777778,161.911875,235.52,0.009180069,0.04997993,-9.81,0.0,0.0,-8.600006
46.77,46.22,46.81999,46.11,46.479997499999996,15.338399175,-5.600006,-0.04997993,-0.09996009,10.0,1388.0,106.36,9.6335546875,292.04274999999996,236.8,-0.04997993,-0.09996009,-9.81,0.0,0.0,-5.600006
14.49,17.73,13.57999,16.74,15.6349975,5.159549175,36.30002,0.01937985,0.2193,0.0,1629.0,131.45,9.684635416666666,254.70990625000002,238.08,0.01937985,0.2193,-9.81,0.0,0.0,36.30002
30.929990000000004,29.27,30.429990000000004,26.87,29.374995000000002,9.693748350000002,-37.5,-0.02958012,-0.73032,443.4,1767.0,130.84,10.959700520833334,273.68403125000003,239.36,-0.02958012,-0.73032,-9.81,0.0,0.0,-37.5
48.64,48.91,48.59,48.92,48.765,16.09245,3.600006,0.009180069,0.06936002,0.0,2015.0,108.05,10.844292534722221,283.250578125,240.64000000000001,0.009180069,0.06936002,-9.81,0.0,0.0,3.600006
49.84,49.89999,49.81,49.78,49.8324975,16.444724175,0.8999939,0.0,0.009180069,0.0,1587.0,108.45,10.23454861111111,272.8201875,241.92000000000002,0.0,0.009180069,-9.81,0.0,0.0,0.8999939
43.64999,43.53,43.53,43.53,43.5599975,14.374799175000001,0.0,-0.02958012,-0.02958012,0.0,1279.0,109.95,10.062677951388888,242.02670312499998,243.20000000000002,-0.02958012,-0.02958012,-9.81,0.0,0.0,0.0
29.94,30.0,29.899990000000003,29.789990000000003,29.907495,9.869473350000002,-0.1000061,0.09995985,-0.02958012,0.0,1311.0,110.66,4.682339409722222,241.32414062499998,244.48000000000002,0.09995985,-0.02958012,-9.81,0.0,0.0,-0.1000061
45.2,45.12,45.12999,45.03,45.1199975,14.889599174999999,0.1000061,0.0397799,-0.03978014,0.0,1872.0,111.45,9.438012152777777,210.412,245.76,0.0397799,-0.03978014,-9.81,0.0,0.0,0.1000061
25.63,25.61,25.67,25.50999,25.6049975,8.449649175000001,0.0,-0.14994,-0.02958012,203.0,1090.0,130.95,9.543858506944446,205.40162500000002,247.04,-0.14994,-0.02958012,-9.81,0.0,0.0,0.0
36.06999,35.78,36.16,35.78,35.9474975,11.862674175,-3.600006,0.06936002,-0.05915999,217.8,3063.0,131.01,11.652330729166666,249.207578125,248.32,0.06936002,-0.05915999,-9.81,0.0,0.0,-3.600006
39.69,39.58,39.87,39.67,39.7025,13.101825000000002,-1.100006,-0.02958012,-0.01938009,0.0,1218.0,117.43,10.048524305555556,228.43595312500003,249.6,-0.02958012,-0.01938009,-9.81,0.0,0.0,-1.100006
36.58,36.53,36.41,36.45,36.4925,12.042525000000001,0.0,0.0,0.0,200.9,1573.0,130.23,5.582296006944445,232.18721875,250.88,0.0,0.0,-9.81,0.0,0.0,0.0
0.0,0.0,0.0,0.0,0.0,0.0,0.0,0.009180069,0.0,18.5,789.0,119.2,3.4212369791666664,181.39003125,252.16,0.009180069,0.0,-9.81,0.0,0.0,0.0
45.19,45.19,45.17,45.11,45.165000000000006,14.904450000000002,1.200012,0.06936002,0.0,0.0,1898.0,120.78,7.024010416666666,237.70000000000002,253.44,0.06936002,0.0,-9.81,0.0,0.0,1.200012
2.0,2.57,1.6599959999999998,2.25,2.119999,0.69959967,-7.299988000000001,0.0,0.0397799,0.0,913.0,128.15,7.499835069444444,224.985453125,254.72,0.0,0.0397799,-9.81,0.0,0.0,-7.299988000000001
51.7,51.84,52.00999,51.67,51.8049975,17.095649175000002,-1.5,0.009180069,-0.04997993,0.0,1651.0,127.45,11.793320312499999,283.32975,256.0,0.009180069,-0.04997993,-9.81,0.0,0.0,-1.5
31.22,31.20999,31.19,31.129990000000003,31.187495000000002,10.291873350000001,0.1000061,-0.06936002,-0.03978014,202.4,1204.0,121.22,10.996866319444445,287.278234375,257.28000000000003,-0.06936002,-0.03978014,-9.81,0.0,0.0,0.1000061
24.85,25.54,24.82999,25.68,25.2249975,8.324249175,7.899994,-0.1091398999999999,0.1897199,146.4,1092.0,120.19,9.662947048611112,279.16701562500003,258.56,-0.1091398999999999,0.1897199,-9.81,0.0,0.0,7.899994
51.03999,50.8,50.89999,50.62999,50.8424925,16.778022525,-1.899994,0.0,-0.05915999,0.0,1608.0,126.73,10.356762152777778,248.89953125,259.84000000000003,0.0,-0.05915999,-9.81,0.0,0.0,-1.899994
50.59,50.39999,50.44,50.23,50.4149975,16.636949175,-0.6000061,0.01937985,-0.04997993,0.0,1587.0,127.1,12.004561631944444,240.11115625,261.12,0.01937985,-0.04997993,-9.81,0.0,0.0,-0.6000061
51.89999,51.89,51.75999,51.64999,51.7999925,17.093997525000002,0.0,0.01937985,0.0,0.0,1648.0,127.76,12.417287326388887,238.922015625,262.4,0.01937985,0.0,-9.81,0.0,0.0,0.0
37.95,38.14,37.92,38.03,38.010000000000005,12.543300000000002,1.700012,-0.01938009,0.02957988,193.8,1522.0,116.99,11.961731770833333,236.48190624999998,263.68,-0.01938009,0.02957988,-9.81,0.0,0.0,1.700012
29.20999,27.93,29.33,28.06999,28.634995,9.44954835,-11.89999,-0.14994,-0.3202801,295.3,1128.0,116.63,10.929236111111111,261.6461875,264.96,-0.14994,-0.3202801,-9.81,0.0,0.0,-11.89999
46.59,46.56,46.56,46.39,46.525000000000006,15.353250000000003,-0.1999817,0.0,-0.05915999,0.0,1480.0,129.84,11.00407986111111,320.154234375,266.24,0.0,-0.05915999,-9.81,0.0,0.0,-0.1999817
13.96,15.64999,13.87,15.23,14.677497500000001,4.8435741750000005,19.0,0.09995985,0.2396998,14.59998,1386.0,121.63,10.411393229166666,287.36290625000004,267.52,0.09995985,0.2396998,-9.81,0.0,0.0,19.0
51.709990000000005,51.67999,51.73999,51.64,51.6924925,17.058522525,0.2000122,0.0,-0.01938009,0.0,1660.0,132.87,11.263424479166666,272.38921875,268.8,0.0,-0.01938009,-9.81,0.0,0.0,0.2000122
26.50999,29.62,25.67,29.129990000000003,27.732495000000004,9.151723350000001,37.70001,0.0397799,0.4294199999999999,26.20001,1682.0,124.72,10.796063368055556,235.613390625,270.08,0.0397799,0.4294199999999999,-9.81,0.0,0.0,37.70001
38.44,38.709990000000005,38.64,38.62,38.6024975,12.738824175,1.700012,0.0,0.0,0.0,1603.0,127.78,6.430069444444445,213.693671875,271.36,0.0,0.0,-9.81,0.0,0.0,1.700012
9.68,8.059998,8.989998,7.239998,8.4924985,2.802524505,-19.69998,0.16014,-0.1193398999999999,516.8,1392.0,124.62,8.268229166666666,214.80784375,272.64,0.16014,-0.1193398999999999,-9.81,0.0,0.0,-19.69998
28.95,29.06999,28.899990000000003,29.179990000000004,29.024992500000003,9.578247525000002,2.100006,-0.04997993,0.08976007,189.6,1142.0,122.8,9.055737847222222,50.00996875,273.92,-0.04997993,0.08976007,-9.81,0.0,0.0,2.100006
0.0,0.0,0.0,0.0,0.0,0.0,-0.1000061,0.01937985,0.02957988,273.7,789.0,122.27,6.16763454861111,52.95396875,275.2,0.01937985,0.02957988,-9.81,0.0,0.0,-0.1000061
41.709990000000005,41.87,41.39,41.55,41.6299975,13.737899175,2.899994,-0.03978014,0.06936002,0.0,1246.0,112.64,5.473363715277777,143.37482812500002,276.48,-0.03978014,0.06936002,-9.81,0.0,0.0,2.899994
33.48,32.77,33.00999,32.16,32.854997499999996,10.842149175,-8.399994,0.02957988,-0.1693201,29.39996,1411.0,117.66,9.548645833333333,124.57551562500001,277.76,0.02957988,-0.1693201,-9.81,0.0,0.0,-8.399994
38.2,38.48,38.209990000000005,38.25999,38.28749500000001,12.634873350000003,1.600006,-0.03978014,0.02957988,195.6,1498.0,117.52,7.388949652777778,94.38409374999999,279.04,-0.03978014,0.02957988,-9.81,0.0,0.0,1.600006
7.119994999999999,7.1599960000000005,7.099997999999999,7.040000999999999,7.1049975,2.344649175,0.7000122,-0.009180069,-0.009180069,0.0,1131.0,122.35,5.608016493055555,92.980046875,280.32,-0.009180069,-0.009180069,-9.81,0.0,0.0,0.7000122
38.19,38.12,38.09,38.0,38.1,12.573,-1.0,0.0,0.0,206.2,1600.0,115.61,5.842877604166667,260.683734375,281.6,0.0,0.0,-9.81,0.0,0.0,-1.0
1.089996,1.18,1.089996,1.129997,1.12249725,0.37042409249999997,0.7000122,0.0397799,-0.01938009,0.0,1046.0,123.73,4.276111111111112,258.188328125,282.88,0.0397799,-0.01938009,-9.81,0.0,0.0,0.7000122
22.34,22.25999,22.39,22.37,22.339997500000003,7.372199175000001,-0.1000061,-0.12954,0.0,203.9,1264.0,115.07,2.9013585069444447,254.782921875,284.16,-0.12954,0.0,-9.81,0.0,0.0,-0.1000061
30.34,30.31,30.25999,30.00999,30.229995,9.97589835,-0.1999817,0.1193398999999999,-0.02958012,0.0,2622.0,124.72,4.716189236111111,230.28982812499999,285.44,0.1193398999999999,-0.02958012,-9.81,0.0,0.0,-0.1999817
48.349990000000005,48.48,48.41,48.45,48.422497500000006,15.979424175000002,0.2000122,0.0,-0.009180069,0.0,1555.0,125.39,6.679878472222223,244.108875,286.72,0.0,-0.009180069,-9.81,0.0,0.0,0.2000122
48.62,48.62999,48.53999,48.50999,48.57499250000001,16.029747525000005,0.3000183,0.01937985,-0.03978014,0.0,1533.0,125.4,8.355963541666668,221.22515625000003,288.0,0.01937985,-0.03978014,-9.81,0.0,0.0,0.3000183
48.45,48.7,48.349990000000005,48.31999,48.454995000000004,15.990148350000002,2.300018,0.0,0.009180069,0.0,1550.0,125.63,9.867243923611113,199.123265625,289.28000000000003,0.0,0.009180069,-9.81,0.0,0.0,2.300018
51.06999,51.099990000000005,51.14,51.14999,51.1149925,16.867947525,0.0,-0.02958012,0.009180069,202.2,1511.0,122.61,10.814605034722222,147.698453125,290.56,-0.02958012,0.009180069,-9.81,0.0,0.0,0.0
33.64,33.8,33.55,33.599990000000005,33.6474975,11.103674175,1.5,-0.1193398999999999,0.0,194.9,1332.0,118.36,8.71197048611111,138.01187499999997,291.84000000000003,-0.1193398999999999,0.0,-9.81,0.0,0.0,1.5
35.31,35.06,35.41,35.12999,35.2274975,11.625074175,-1.899994,-0.02958012,-0.04997993,0.3999634,1377.0,124.51,9.368745659722222,139.87046875,293.12,-0.02958012,-0.04997993,-9.81,0.0,0.0,-1.899994
34.62,34.45,34.64999,34.48999,34.552495,11.402323350000001,-0.1999817,-0.02958012,-0.01938009,0.0,1364.0,123.73,9.335338541666667,132.120046875,294.40000000000003,-0.02958012,-0.01938009,-9.81,0.0,0.0,-0.1999817
60.39999,59.66,60.09999000000001,59.28,59.859995000000005,19.753798350000004,-8.199982,-0.009180069,-0.1897202,35.59998,1864.0,87.05,13.154457465277776,189.402625,295.68,-0.009180069,-0.1897202,-9.81,0.0,0.0,-8.199982
46.28,46.27,46.45,46.23999,46.3099975,15.282299175,0.3000183,-0.009180069,0.0,200.4,1423.0,119.67,14.360203993055555,228.424546875,296.96,-0.009180069,0.0,-9.81,0.0,0.0,0.3000183
38.95,38.89,38.83,38.75,38.855000000000004,12.822150000000002,0.3999939,0.0,-0.009180069,0.0,1631.0,123.29,14.236822916666666,160.41171874999998,298.24,0.0,-0.009180069,-9.81,0.0,0.0,0.3999939
47.39,47.33,47.42999,47.23999,47.347495,15.624673350000002,-1.399994,0.01937985,-0.009180069,205.9,1524.0,119.17,14.324075520833333,191.934625,299.52,0.01937985,-0.009180069,-9.81,0.0,0.0,-1.399994
76.51999,76.75,76.31999,76.59,76.544995,25.259848350000002,2.800018,0.02957988,0.04997993,2.399963,1926.0,90.74,13.24454861111111,226.610375,300.8,0.02957988,0.04997993,-9.81,0.0,0.0,2.800018
75.03999,75.12999,74.97,74.86,74.999995,24.749998350000002,0.3000183,-0.04997993,-0.01938009,9.200012,1802.0,91.62,13.516944444444446,200.01751562500002,302.08,-0.04997993,-0.01938009,-9.81,0.0,0.0,0.3000183
30.69,30.45,30.33,30.44,30.4775,10.057575,-2.0,-0.01938009,-0.07956004,5.0,1215.0,122.25,9.212651909722222,63.4068125,303.36,-0.01938009,-0.07956004,-9.81,0.0,0.0,-2.0
61.3,61.39,61.36,61.37999,61.3574975,20.247974175,0.0,-0.05915999,-0.01938009,9.599976,1481.0,95.03,7.271762152777777,68.385734375,304.64,-0.05915999,-0.01938009,-9.81,0.0,0.0,0.0
20.78,21.23,20.74,21.11,20.965,6.91845,4.800018,0.1091398999999999,0.0,0.0,1945.0,123.03,8.760208333333333,38.208875,305.92,0.1091398999999999,0.0,-9.81,0.0,0.0,4.800018
0.0,0.0,0.0,0.0,0.0,0.0,0.0,-0.009180069,0.009180069,203.9,762.0,115.87,8.927322048611112,36.9235,307.2,-0.009180069,0.009180069,-9.81,0.0,0.0,0.0
0.0,0.0,0.0,0.0,0.0,0.0,0.0,0.0,0.009180069,203.9,757.0,116.45,8.185572916666665,127.243328125,308.48,0.0,0.009180069,-9.81,0.0,0.0,0.0
69.17,69.42,68.97,69.20999,69.1924975,22.833524175,3.700012,0.0,0.1193398999999999,0.0,1724.0,91.52,8.343897569444444,173.49803125,309.76,0.0,0.1193398999999999,-9.81,0.0,0.0,3.700012
75.98,75.89,75.83,75.56999,75.8174975,25.019774175000002,-1.399994,0.0397799,0.009180069,10.79999,2333.0,93.06,10.51763888888889,127.33456250000002,311.04,0.0397799,0.009180069,-9.81,0.0,0.0,-1.399994
72.37999,71.75999,72.17999,71.5,71.9549925,23.745147525000004,-4.299988,0.009180069,-0.12954,21.89996,2168.0,93.8,10.318763020833334,127.747625,312.32,0.009180069,-0.12954,-9.81,0.0,0.0,-4.299988
36.78999,36.81,36.83,36.75,36.7949975,12.142349175000001,-0.1000061,-0.009180069,0.0,0.0,1461.0,128.23,9.782877604166668,131.357015625,313.6,-0.009180069,0.0,-9.81,0.0,0.0,-0.1000061
72.39999,72.78999,71.95,72.42999,72.3924925,23.889522525000004,5.600006,0.04997993,0.1193398999999999,0.0,2314.0,93.71,10.851566840277776,124.9688125,314.88,0.04997993,0.1193398999999999,-9.81,0.0,0.0,5.600006
20.24,20.88,20.18,20.7,20.5,6.765000000000001,6.399994,0.1193398999999999,0.0,0.0,1882.0,129.65,10.571705729166666,209.491921875,316.16,0.1193398999999999,0.0,-9.81,0.0,0.0,6.399994
27.41,27.27,27.25,27.149990000000003,27.269997500000002,8.999099175000001,-1.699982,0.02957988,-0.02958012,1.0,1713.0,129.18,10.110733506944445,208.698390625,317.44,0.02957988,-0.02958012,-9.81,0.0,0.0,-1.699982
16.21999,15.97,16.35,15.96,16.1249975,5.321249175,-3.0,-0.13974,-0.08976007,28.5,1251.0,128.23,7.768975694444444,206.97806250000002,318.72,-0.13974,-0.08976007,-9.81,0.0,0.0,-3.0
0.0,0.0,0.0,0.0,0.0,0.0,0.0,0.0,-0.01938009,188.4,793.0,116.48,9.438828125,234.100984375,320.0,0.0,-0.01938009,-9.81,0.0,0.0,0.0
25.59,25.59,25.54,25.57,25.572499999999998,8.438925,0.0,-0.009180069,-0.009180069,0.0,1266.0,128.26,9.518719618055556,237.23715625000003,321.28000000000003,-0.009180069,-0.009180069,-9.81,0.0,0.0,0.0
88.19,88.00999,87.87,87.69,87.9399975,29.020199175000002,-0.3999939,-0.03978014,-0.009180069,10.20001,2173.0,100.99,9.565321180555555,102.5841875,322.56,-0.03978014,-0.009180069,-9.81,0.0,0.0,-0.3999939
23.0,23.06,22.8,23.07,22.9825,7.584225000000001,1.600006,0.07956004,0.12954,0.0,2090.0,129.97,12.497760416666667,74.654765625,323.84000000000003,0.07956004,0.12954,-9.81,0.0,0.0,1.600006
14.42,15.5,14.68,15.50999,15.0274975,4.9590741750000005,11.60001,-0.14994,0.1897199,0.0,1250.0,129.21,11.377825520833332,83.448515625,325.12,-0.14994,0.1897199,-9.81,0.0,0.0,11.60001
78.98999,79.03999,79.00999,78.73,78.94249250000001,26.051022525000008,-0.1000061,-0.03978014,-0.01938009,11.0,1955.0,83.51,10.281019965277778,198.01582812500004,326.40000000000003,-0.03978014,-0.01938009,-9.81,0.0,0.0,-0.1000061
79.19,79.45999,79.14999,79.0,79.199995,26.13599835,3.200012,0.0,0.07956004,0.0,2034.0,82.46,10.11150173611111,181.949734375,327.68,0.0,0.07956004,-9.81,0.0,0.0,3.200012
40.48999,40.349990000000005,40.42999,40.28999,40.38999,13.3286967,-0.6000061,0.04997993,-0.03978014,0.0,2353.0,136.32,13.121827256944446,127.05782812500001,328.96,0.04997993,-0.03978014,-9.81,0.0,0.0,-0.6000061
44.67,44.56,44.75,44.39999,44.594997500000005,14.716349175000003,-1.199982,-0.009180069,-0.06936002,0.0,1851.0,135.08,14.928159722222222,124.48540625000001,330.24,-0.009180069,-0.06936002,-9.81,0.0,0.0,-1.199982
45.959990000000005,45.75,45.92,45.75999,45.84749500000001,15.129673350000004,0.0,-0.009180069,-0.03978014,0.0,1463.0,134.1,14.877838541666666,122.9515,331.52,-0.009180069,-0.03978014,-9.81,0.0,0.0,0.0
64.78,64.78999,64.81999,64.59,64.74499500000002,21.365848350000007,0.3999939,0.0,0.009180069,199.9,1612.0,111.71,14.712743055555555,140.73509375,332.8,0.0,0.009180069,-9.81,0.0,0.0,0.3999939
15.53,15.63,15.63,15.6,15.5975,5.147175000000001,0.2000122,-0.2101199999999999,0.0,0.0,1238.0,126.4,12.362278645833333,238.335484375,334.08,-0.2101199999999999,0.0,-9.81,0.0,0.0,0.2000122
69.53999,69.69,69.17,69.0,69.3499975,22.885499175,0.5,0.009180069,0.0,7.299988000000001,2131.0,99.91,12.276710069444444,116.071328125,335.36,0.009180069,0.0,-9.81,0.0,0.0,0.5
63.00999,62.98999,62.98,63.03,63.002494999999996,20.79082335,0.7000122,-0.02958012,0.01937985,199.4,1521.0,100.48,14.951692708333333,97.599171875,336.64,-0.02958012,0.01937985,-9.81,0.0,0.0,0.7000122
63.73,63.73,62.84,62.98999,63.322497500000004,20.896424175000003,0.2000122,-0.04997993,0.01937985,199.4,1511.0,98.64,16.027065972222225,96.67320312499999,337.92,-0.04997993,0.01937985,-9.81,0.0,0.0,0.2000122
63.53999,63.64,63.67,63.42,63.5674975,20.977274175,0.1000061,-0.03978014,0.01937985,200.8,1538.0,96.72,16.694296875,96.313953125,339.2,-0.03978014,0.01937985,-9.81,0.0,0.0,0.1000061
80.15999000000002,79.95,79.95,79.59999,79.914995,26.371948350000004,-0.2999878,-0.01938009,0.009180069,10.79999,1981.0,102.74,17.101996527777775,92.123765625,340.48,-0.01938009,0.009180069,-9.81,0.0,0.0,-0.2999878
39.03999,38.92,39.03999,38.64,38.909995,12.840298350000001,-3.3999940000000004,0.07956004,0.0,210.4,1649.0,93.79,14.81775607638889,90.69214062500001,341.76,0.07956004,0.0,-9.81,0.0,0.0,-3.3999940000000004
72.41,72.37999,72.17,72.19,72.2874975,23.854874175000003,1.399994,-0.02958012,0.01937985,3.0,1805.0,109.36,15.221558159722221,80.93296875,343.04,-0.02958012,0.01937985,-9.81,0.0,0.0,1.399994
46.98999,46.92,46.8,46.62,46.8324975,15.454724175,-0.2999877999999999,0.0,-0.01938009,0.0,1809.0,125.28,15.420338541666666,151.00159374999998,344.32,0.0,-0.01938009,-9.81,0.0,0.0,-0.2999877999999999
78.34,78.45999,78.03,78.12,78.2374975,25.818374175000002,2.0,0.02957988,0.0397799,2.899963,1970.0,108.67,16.511848958333335,189.99515624999998,345.6,0.02957988,0.0397799,-9.81,0.0,0.0,2.0
61.0,61.00999,61.06,60.87999,60.987495,20.125873350000003,0.7000122,0.009180069,0.0,199.5,1852.0,95.22,17.16151475694444,185.129859375,346.88,0.009180069,0.0,-9.81,0.0,0.0,0.7000122
60.45,60.50999,60.42999,60.5,60.472495,19.955923350000003,1.5,0.0,0.02957988,196.7,1583.0,95.81,15.751202256944444,184.25034374999998,348.16,0.0,0.02957988,-9.81,0.0,0.0,1.5
91.95,91.95999,91.94,91.61,91.8649975,30.315449175,0.0,-0.05915999,-0.009180069,10.09998,2274.0,103.84,16.997339409722223,179.287578125,349.44,-0.05915999,-0.009180069,-9.81,0.0,0.0,0.0
83.89,83.87999,83.86,83.5,83.7824975,27.648224175000003,-0.6000061,-0.02958012,-0.03978014,11.5,2086.0,89.88,16.80103732638889,181.843296875,350.72,-0.02958012,-0.03978014,-9.81,0.0,0.0,-0.6000061
81.05,80.73,81.00999,80.34999,80.784995,26.65904835,-3.100006,-0.01938009,-0.07956004,18.39996,2012.0,88.29,17.663697916666667,183.42403124999998,352.0,-0.01938009,-0.07956004,-9.81,0.0,0.0,-3.100006
50.58,50.62999,50.51999,50.42999,50.539992500000004,16.678197525,0.0,0.01937985,0.0,0.0,1651.0,128.81,17.73683159722222,181.81050000000002,353.28000000000003,0.01937985,0.0,-9.81,0.0,0.0,0.0
59.98,59.84,59.66,59.41,59.7225,19.708425,-1.100006,0.0,-0.04997993,207.0,1560.0,89.47,18.100034722222222,189.60168750000003,354.56,0.0,-0.04997993,-9.81,0.0,0.0,-1.100006
84.89999,85.20999,84.86,85.06,85.007495,28.052473350000003,3.5,0.0,0.08976007,0.7999878,2100.0,86.76,17.75942274305556,191.46560937499999,355.84000000000003,0.0,0.08976007,-9.81,0.0,0.0,3.5
59.97,59.94,59.849990000000005,59.56,59.829997500000005,19.743899175000003,-0.3999939,0.0,-0.009180069,202.8,1549.0,90.19,17.038333333333334,186.96825,357.12,0.0,-0.009180069,-9.81,0.0,0.0,-0.3999939
59.83,59.709990000000005,59.75,59.73999,59.757495,19.71997335,-0.1999817,0.009180069,0.0,202.2,1556.0,91.15,14.62562934027778,182.88456250000002,358.40000000000003,0.009180069,0.0,-9.81,0.0,0.0,-0.1999817
72.14,72.48,72.17999,72.26999,72.267495,23.84827335,2.700012,-0.04997993,0.06936002,2.0,1752.0,90.97,12.792421875,191.023453125,359.68,-0.04997993,0.06936002,-9.81,0.0,0.0,2.700012
58.11,58.06,57.69,57.50999,57.84249750000001,19.088024175000005,0.3000183,-0.03978014,0.0,200.5,1409.0,95.58,13.570889756944442,204.93856250000002,360.96,-0.03978014,0.0,-9.81,0.0,0.0,0.3000183
69.81999,69.84,69.75999,69.53,69.737495,23.01337335,-0.1000061,0.009180069,-0.009180069,11.29999,1750.0,91.81,11.777916666666666,205.430734375,362.24,0.009180069,-0.009180069,-9.81,0.0,0.0,-0.1000061
0.0,0.0,0.0,0.0,0.0,0.0,-0.1999817,0.0397799,-0.009180069,204.4,795.0,99.57,10.072348090277776,205.11834375,363.52,0.0397799,-0.009180069,-9.81,0.0,0.0,-0.1999817
39.87999,39.89999,39.95,39.89,39.904995,13.16864835,-0.2999877999999999,-0.009180069,0.01937985,0.0,1717.0,130.2,10.115620659722222,212.39239062500002,364.8,-0.009180069,0.01937985,-9.81,0.0,0.0,-0.2999877999999999
73.50999,73.36,73.19,72.76999,73.207495,24.158473349999998,-1.600006,0.06936002,-0.009180069,13.89996,2235.0,97.88,9.630590277777777,211.04667187500002,366.08,0.06936002,-0.009180069,-9.81,0.0,0.0,-1.600006
0.0,0.0,0.0,0.0,0.0,0.0,-0.1000061,0.02957988,-0.009180069,204.0,786.0,102.01,8.236519097222223,208.61039062500004,367.36,0.02957988,-0.009180069,-9.81,0.0,0.0,-0.1000061
0.0,0.0,0.0,0.0,0.0,0.0,-0.1999817,0.02957988,0.0,204.0,799.0,102.08,8.84626736111111,211.36753125,368.64,0.02957988,0.0,-9.81,0.0,0.0,-0.1999817
8.439995,9.799995,8.209999,9.549995,8.999996,2.96999868,14.39999,0.009180069,0.05915999,0.0,1269.0,128.86,9.756514756944444,202.76559375,369.92,0.009180069,0.05915999,-9.81,0.0,0.0,14.39999
13.14999,12.81,13.12,12.73,12.9524975,4.274324175,-3.699982,0.0,0.0,11.70001,1772.0,128.71,10.309878472222222,202.18034375000002,371.2,0.0,0.0,-9.81,0.0,0.0,-3.699982
98.64,98.65999,98.45999,98.28,98.509995,32.508298350000004,0.5,0.01937985,0.009180069,8.099976,2446.0,103.4,11.466623263888888,194.63985937500001,372.48,0.01937985,0.009180069,-9.81,0.0,0.0,0.5
92.06999,92.37,91.81999,91.92,92.04499500000001,30.374848350000008,3.600006,0.01937985,0.08976007,0.0,2290.0,110.13,13.952738715277777,198.815359375,373.76,0.01937985,0.08976007,-9.81,0.0,0.0,3.600006
91.12999,91.15999,91.09,90.87,91.06249500000001,30.050623350000006,0.8000183000000001,0.02957988,-0.01938009,8.299988,2262.0,112.3,14.722703993055553,194.230484375,375.04,0.02957988,-0.01938009,-9.81,0.0,0.0,0.8000183000000001
51.37999,51.37,51.55,51.37,51.417497499999996,16.967774175,0.3000183,0.009180069,-0.01938009,201.6,1668.0,104.27,15.115412326388888,178.98095312499998,376.32,0.009180069,-0.01938009,-9.81,0.0,0.0,0.3000183
40.3,40.48,40.19,40.3,40.317499999999995,13.304775,1.800018,-0.009180069,0.09995985,0.0,1645.0,125.72,12.65234375,180.29959375,377.6,-0.009180069,0.09995985,-9.81,0.0,0.0,1.800018
38.75999,38.69,38.56999,38.53999,38.639992500000005,12.751197525000002,0.2000122,0.01937985,0.0397799,0.0,1635.0,126.86,11.658719618055557,175.78134375000002,378.88,0.01937985,0.0397799,-9.81,0.0,0.0,0.2000122
48.27,48.22,48.2,48.2,48.2225,15.913425,0.7000122,0.02957988,-0.01938009,8.5,1940.0,130.62,12.31451388888889,176.2375,380.16,0.02957988,-0.01938009,-9.81,0.0,0.0,0.7000122
10.52,11.38,10.41,11.28,10.8975,3.5961750000000006,9.0,-0.12954,0.05915999,0.0,1259.0,129.59,10.023927951388888,171.674921875,381.44,-0.12954,0.05915999,-9.81,0.0,0.0,9.0
8.709999,10.03,8.129997,9.649994,9.129997499999998,3.0128991749999994,17.10001,0.09995985,0.1193398999999999,0.0,1729.0,129.75,9.579769965277778,159.29865625000002,382.72,0.09995985,0.1193398999999999,-9.81,0.0,0.0,17.10001
55.2,55.09,55.16,54.87,55.08,18.1764,-1.0,-0.02958012,0.0,204.8,1677.0,98.13,12.258906249999999,179.447046875,384.0,-0.02958012,0.0,-9.81,0.0,0.0,-1.0
45.64999,45.81,45.62999,45.61,45.674994999999996,15.07274835,0.8999939,-0.02958012,0.01937985,5.899963,1388.0,132.44,12.171736111111112,175.47367187499998,385.28000000000003,-0.02958012,0.01937985,-9.81,0.0,0.0,0.8999939
31.50999,32.23,31.45999,32.09,31.822495,10.50142335,6.399994,0.0,0.07956004,0.0,1397.0,131.45,11.804583333333333,166.65553125000002,386.56,0.0,0.07956004,-9.81,0.0,0.0,6.399994
56.72,56.72,56.75999,56.56999,56.692495,18.70852335,0.3000183,-0.02958012,0.0,201.6,1677.0,94.71,11.361870659722221,169.36287500000003,387.84000000000003,-0.02958012,0.0,-9.81,0.0,0.0,0.3000183
23.55,24.50999,23.39,24.56,24.0024975,7.920824175000001,12.5,0.07956004,0.02957988,0.0,1462.0,136.02,7.519166666666665,57.349000000000004,389.12,0.07956004,0.02957988,-9.81,0.0,0.0,12.5
3.199997,2.879997,3.110001,2.739998,2.98249825,0.9842244225,-3.799988,-0.03978014,-0.02958012,175.4,857.0,136.63,5.510108506944444,113.13371875000001,390.40000000000003,-0.03978014,-0.02958012,-9.81,0.0,0.0,-3.799988
5.649994,5.689995,5.629997,5.659996,5.6574955,1.866973515,0.3000183,0.009180069,-0.009180069,192.8,842.0,78.82,8.500208333333333,73.847078125,391.68,0.009180069,-0.009180069,-9.81,0.0,0.0,0.3000183
5.25,5.32,5.25,5.309998,5.2824995,1.7432248350000001,0.8999939,-0.02958012,-0.02958012,177.4,952.0,78.59,9.5083203125,151.398984375,392.96000000000004,-0.02958012,-0.02958012,-9.81,0.0,0.0,0.8999939
31.929990000000004,31.81,31.95999,31.78,31.869995000000003,10.517098350000001,-0.5,0.0,-0.03978014,0.0,1712.0,133.41,9.652777777777777,164.372734375,394.24,0.0,-0.03978014,-9.81,0.0,0.0,-0.5
24.41,24.0,24.38,23.91,24.174999999999997,7.9777499999999995,-4.5,0.0,-0.07956004,21.09998,1442.0,132.65,7.01986111111111,223.280890625,395.52,0.0,-0.07956004,-9.81,0.0,0.0,-4.5
26.06,25.50999,25.93,25.41,25.7274975,8.490074175,-5.0,0.01937985,-0.07956004,20.29999,1552.0,132.44,9.717756076388888,243.41120312500001,396.8,0.01937985,-0.07956004,-9.81,0.0,0.0,-5.0
90.95,90.87999,90.59999,90.25,90.669995,29.92109835,0.8000183000000001,0.009180069,0.0,8.799988,2796.0,127.74,10.903437499999999,254.968359375,398.08,0.009180069,0.0,-9.81,0.0,0.0,0.8000183000000001
0.0,0.0,0.0,0.0,0.0,0.0,0.0,-0.01938009,0.05915999,233.3,868.0,132.97,11.092269965277778,222.61121875,399.36,-0.01938009,0.05915999,-9.81,0.0,0.0,0.0
91.14,91.26999,91.11,90.92999,91.112495,30.06712335,2.100006,-0.05915999,0.04997993,4.799988,2256.0,124.67,11.693563368055555,210.85862500000002,400.64,-0.05915999,0.04997993,-9.81,0.0,0.0,2.100006
36.87,35.86,36.86,35.7,36.3225,11.986425,-9.699982,0.0397799,-0.12954,234.8,2069.0,78.59,11.531358506944445,223.508734375,401.92,0.0397799,-0.12954,-9.81,0.0,0.0,-9.699982
83.12999,83.14999,83.03999,82.8,83.0299925,27.399897525000004,0.1000061,0.01937985,0.009180069,8.700012,2073.0,124.82,13.27267361111111,53.060421875,403.2,0.01937985,0.009180069,-9.81,0.0,0.0,0.1000061
86.98,86.83,87.17999,86.51999,86.87749500000001,28.669573350000004,-1.699982,0.01937985,-0.07956004,16.59998,2168.0,124.67,15.002777777777776,55.554874999999996,404.48,0.01937985,-0.07956004,-9.81,0.0,0.0,-1.699982
23.54,24.25,23.46999,24.07999,23.834995,7.86554835,7.5,0.01937985,0.1693199,0.0,1429.0,131.98,18.028958333333332,78.87662499999999,405.76,0.01937985,0.1693199,-9.81,0.0,0.0,7.5
77.69,77.67999,77.58,77.39999,77.587495,25.603873350000004,-0.2999877999999999,0.0,0.0,202.3,1925.0,76.58,18.26419704861111,71.20684374999999,407.04,0.0,0.0,-9.81,0.0,0.0,-0.2999877999999999
77.92999,77.89,77.89,77.59,77.8249975,25.682249175,0.6000061,0.0,-0.009180069,202.2,1939.0,76.33,17.491857638888888,71.414,408.32,0.0,-0.009180069,-9.81,0.0,0.0,0.6000061
25.57999,25.48,25.68,25.5,25.5599975,8.434799175,-1.199982,-0.09996009,-0.009180069,0.0,1288.0,131.53,17.747868923611108,51.73001562500001,409.6,-0.09996009,-0.009180069,-9.81,0.0,0.0,-1.199982
17.74,18.49,17.71,18.50999,18.1124975,5.977124175,7.600006,-0.1999198999999999,0.04997993,0.0,1251.0,130.39,16.226592881944445,46.607984375,410.88,-0.1999198999999999,0.04997993,-9.81,0.0,0.0,7.600006
85.28,85.83,85.06,85.58,85.4375,28.194375,6.600006,-0.02958012,0.28968,0.0,2128.0,102.52,17.061141493055555,55.470656250000005,412.16,-0.02958012,0.28968,-9.81,0.0,0.0,6.600006
84.2,84.64,84.00999,84.28999,84.284995,27.81404835,5.700012,0.009180069,0.2295001,0.0,2095.0,102.19,17.70154513888889,53.785921875,413.44,0.009180069,0.2295001,-9.81,0.0,0.0,5.700012
35.25999,35.2,35.23999,35.14,35.209995000000006,11.619298350000003,-0.1999817,-0.009180069,-0.02958012,0.0,1456.0,124.66,18.051453993055556,54.470859374999996,414.72,-0.009180069,-0.02958012,-9.81,0.0,0.0,-0.1999817
93.39999,93.45,93.12999,92.67,93.162495,30.743623350000004,0.7000122,-0.009180069,-0.009180069,9.0,2326.0,98.92,19.245703125,49.951015625,416.0,-0.009180069,-0.009180069,-9.81,0.0,0.0,0.7000122
92.19,92.22,92.20999,92.01999,92.15999500000001,30.412798350000003,0.5,-0.03978014,0.0,8.299988,2285.0,97.48,18.982725694444444,47.907390625000005,417.28000000000003,-0.03978014,0.0,-9.81,0.0,0.0,0.5
76.62,76.61,76.48,76.23999,76.48749750000002,25.240874175000005,0.0,0.02957988,0.0,202.4,1958.0,76.45,15.266618923611112,179.64082812499998,418.56,0.02957988,0.0,-9.81,0.0,0.0,0.0
42.8,43.94,42.7,43.77,43.3025,14.289825,12.5,0.05915999,0.21012,0.0,1852.0,97.45,13.224874131944446,207.3185625,419.84000000000003,0.05915999,0.21012,-9.81,0.0,0.0,12.5
52.34999000000001,52.51999,52.09,52.39999,52.33999250000001,17.272197525000003,3.899994,0.12954,0.04997993,2.200012,2117.0,97.12,15.140598958333332,204.58071875,421.12,0.12954,0.04997993,-9.81,0.0,0.0,3.899994
33.66,33.52,33.61,33.39,33.545,11.06985,-1.399994,0.1091398999999999,-0.05915999,0.0,1950.0,115.28,15.887968749999999,206.84368750000002,422.40000000000003,0.1091398999999999,-0.05915999,-9.81,0.0,0.0,-1.399994
75.97,75.98999,75.91,75.75999,75.907495,25.04947335,0.0,0.01937985,-0.009180069,202.4,1891.0,76.43,16.414639756944446,209.07021875,423.68,0.01937985,-0.009180069,-9.81,0.0,0.0,0.0
66.98999,66.73999,66.89999,66.56999,66.79999000000001,22.043996700000005,-1.299988,0.01937985,0.01937985,12.0,1798.0,95.52,14.9676171875,205.258625,424.96000000000004,0.01937985,0.01937985,-9.81,0.0,0.0,-1.299988
72.36,72.19,72.25999,71.95,72.1899975,23.822699175000004,-1.299988,-0.02958012,0.0,204.2,1730.0,87.69,14.008671875000001,67.871484375,426.24,-0.02958012,0.0,-9.81,0.0,0.0,-1.299988
25.37,25.43,25.42,25.32999,25.3874975,8.377874175,0.5,0.009180069,0.0,0.0,1553.0,110.3,10.090989583333332,195.406859375,427.52,0.009180069,0.0,-9.81,0.0,0.0,0.5
0.0,0.0,0.0,0.0,0.0,0.0,0.1000061,-0.02958012,0.0,181.5,800.0,85.94,10.164565972222222,190.86201562500003,428.8,-0.02958012,0.0,-9.81,0.0,0.0,0.1000061
18.75,19.67,18.63,19.55,19.15,6.3195,10.39999,0.06936002,0.05915999,0.0,1710.0,109.2,9.3508203125,160.54643750000002,430.08,0.06936002,0.05915999,-9.81,0.0,0.0,10.39999
0.0,0.0,0.0,0.0,0.0,0.0,0.0,-0.02958012,0.0,181.5,777.0,86.04,8.221866319444445,163.7398125,431.36,-0.02958012,0.0,-9.81,0.0,0.0,0.0
42.39,42.61,42.42,42.25999,42.4199975,13.998599175,-1.299988,-0.1693201,-0.009180069,13.79999,1274.0,89.25,5.971480034722223,173.11590625000002,432.64,-0.1693201,-0.009180069,-9.81,0.0,0.0,-1.299988
24.38,24.38,24.46999,24.32,24.387497500000002,8.047874175,-0.1999817,-0.29988,0.0,12.59998,1278.0,89.2,4.940759548611112,165.981515625,433.92,-0.29988,0.0,-9.81,0.0,0.0,-0.1999817
44.459990000000005,45.37,44.47,45.28,44.8949975,14.815349175000001,8.600006,-0.02958012,0.2396998,166.0,1370.0,81.86,8.094991319444444,192.099421875,435.2,-0.02958012,0.2396998,-9.81,0.0,0.0,8.600006
60.28,60.3,59.89999,59.92999,60.102495,19.83382335,0.2000122,0.009180069,0.04997993,7.099976,1941.0,92.59,12.955690104166667,272.17959375,436.48,0.009180069,0.04997993,-9.81,0.0,0.0,0.2000122
64.5,64.34,64.12,63.73999,64.1749975,21.177749175000002,-2.0,0.05915999,-0.08976007,15.5,2018.0,93.21,13.408580729166665,166.222359375,437.76,0.05915999,-0.08976007,-9.81,0.0,0.0,-2.0
0.8199996999999999,0.9899979,0.0,0.9199982,0.68249895,0.22522465350000004,-2.600006,0.05915999,0.009180069,0.0,847.0,105.93,12.97363715277778,207.893421875,439.04,0.05915999,0.009180069,-9.81,0.0,0.0,-2.600006
79.09999,79.2,78.97,78.94,79.0524975,26.087324175000003,2.100006,0.01937985,0.05915999,195.4,1963.0,73.25,13.994939236111112,234.50817187500002,440.32,0.01937985,0.05915999,-9.81,0.0,0.0,2.100006
21.78,22.39,21.84,22.39,22.1,7.293000000000001,6.0,0.0,0.08976007,0.0,1254.0,108.6,14.175390625,209.70550000000003,441.6,0.0,0.08976007,-9.81,0.0,0.0,6.0
75.76999,75.62999,75.84999,75.42999,75.66999000000001,24.971096700000004,-1.299988,0.01937985,-0.009180069,205.6,1892.0,83.52,13.21767361111111,211.21571875,442.88,0.01937985,-0.009180069,-9.81,0.0,0.0,-1.299988
77.44,77.41,77.25,76.86,77.24,25.4892,-0.1999817,0.02957988,0.0,201.9,1972.0,84.13,14.50853298611111,197.531109375,444.16,0.02957988,0.0,-9.81,0.0,0.0,-0.1999817
64.67999,64.78,64.37999,64.42999,64.56749250000001,21.307272525000005,1.100006,-0.04997993,0.01937985,8.200012,1594.0,93.43,13.38755642361111,190.16026562500002,445.44,-0.04997993,0.01937985,-9.81,0.0,0.0,1.100006
41.52,43.16,41.53999,42.84,42.26499750000001,13.947449175000003,14.300020000000002,-0.1693201,0.28968,145.0,1262.0,85.49,10.428823784722223,176.63421875,446.72,-0.1693201,0.28968,-9.81,0.0,0.0,14.300020000000002
46.08,45.11,45.95,44.98999,45.5324975,15.025724175,-8.899994,-0.05915999,-0.21012,45.79999,1353.0,91.83,8.722877604166667,184.745828125,448.0,-0.05915999,-0.21012,-9.81,0.0,0.0,-8.899994
47.08,45.83,46.959990000000005,45.7,46.392497500000005,15.309524175000002,-12.39999,-0.009180069,-0.2499001,247.7,1894.0,86.09,9.628090277777778,182.55731250000002,449.28000000000003,-0.009180069,-0.2499001,-9.81,0.0,0.0,-12.39999
54.76999,54.83,54.67,54.64999,54.729995,18.060898350000002,0.8999939,-0.04997993,0.01937985,5.899963,1531.0,89.82,9.406345486111112,236.75726562499997,450.56,-0.04997993,0.01937985,-9.81,0.0,0.0,0.8999939
57.83,57.86,57.62,57.47,57.695,19.039350000000002,0.3000183,-0.04997993,-0.009180069,9.5,1734.0,90.64,11.35576388888889,234.487046875,451.84000000000003,-0.04997993,-0.009180069,-9.81,0.0,0.0,0.3000183
22.55,23.66,22.42,23.46,23.0225,7.597425,12.10001,0.1193398999999999,0.02957988,0.0,2078.0,109.54,11.600425347222222,238.518375,453.12,0.1193398999999999,0.02957988,-9.81,0.0,0.0,12.10001
50.19,48.42,50.00999,47.50999,49.032495,16.18072335,-23.69998,0.0,-0.5895600000000001,302.4,2014.0,85.95,10.067964409722222,276.56225,454.40000000000003,0.0,-0.5895600000000001,-9.81,0.0,0.0,-23.69998
28.129990000000006,27.75,26.75999,26.91,27.387495,9.037873350000002,-2.899994,-0.06936002,0.02957988,23.0,1285.0,91.44,9.199427083333333,276.077953125,455.68,-0.06936002,0.02957988,-9.81,0.0,0.0,-2.899994
15.96,16.02,16.07999,15.95,16.0024975,5.280824175,0.6000061,-0.03978014,0.02957988,0.0,1258.0,112.26,9.034001736111112,194.77474999999998,456.96000000000004,-0.03978014,0.02957988,-9.81,0.0,0.0,0.6000061
0.0,0.0,0.0,0.0,0.0,0.0,0.1000061,-0.03978014,0.0397799,332.6,782.0,116.67,10.636966145833334,176.956078125,458.24,-0.03978014,0.0397799,-9.81,0.0,0.0,0.1000061
0.0,0.0,0.0,0.0,0.0,0.0,-0.1000061,0.01937985,0.009180069,41.39996,903.0,116.6,7.579544270833333,220.6049375,459.52,0.01937985,0.009180069,-9.81,0.0,0.0,-0.1000061
65.01999,64.92999,64.92,64.67999,64.88749250000001,21.412872525000004,-0.1999817,-0.03978014,0.009180069,202.2,1576.0,87.43,7.969036458333333,230.46014062499998,460.8,-0.03978014,0.009180069,-9.81,0.0,0.0,-0.1999817
43.81999,44.14999,43.78999,44.12,43.969992500000004,14.510097525000003,5.200012,-0.009180069,0.07956004,0.0,1852.0,92.81,7.153255208333333,198.86093749999998,462.08,-0.009180069,0.07956004,-9.81,0.0,0.0,5.200012
19.95,20.43999,19.96999,20.45,20.202495,6.66682335,4.800018,-0.13974,0.04997993,0.0,1256.0,113.19,6.980694444444444,193.16395312499998,463.36,-0.13974,0.04997993,-9.81,0.0,0.0,4.800018
0.0,0.0,0.0,0.0,0.0,0.0,0.0,-0.03978014,0.02957988,0.0,899.0,96.63,6.910473090277778,284.595203125,464.64,-0.03978014,0.02957988,-9.81,0.0,0.0,0.0
33.92,30.67,33.55,30.14,32.07,10.5831,-34.79999,-0.07956004,-0.58038,377.3,1457.0,87.46,7.252907986111111,288.8591875,465.92,-0.07956004,-0.58038,-9.81,0.0,0.0,-34.79999
0.0,0.0,0.0,0.0,0.0,0.0,0.0,-0.03978014,0.02957988,0.0,924.0,96.59,7.573914930555556,300.623859375,467.2,-0.03978014,0.02957988,-9.81,0.0,0.0,0.0
27.96,27.84,28.02,27.77,27.897499999999997,9.206175,-0.8999939,-0.02958012,-0.02958012,0.0,1117.0,112.9,7.395967881944445,276.17409375,468.48,-0.02958012,-0.02958012,-9.81,0.0,0.0,-0.8999939
36.12999,33.069990000000004,35.67,32.48999,34.3399925,11.332197525000002,-33.79999,-0.03978014,-0.5997601,367.4,1426.0,87.25,7.019722222222222,268.77,469.76,-0.03978014,-0.5997601,-9.81,0.0,0.0,-33.79999
35.25,32.50999,34.97,31.8,33.6324975,11.098724175000001,-33.10001,-0.03978014,-0.58038,367.9,1441.0,87.05,6.721258680555556,288.29864062499996,471.04,-0.03978014,-0.58038,-9.81,0.0,0.0,-33.10001
0.0,0.0,0.0,0.0,0.0,0.0,0.0,-0.03978014,0.02957988,0.0,913.0,97.56,4.347048611111111,224.615171875,472.32,-0.03978014,0.02957988,-9.81,0.0,0.0,0.0
68.22,68.19,67.98999,67.75,68.0374975,22.452374175000003,0.0,0.02957988,-0.01938009,202.6,2097.0,88.01,5.167391493055555,272.73170312499997,473.6,0.02957988,-0.01938009,-9.81,0.0,0.0,0.0
14.89,15.00999,14.95,14.92,14.942497500000002,4.931024175000001,0.7000122,0.02957988,0.0,0.0,1478.0,119.29,5.979049479166667,234.04387499999999,474.88,0.02957988,0.0,-9.81,0.0,0.0,0.7000122
0.0,0.0,0.0,0.0,0.0,0.0,0.0,-0.03978014,0.0397799,6.799988000000001,889.0,97.66,6.052599826388889,232.12512499999997,476.16,-0.03978014,0.0397799,-9.81,0.0,0.0,0.0
19.99,20.93,19.86,20.87,20.4125,6.736125,11.10001,0.0,0.06936002,0.0,1879.0,117.86,7.851575520833334,210.21621875000002,477.44,0.0,0.06936002,-9.81,0.0,0.0,11.10001
75.72,75.64,75.64,75.23,75.5575,24.933975000000004,-0.2999877999999999,0.0,-0.009180069,202.3,1883.0,87.85,9.734982638888887,207.96331249999997,478.72,0.0,-0.009180069,-9.81,0.0,0.0,-0.2999877999999999
0.0,0.0,0.0,0.0,0.0,0.0,0.0,-0.04997993,0.02957988,4.799988,896.0,96.46,5.516458333333333,186.773390625,480.0,-0.04997993,0.02957988,-9.81,0.0,0.0,0.0
0.0,0.0,0.0,0.0,0.0,0.0,0.0,-0.03978014,0.0397799,4.799988,910.0,96.32,5.411666666666667,176.085125,481.28000000000003,-0.03978014,0.0397799,-9.81,0.0,0.0,0.0
0.0,0.0,0.0,0.0,0.0,0.0,-0.1000061,-0.04997993,0.02957988,4.799988,907.0,96.12,6.7816362847222225,211.6355625,482.56,-0.04997993,0.02957988,-9.81,0.0,0.0,-0.1000061
27.78,26.88,27.719990000000003,26.88,27.314997499999997,9.013949174999999,-8.899994,0.04997993,-0.1693201,41.89996,1644.0,121.41,6.429522569444444,227.150625,483.84000000000003,0.04997993,-0.1693201,-9.81,0.0,0.0,-8.899994
35.77,35.7,35.62999,35.58,35.669997499999994,11.771099174999998,-1.100006,0.1091398999999999,-0.02958012,17.0,1522.0,106.31,6.062986111111111,181.28914062500002,485.12,0.1091398999999999,-0.02958012,-9.81,0.0,0.0,-1.100006
0.0,0.0,0.0,0.0,0.0,0.0,0.0,-0.04997993,0.02957988,4.799988,910.0,95.7,5.1043098958333335,182.672734375,486.40000000000003,-0.04997993,0.02957988,-9.81,0.0,0.0,0.0
2.9599990000000003,2.839996,2.899994,2.75,2.86249725,0.9446240925000001,-1.799988,0.06936002,0.02957988,104.3,1061.0,122.82,5.411506076388889,185.33515625,487.68,0.06936002,0.02957988,-9.81,0.0,0.0,-1.799988
33.05,32.98,33.319990000000004,33.41,33.189997500000004,10.952699175000001,0.0,0.06936002,-0.01938009,7.899963,1455.0,114.14,5.329262152777778,117.43246875,488.96000000000004,0.06936002,-0.01938009,-9.81,0.0,0.0,0.0
0.0,0.0,0.0,0.0,0.0,0.0,0.0,-0.04997993,0.0397799,4.799988,890.0,95.51,7.791467013888889,118.09475,490.24,-0.04997993,0.0397799,-9.81,0.0,0.0,0.0
0.0,0.0,0.0,0.0,0.0,0.0,-0.1000061,-0.03978014,0.02957988,4.799988,911.0,95.42,8.196236979166667,115.43771874999999,491.52,-0.03978014,0.02957988,-9.81,0.0,0.0,-0.1000061
41.78999,41.56,41.77,41.37,41.6224975,13.735424175,-2.799988,0.0,0.0,210.0,1727.0,88.32,8.909340277777778,115.63643749999999,492.8,0.0,0.0,-9.81,0.0,0.0,-2.799988
46.34999000000001,46.31,46.22,46.17999,46.264995000000006,15.267448350000002,-0.6999816999999999,0.02957988,-0.01938009,14.0,1950.0,116.58,9.157799479166666,117.243828125,494.08,0.02957988,-0.01938009,-9.81,0.0,0.0,-0.6999816999999999
43.05,42.67999,43.06999,42.58,42.844995,14.13884835,-3.199982,0.0,-0.009180069,211.8,1731.0,86.94,9.337118055555555,117.071296875,495.36,0.0,-0.009180069,-9.81,0.0,0.0,-3.199982
0.0,0.0,0.0,0.0,0.0,0.0,0.0,-0.04997993,0.0397799,4.799988,899.0,95.35,9.268177083333335,115.69315624999999,496.64,-0.04997993,0.0397799,-9.81,0.0,0.0,0.0
46.11,46.59,45.81999,46.33,46.2124975,15.250124175,6.700011999999999,-0.06936002,0.13974,0.0,1363.0,114.94,8.840720486111111,107.978203125,497.92,-0.06936002,0.13974,-9.81,0.0,0.0,6.700011999999999
0.0,0.0,0.0,0.0,0.0,0.0,0.1000061,-0.03978014,0.0397799,4.799988,896.0,95.16,6.395763888888889,179.569546875,499.2,-0.03978014,0.0397799,-9.81,0.0,0.0,0.1000061
39.75,39.33,39.89,39.14999,39.5299975,13.044899175000001,-5.299988,-0.01938009,-0.09996009,13.39996,1161.0,114.87,4.710894097222221,189.008296875,500.48,-0.01938009,-0.09996009,-9.81,0.0,0.0,-5.299988
43.12,43.31,43.12999,43.19,43.1874975,14.251874175000001,0.8999939,0.01937985,0.0,0.0,1747.0,114.91,5.4866796875,158.25746875,501.76,0.01937985,0.0,-9.81,0.0,0.0,0.8999939
44.92999,45.03,44.77,44.94,44.9174975,14.822774175000001,1.700012,-0.009180069,0.0,0.0,1478.0,114.69,6.22625,187.181875,503.04,-0.009180069,0.0,-9.81,0.0,0.0,1.700012
46.47,46.48999,46.33,46.33,46.40499749999999,15.313649174999998,0.7000122,0.0,-0.009180069,200.0,1865.0,85.58,6.218324652777778,184.998140625,504.32,0.0,-0.009180069,-9.81,0.0,0.0,0.7000122
16.39,16.43,16.23,16.24,16.322499999999998,5.386425,0.1000061,0.05915999,-0.009180069,7.0,1628.0,111.06,7.5221484375,182.646984375,505.6,0.05915999,-0.009180069,-9.81,0.0,0.0,0.1000061
37.5,37.459990000000005,37.50999,37.48999,37.4899925,12.371697525,-0.5,0.01937985,0.01937985,0.0,1573.0,122.08,7.7771180555555555,186.287046875,506.88,0.01937985,0.01937985,-9.81,0.0,0.0,-0.5
12.39999,13.75999,12.64999,13.71,13.1299925,4.332897525,13.70001,-0.1193398999999999,0.05915999,0.0,1253.0,110.27,6.596137152777778,219.02974999999998,508.16,-0.1193398999999999,0.05915999,-9.81,0.0,0.0,13.70001
38.75,39.05,38.7,38.95,38.8625,12.824625,3.200012,0.07956004,0.0397799,0.0,2206.0,127.38,7.272907986111111,179.952796875,509.44,0.07956004,0.0397799,-9.81,0.0,0.0,3.200012
39.45,39.77,39.45,39.62,39.5725,13.058925,3.700012,0.0397799,0.009180069,0.0,2256.0,129.34,7.209848090277777,192.04357812499998,510.72,0.0397799,0.009180069,-9.81,0.0,0.0,3.700012
0.0,0.0,0.0,0.0,0.0,0.0,0.1000061,-0.03978014,0.0397799,4.799988,881.0,95.14,6.867213541666667,229.75434374999998,512.0,-0.03978014,0.0397799,-9.81,0.0,0.0,0.1000061
32.209990000000005,32.09,32.17,32.02,32.1224975,10.600424175,-0.1000061,0.0,-0.03978014,0.0,1405.0,131.25,4.305308159722221,217.9264375,513.28,0.0,-0.03978014,-9.81,0.0,0.0,-0.1000061
40.92,38.31999,40.53,37.42999,39.299995,12.968998350000001,-30.79999,-0.01938009,-0.58038,329.7,1816.0,81.02,6.291054687499999,271.93571875,514.5600000000001,-0.01938009,-0.58038,-9.81,0.0,0.0,-30.79999
44.099990000000005,42.22,44.00999,41.849990000000005,43.044992500000006,14.204847525000003,-21.39999,0.0,-0.4804201,293.0,1873.0,80.68,4.669019097222222,290.35846875,515.84,0.0,-0.4804201,-9.81,0.0,0.0,-21.39999
45.099990000000005,42.599990000000005,45.16,42.47,43.832495,14.464723350000002,-25.39999,-0.07956004,-0.5701799,314.5,1232.0,79.94,4.522222222222222,309.43303125,517.12,-0.07956004,-0.5701799,-9.81,0.0,0.0,-25.39999
42.73,41.19,42.56999,40.31999,41.70249499999999,13.761823349999998,-21.10001,0.04997993,-0.44982,289.2,1763.0,80.34,6.430125868055556,220.83615625,518.4,0.04997993,-0.44982,-9.81,0.0,0.0,-21.10001
0.0,0.0,0.0,0.0,0.0,0.0,0.0,-0.03978014,0.0397799,4.799988,907.0,95.28,8.021202256944445,285.482515625,519.6800000000001,-0.03978014,0.0397799,-9.81,0.0,0.0,0.0
45.06,44.75999,44.89999,44.64,44.839995,14.797198350000002,-2.299988,0.04997993,-0.05915999,0.0,1865.0,127.49,8.795872395833332,288.807515625,520.96,0.04997993,-0.05915999,-9.81,0.0,0.0,-2.299988
0.0,0.0,0.0,0.0,0.0,0.0,0.1000061,-0.03978014,0.02957988,4.799988,904.0,96.53,8.578758680555556,281.97834374999996,522.24,-0.03978014,0.02957988,-9.81,0.0,0.0,0.1000061
28.09999,29.06,28.03,28.81,28.4999975,9.404999175,9.899994,-0.06936002,0.13974,146.0,1152.0,85.6,6.6952473958333325,286.799359375,523.52,-0.06936002,0.13974,-9.81,0.0,0.0,9.899994
0.0,0.0,0.0,0.0,0.0,0.0,0.1000061,-0.04997993,0.0397799,4.799988,900.0,95.59,6.335095486111111,255.52973437499998,524.8,-0.04997993,0.0397799,-9.81,0.0,0.0,0.1000061
25.6,26.96,25.54,26.93,26.2575,8.664975,14.60001,-0.1693201,0.27948,104.7,1063.0,83.72,6.5465625,218.78753125,526.08,-0.1693201,0.27948,-9.81,0.0,0.0,14.60001
21.46,19.82,21.24,19.5,20.505,6.76665,-17.89999,0.06936002,-0.16014,321.8,1444.0,83.77,6.694782986111111,228.642796875,527.36,0.06936002,-0.16014,-9.81,0.0,0.0,-17.89999
48.61,48.52,48.53,48.11,48.442499999999995,15.986025,-0.2999877999999999,0.0,-0.02958012,0.0,1503.0,131.97,7.483897569444444,226.66253124999997,528.64,0.0,-0.02958012,-9.81,0.0,0.0,-0.2999877999999999
0.0,0.0,0.0,0.0,0.0,0.0,0.1000061,-0.03978014,0.02957988,4.799988,896.0,94.06,5.471770833333333,314.67040625000004,529.92,-0.03978014,0.02957988,-9.81,0.0,0.0,0.1000061
21.54,21.13,21.64,21.06,21.3425,7.043025000000001,-4.799988,0.0,-0.06936002,29.39996,1269.0,134.75,4.436922743055555,267.60112499999997,531.2,0.0,-0.06936002,-9.81,0.0,0.0,-4.799988
22.1,20.85,21.98,20.64999,21.394997500000002,7.060349175000001,-13.79999,0.009180069,-0.1193398999999999,84.29999000000001,1463.0,134.68,4.984878472222222,273.02525,532.48,0.009180069,-0.1193398999999999,-9.81,0.0,0.0,-13.79999
25.31,25.24,25.1,25.16,25.2025,8.316825000000001,0.5,0.01937985,0.06936002,0.0,1519.0,134.63,5.436822916666666,259.59046875,533.76,0.01937985,0.06936002,-9.81,0.0,0.0,0.5
0.0,0.0,0.0,0.0,0.0,0.0,0.0,-0.03978014,0.0397799,4.799988,908.0,93.47,5.685412326388889,262.77017187499996,535.04,-0.03978014,0.0397799,-9.81,0.0,0.0,0.0
38.66,38.45,38.62999,38.349990000000005,38.522495000000006,12.712423350000003,-2.100006,-0.02958012,-0.02958012,210.2,1554.0,81.13,5.406631944444444,278.670734375,536.32,-0.02958012,-0.02958012,-9.81,0.0,0.0,-2.100006
30.25999,30.08,30.25,30.00999,30.149995,9.94949835,-1.799988,0.08976007,0.0,2.299988,1773.0,135.26,5.6365625,310.799671875,537.6,0.08976007,0.0,-9.81,0.0,0.0,-1.799988
34.0,34.00999,33.97,33.89,33.9674975,11.209274175000001,-0.1999817,-0.01938009,0.0397799,0.0,1358.0,135.96,6.2861501736111105,268.9124375,538.88,-0.01938009,0.0397799,-9.81,0.0,0.0,-0.1999817
35.92,35.44,35.929990000000004,35.459990000000005,35.687495,11.77687335,-4.199982,0.009180069,-0.06936002,218.3,1507.0,82.96,5.468515624999999,272.980828125,540.16,0.009180069,-0.06936002,-9.81,0.0,0.0,-4.199982
28.94,28.77,28.86,28.789990000000003,28.8399975,9.517199175,-1.699982,0.09995985,-0.03978014,210.2,1707.0,85.0,5.174852430555555,162.02853125000001,541.44,0.09995985,-0.03978014,-9.81,0.0,0.0,-1.699982
8.829994000000001,10.86,7.93,10.1,9.4299985,3.1118995050000002,24.20001,0.06936002,0.1091398999999999,0.0,1393.0,137.02,3.523845486111111,266.13665625,542.72,0.06936002,0.1091398999999999,-9.81,0.0,0.0,24.20001
28.36,29.149990000000003,28.03,28.789990000000003,28.582495,9.432223350000001,7.899994,-0.05915999,0.2101199999999999,148.2,1139.0,86.69,5.049192708333333,259.481359375,544.0,-0.05915999,0.2101199999999999,-9.81,0.0,0.0,7.899994
27.71,24.17,27.17,23.32,25.5925,8.445525,-40.69998,-0.09996009,-0.6803401,473.9,1571.0,87.74,4.107052951388889,275.285625,545.28,-0.09996009,-0.6803401,-9.81,0.0,0.0,-40.69998
10.22,11.27,10.00999,11.13,10.657497500000002,3.5169741750000005,11.60001,-0.08976007,0.0397799,0.0,1254.0,137.36,2.6645269097222224,230.58989062499995,546.5600000000001,-0.08976007,0.0397799,-9.81,0.0,0.0,11.60001
0.0,0.0,0.0,0.0,0.0,0.0,0.0,-0.04997993,0.02957988,4.799988,891.0,93.92,5.209878472222222,257.95690625,547.84,-0.04997993,0.02957988,-9.81,0.0,0.0,0.0
23.28,23.55,23.21999,23.5,23.3874975,7.7178741749999995,2.700012,0.1091398999999999,0.009180069,0.0,2106.0,137.24,6.616293402777778,253.553859375,549.12,0.1091398999999999,0.009180069,-9.81,0.0,0.0,2.700012
46.17999,46.03999,46.12,46.03,46.092495,15.21052335,-0.7999878,0.0,0.0,205.2,1435.0,87.26,6.997847222222222,255.2206875,550.4,0.0,0.0,-9.81,0.0,0.0,-0.7999878
45.17,45.19,45.22,45.2,45.19499999999999,14.914349999999999,0.6000061,0.009180069,0.0,200.5,1468.0,87.45,7.100937500000001,256.5355,551.6800000000001,0.009180069,0.0,-9.81,0.0,0.0,0.6000061
50.75999,50.92,50.56999,50.76999,50.7549925,16.749147525,3.300018,0.02957988,0.0,193.3,2050.0,89.18,8.840203993055557,249.656515625,552.96,0.02957988,0.0,-9.81,0.0,0.0,3.300018
51.12999,51.5,51.14,51.28999,51.264995,16.91744835,3.0,0.0397799,0.05915999,191.8,2071.0,89.88,9.067109375,247.78645312499998,554.24,0.0397799,0.05915999,-9.81,0.0,0.0,3.0
53.3,53.31999,53.31999,52.98,53.229994999999995,17.565898349999998,0.1000061,0.0397799,-0.02958012,200.5,1693.0,90.97,7.8340234375,245.55475,555.52,0.0397799,-0.02958012,-9.81,0.0,0.0,0.1000061
19.05,21.43999,18.45,21.25,20.047497500000002,6.615674175000001,27.5,-0.01938009,0.26928,0.0,1477.0,135.67,7.428276909722221,218.01285937499998,556.8000000000001,-0.01938009,0.26928,-9.81,0.0,0.0,27.5
27.75,27.87,27.82999,27.8,27.8124975,9.178124175,0.1000061,0.09995985,-0.03978014,0.0,1707.0,135.48,8.003159722222222,213.5443125,558.08,0.09995985,-0.03978014,-9.81,0.0,0.0,0.1000061
0.0,0.0,0.0,0.0,0.0,0.0,0.0,-0.04997993,0.0397799,4.799988,895.0,95.02,6.38427517361111,217.81157812499998,559.36,-0.04997993,0.0397799,-9.81,0.0,0.0,0.0
35.89,36.73,35.83,36.62,36.2675,11.968275,9.300018,0.0,0.16014,160.5,1551.0,89.52,6.672721354166667,213.40812499999998,560.64,0.0,0.16014,-9.81,0.0,0.0,9.300018
0.0,0.0,0.0,0.0,0.0,0.0,0.0,-0.03978014,0.02957988,4.799988,893.0,95.09,6.669991319444444,219.839921875,561.92,-0.03978014,0.02957988,-9.81,0.0,0.0,0.0
0.0,0.0,0.0,0.0,0.0,0.0,0.0,-0.03978014,0.02957988,4.799988,898.0,95.18,7.383120659722222,278.522734375,563.2,-0.03978014,0.02957988,-9.81,0.0,0.0,0.0
0.0,0.0,0.0,0.0,0.0,0.0,0.0,-0.03978014,0.02957988,4.799988,899.0,94.97,10.833828125,269.668,564.48,-0.03978014,0.02957988,-9.81,0.0,0.0,0.0
96.2,96.2,95.87999,95.44,95.9299975,31.656899175,-0.2999877999999999,0.13974,-0.009180069,202.7,5455.0,87.79,11.877152777777777,266.335828125,565.76,0.13974,-0.009180069,-9.81,0.0,0.0,-0.2999877999999999
0.0,0.0,0.0,0.0,0.0,0.0,0.1000061,-0.03978014,0.02957988,4.799988,871.0,95.28,10.360217013888889,248.546515625,567.04,-0.03978014,0.02957988,-9.81,0.0,0.0,0.1000061
72.58,72.56,72.59,72.45999,72.54749749999999,23.940674174999998,0.0,-0.03978014,-0.01938009,202.3,1778.0,88.73,10.27240017361111,247.91856249999998,568.32,-0.03978014,-0.01938009,-9.81,0.0,0.0,0.0
20.45,17.81,19.95,17.25999,18.8674975,6.226274175,-29.0,-0.06936002,-0.28968,215.1,1167.0,121.06,7.615885416666667,266.63739062499997,569.6,-0.06936002,-0.28968,-9.81,0.0,0.0,-29.0
74.84,74.81,74.81999,74.62,74.7724975,24.674924175,0.5,-0.04997993,-0.009180069,200.0,2235.0,86.0,10.0688671875,250.30571874999998,570.88,-0.04997993,-0.009180069,-9.81,0.0,0.0,0.5
0.0,0.0,0.0,0.0,0.0,0.0,0.1000061,-0.03978014,0.02957988,4.799988,884.0,95.44,7.811236979166667,247.62328125,572.16,-0.03978014,0.02957988,-9.81,0.0,0.0,0.1000061
0.0,0.0,0.0,0.0,0.0,0.0,0.1000061,-0.03978014,0.02957988,4.799988,895.0,95.43,6.644301215277778,211.24,573.44,-0.03978014,0.02957988,-9.81,0.0,0.0,0.1000061
28.7,28.89,28.81,28.879990000000003,28.819997500000003,9.510599175000001,1.200012,-0.01938009,0.01937985,0.0,1135.0,127.48,8.061375868055555,189.66699999999997,574.72,-0.01938009,0.01937985,-9.81,0.0,0.0,1.200012
0.0,0.0,0.0,0.0,0.0,0.0,0.2000122,-0.03978014,0.02957988,4.799988,894.0,96.86,7.721749131944445,179.80196875,576.0,-0.03978014,0.02957988,-9.81,0.0,0.0,0.2000122
35.69,35.56,35.86,35.48999,35.6499975,11.764499175,-1.899994,0.0,-0.06936002,1.299988,1518.0,119.27,7.935147569444444,179.91031249999997,577.28,0.0,-0.06936002,-9.81,0.0,0.0,-1.899994
37.14999,37.12999,37.28999,36.959990000000005,37.132490000000004,12.253721700000002,-2.100006,-0.01938009,-0.04997993,3.099976,1481.0,118.5,7.7230425347222225,174.879203125,578.5600000000001,-0.01938009,-0.04997993,-9.81,0.0,0.0,-2.100006
0.0,0.0,0.0,0.0,0.0,0.0,0.1000061,-0.03978014,0.02957988,4.799988,886.0,97.27,6.772339409722223,178.42401562499998,579.84,-0.03978014,0.02957988,-9.81,0.0,0.0,0.1000061
38.48999,38.66,38.459990000000005,38.50999,38.529992500000006,12.714897525000003,0.0,0.0,0.0,0.0,1626.0,115.58,8.295707465277777,246.72892187499997,581.12,0.0,0.0,-9.81,0.0,0.0,0.0
0.0,0.0,0.0,0.0,0.0,0.0,0.1000061,-0.03978014,0.02957988,4.799988,901.0,97.42,8.978745659722222,248.575046875,582.4,-0.03978014,0.02957988,-9.81,0.0,0.0,0.1000061
30.06999,29.649990000000003,29.81,29.72,29.812495000000002,9.838123350000002,-1.199982,-0.05915999,-0.03978014,4.200012,1210.0,115.04,9.317552083333332,250.84548437499998,583.6800000000001,-0.05915999,-0.03978014,-9.81,0.0,0.0,-1.199982
34.78999,34.77,34.78,34.73,34.7674975,11.473274175,0.2000122,0.02957988,0.0,0.0,1482.0,122.07,7.7158854166666675,271.49335937499995,584.96,0.02957988,0.0,-9.81,0.0,0.0,0.2000122
32.64999,32.849990000000005,32.69,32.81,32.749995,10.80749835,1.600006,-0.02958012,0.01937985,0.0,1322.0,122.16,7.011093750000001,278.30910937500005,586.24,-0.02958012,0.01937985,-9.81,0.0,0.0,1.600006
0.0,0.0,0.0,0.0,0.0,0.0,0.1000061,-0.03978014,0.02957988,4.799988,904.0,94.87,9.230481770833334,306.500515625,587.52,-0.03978014,0.02957988,-9.81,0.0,0.0,0.1000061
78.72,78.34999,78.56999,77.83,78.367495,25.861273350000005,-5.899994,0.08976007,-0.2101199999999999,218.9,3208.0,82.57,9.85609375,315.0930625,588.8000000000001,0.08976007,-0.2101199999999999,-9.81,0.0,0.0,-5.899994
0.0,0.0,0.0,0.0,0.0,0.0,0.1000061,-0.03978014,0.02957988,4.799988,856.0,95.24,7.983385416666666,319.5664375,590.08,-0.03978014,0.02957988,-9.81,0.0,0.0,0.1000061
0.0,0.0,0.0,0.0,0.0,0.0,0.0,-0.03978014,0.02957988,4.799988,880.0,95.14,6.6632248263888885,303.238546875,591.36,-0.03978014,0.02957988,-9.81,0.0,0.0,0.0
0.0,0.0,0.0,0.0,0.0,0.0,0.0,-0.03978014,0.02957988,4.799988,888.0,95.25,6.122703993055556,302.41578125,592.64,-0.03978014,0.02957988,-9.81,0.0,0.0,0.0
0.0,0.0,0.0,0.0,0.0,0.0,0.0,-0.03978014,0.02957988,4.799988,886.0,95.44,4.956124131944444,301.38931249999996,593.92,-0.03978014,0.02957988,-9.81,0.0,0.0,0.0
0.0,0.0,0.0,0.0,0.0,0.0,-0.1000061,0.009180069,0.04997993,23.0,783.0,129.27,4.1624131944444445,300.51315625,595.2,0.009180069,0.04997993,-9.81,0.0,0.0,-0.1000061
41.91,42.12,41.97,41.959990000000005,41.9899975,13.856699175000001,1.300018,-0.12954,0.01937985,195.7,1254.0,77.22,3.963177083333333,306.092390625,596.48,-0.12954,0.01937985,-9.81,0.0,0.0,1.300018
0.0,0.0,0.0,0.0,0.0,0.0,0.0,-0.03978014,0.02957988,4.799988,899.0,95.92,1.8077300347222223,326.10925,597.76,-0.03978014,0.02957988,-9.81,0.0,0.0,0.0
30.84999,32.0,30.73,31.83,31.3524975,10.346324175,12.30002,0.04997993,0.1999198999999999,141.1,1862.0,81.16,6.772899305555555,288.88720312500004,599.04,0.04997993,0.1999198999999999,-9.81,0.0,0.0,12.30002
0.0,0.0,0.0,0.0,0.0,0.0,0.0,-0.04997993,0.02957988,4.799988,900.0,95.85,7.332413194444444,305.75060937499995,600.32,-0.04997993,0.02957988,-9.81,0.0,0.0,0.0
40.98999,40.92,40.98999,40.89999,40.9499925,13.513497525,-0.1999817,0.0397799,0.01937985,0.0,1756.0,123.41,7.543454861111111,215.528171875,601.6,0.0397799,0.01937985,-9.81,0.0,0.0,-0.1999817
40.3,40.14999,40.33,40.17,40.2374975,13.278374175000002,0.1000061,-0.02958012,0.02957988,0.0,1550.0,123.62,7.358732638888889,272.99031249999996,602.88,-0.02958012,0.02957988,-9.81,0.0,0.0,0.1000061
28.23999,28.7,28.23999,28.73,28.477495,9.39757335,5.600006,-0.27948,0.1193398999999999,167.4,1137.0,87.73,3.2177777777777776,312.05375,604.16,-0.27948,0.1193398999999999,-9.81,0.0,0.0,5.600006
0.0,0.0,0.0,0.0,0.0,0.0,0.1000061,-0.03978014,0.02957988,4.799988,869.0,94.91,4.5368880208333335,311.47024999999996,605.44,-0.03978014,0.02957988,-9.81,0.0,0.0,0.1000061
50.86,50.849990000000005,50.81999,50.62999,50.7899925,16.760697525,-0.1000061,0.0,-0.01938009,202.9,1610.0,86.44,6.253211805555555,330.42442187499995,606.72,0.0,-0.01938009,-9.81,0.0,0.0,-0.1000061
50.28,50.23,50.099990000000005,50.06,50.167497499999996,16.555274175,0.1000061,-0.009180069,-0.009180069,202.2,1617.0,86.11,7.1082161458333335,245.875265625,608.0,-0.009180069,-0.009180069,-9.81,0.0,0.0,0.1000061
0.0,0.0,0.0,0.0,0.0,0.0,0.1000061,-0.03978014,0.0397799,4.799988,888.0,95.25,7.36515625,218.91201562499998,609.28,-0.03978014,0.0397799,-9.81,0.0,0.0,0.1000061
45.97,46.22,46.09,46.12,46.1,15.213000000000001,0.8999939,-0.03978014,0.01937985,197.5,1380.0,85.65,7.780043402777778,223.50564062499998,610.5600000000001,-0.03978014,0.01937985,-9.81,0.0,0.0,0.8999939
23.0,24.46999,22.78,24.24,23.622497499999998,7.795424175,16.39999,0.12954,0.13974,0.0,1413.0,123.33,3.2774696180555556,133.98415625,611.84,0.12954,0.13974,-9.81,0.0,0.0,16.39999
0.0,0.0,0.0,0.0,0.0,0.0,0.1000061,-0.03978014,0.02957988,4.799988,853.0,95.11,4.461345486111111,267.634484375,613.12,-0.03978014,0.02957988,-9.81,0.0,0.0,0.1000061
23.57999,23.46999,23.61,23.42,23.519994999999998,7.76159835,-0.7999878,-0.13974,-0.01938009,0.0,1155.0,124.89,3.051154513888889,272.54318749999993,614.4,-0.13974,-0.01938009,-9.81,0.0,0.0,-0.7999878
0.0,0.0,0.0,0.0,0.0,0.0,0.1000061,-0.03978014,0.0397799,4.799988,885.0,94.87,2.558337673611111,153.79776562499998,615.6800000000001,-0.03978014,0.0397799,-9.81,0.0,0.0,0.1000061
0.0,0.0,0.0,0.0,0.0,0.0,-0.1999817,0.01937985,0.0,197.8,792.0,84.73,3.3707378472222222,159.592015625,616.96,0.01937985,0.0,-9.81,0.0,0.0,-0.1999817
0.0,0.0,0.0,0.0,0.0,0.0,0.0,-0.03978014,0.02957988,4.799988,886.0,94.06,6.333502604166666,165.94165625,618.24,-0.03978014,0.02957988,-9.81,0.0,0.0,0.0
0.0,0.0,0.0,0.0,0.0,0.0,0.0,-0.03978014,0.02957988,4.799988,883.0,93.98,6.435503472222223,173.23649999999998,619.52,-0.03978014,0.02957988,-9.81,0.0,0.0,0.0
30.679990000000004,30.539990000000003,30.7,30.50999,30.607492500000003,10.100472525,-0.6999816999999999,-0.06936002,-0.01938009,0.0,1215.0,128.48,6.474578993055555,175.55404687499998,620.8000000000001,-0.06936002,-0.01938009,-9.81,0.0,0.0,-0.6999816999999999
43.91,43.78999,43.86,43.78,43.8349975,14.465549175000001,-0.1000061,-0.02958012,0.0,202.3,1200.0,88.99,4.118224826388889,178.210390625,622.08,-0.02958012,0.0,-9.81,0.0,0.0,-0.1000061
0.0,0.0,0.0,0.0,0.0,0.0,0.0,0.0,0.04997993,29.0,785.0,128.14,3.830364583333333,181.39353125,623.36,0.0,0.04997993,-9.81,0.0,0.0,0.0
41.2,41.23,41.099990000000005,41.03999,41.142495000000004,13.577023350000001,0.2000122,0.009180069,0.009180069,199.7,1492.0,88.18,4.3332421875,177.24971874999997,624.64,0.009180069,0.009180069,-9.81,0.0,0.0,0.2000122
41.849990000000005,42.55,41.73,42.39999,42.132495,13.90372335,7.399994,0.009180069,0.14994,171.9,1709.0,89.08,6.023164062499999,199.60862499999996,625.92,0.009180069,0.14994,-9.81,0.0,0.0,7.399994
21.52,22.68999,21.43999,22.57,22.054994999999998,7.2781483499999995,13.20001,-0.12954,0.1897199,0.0,1163.0,124.15,5.760334201388889,184.559765625,627.2,-0.12954,0.1897199,-9.81,0.0,0.0,13.20001
32.179990000000004,32.52,32.08,32.25999,32.259995,10.645798350000002,3.5,0.009180069,0.06936002,0.0,1362.0,122.86,5.178875868055556,159.205890625,628.48,0.009180069,0.06936002,-9.81,0.0,0.0,3.5
45.87999,45.84,45.87,45.7,45.8224975,15.121424175,-0.1999817,0.05915999,-0.01938009,202.9,1884.0,91.97,8.062938368055555,153.031484375,629.76,0.05915999,-0.01938009,-9.81,0.0,0.0,-0.1999817
46.45,46.3,46.459990000000005,46.05,46.314997500000004,15.283949175000002,-2.399994,0.0,-0.03978014,210.9,1500.0,92.67,8.156176215277778,151.818734375,631.04,0.0,-0.03978014,-9.81,0.0,0.0,-2.399994
43.12999,42.69,42.97,42.52,42.8274975,14.133074175,-5.0,0.08976007,-0.03978014,215.0,1834.0,93.8,7.392816840277778,176.95040625,632.32,0.08976007,-0.03978014,-9.81,0.0,0.0,-5.0
40.77,42.17999,40.73,42.00999,41.422495,13.66942335,13.89999,0.0,0.2600999,145.5,1334.0,94.76,7.464752604166667,159.289578125,633.6,0.0,0.2600999,-9.81,0.0,0.0,13.89999
37.62999,37.459990000000005,37.62,37.48999,37.5499925,12.391497525000002,-1.699982,-0.01938009,0.02957988,0.0,1515.0,119.1,6.294340277777778,159.22973437499996,634.88,-0.01938009,0.02957988,-9.81,0.0,0.0,-1.699982
0.0,0.0,0.0,0.0,0.0,0.0,0.1000061,-0.03978014,0.02957988,4.5,879.0,93.7,6.631167534722222,159.02554687499997,636.16,-0.03978014,0.02957988,-9.81,0.0,0.0,0.1000061
0.0,0.0,0.0,0.0,0.0,0.0,0.0,-0.03978014,0.02957988,4.5,878.0,93.71,5.937209201388889,159.36775,637.44,-0.03978014,0.02957988,-9.81,0.0,0.0,0.0
33.12,33.14999,33.069990000000004,32.97,33.077495,10.91557335,-0.1999817,-0.03978014,-0.02958012,206.6,1269.0,93.44,3.5670399305555556,220.07825,638.72,-0.03978014,-0.02958012,-9.81,0.0,0.0,-0.1999817
2.519997,2.479996,2.529999,2.540001,2.51749825,0.8307744225000001,-0.1999817,0.09995985,0.05915999,0.0,846.0,121.02,2.727213541666667,211.58721874999998,640.0,0.09995985,0.05915999,-9.81,0.0,0.0,-0.1999817
20.14999,20.0,19.96999,20.18999,20.077492499999998,6.625572525,-0.6999816999999999,-0.02958012,0.009180069,205.3,1265.0,93.43,3.9156640625000003,165.38343749999999,641.28,-0.02958012,0.009180069,-9.81,0.0,0.0,-0.6999816999999999
0.0,0.0,0.0,0.0,0.0,0.0,0.1000061,-0.03978014,0.02957988,4.599976,873.0,95.42,3.416623263888889,162.452859375,642.5600000000001,-0.03978014,0.02957988,-9.81,0.0,0.0,0.1000061
0.0,0.0,0.0,0.0,0.0,0.0,0.1000061,-0.03978014,0.0397799,4.599976,887.0,95.51,3.280564236111111,166.00201562499998,643.84,-0.03978014,0.0397799,-9.81,0.0,0.0,0.1000061
0.0,0.0,0.0,0.0,0.0,0.0,0.1000061,-0.04997993,0.0397799,4.599976,860.0,95.68,4.619032118055555,169.18634375,645.12,-0.04997993,0.0397799,-9.81,0.0,0.0,0.1000061
0.0,0.0,0.0,0.0,0.0,0.0,0.0,-0.03978014,0.02957988,4.599976,876.0,95.69,4.336636284722222,176.52825,646.4,-0.03978014,0.02957988,-9.81,0.0,0.0,0.0
16.18,16.16,16.21,16.11,16.165,5.33445,-0.1999817,0.0,-0.01938009,203.3,1484.0,92.19,2.428589409722222,156.620921875,647.6800000000001,0.0,-0.01938009,-9.81,0.0,0.0,-0.1999817
0.0,0.0,0.0,0.0,0.0,0.0,0.1000061,-0.03978014,0.02957988,5.599976,891.0,95.79,2.3690625,146.8265,648.96,-0.03978014,0.02957988,-9.81,0.0,0.0,0.1000061
0.0,0.0,0.0,0.0,0.0,0.0,0.0,-0.03978014,0.02957988,5.599976,900.0,95.82,2.7421006944444444,150.96443749999997,650.24,-0.03978014,0.02957988,-9.81,0.0,0.0,0.0
31.879990000000003,31.87,31.879990000000003,31.73999,31.8424925,10.508022525,0.0,0.0,-0.01938009,202.4,1583.0,92.5,3.518146701388889,144.30271875,651.52,0.0,-0.01938009,-9.81,0.0,0.0,0.0
0.0,0.0,0.0,0.0,0.0,0.0,0.3000183,-0.03978014,0.02957988,5.099976,893.0,95.87,5.001519097222222,137.84325,652.8000000000001,-0.03978014,0.02957988,-9.81,0.0,0.0,0.3000183
0.0,0.0,0.0,0.0,0.0,0.0,0.1000061,-0.03978014,0.02957988,5.200012,900.0,95.9,6.060125868055556,137.24159375,654.08,-0.03978014,0.02957988,-9.81,0.0,0.0,0.1000061
28.83,29.25,28.98999,29.31999,29.097495,9.60217335,3.700012,0.0,0.05915999,0.0,1288.0,121.95,5.614131944444445,136.1284375,655.36,0.0,0.05915999,-9.81,0.0,0.0,3.700012
17.57,17.34,17.54,17.25,17.424999999999997,5.750249999999999,-1.899994,-0.02958012,-0.009180069,216.5,1283.0,90.28,5.010004340277778,229.169671875,656.64,-0.02958012,-0.009180069,-9.81,0.0,0.0,-1.899994
0.0,0.0,0.0,0.0,0.0,0.0,0.0,-0.03978014,0.02957988,5.200012,876.0,95.89,5.986844618055556,218.74279687499998,657.92,-0.03978014,0.02957988,-9.81,0.0,0.0,0.0
0.0,0.0,0.0,0.0,0.0,0.0,0.1000061,-0.03978014,0.02957988,5.200012,881.0,95.95,6.053971354166666,217.52948437499998,659.2,-0.03978014,0.02957988,-9.81,0.0,0.0,0.1000061
24.43,24.3,24.39,24.28,24.35,8.0355,-1.0,0.01937985,-0.01938009,205.2,1441.0,90.99,6.477513020833333,209.89118749999997,660.48,0.01937985,-0.01938009,-9.81,0.0,0.0,-1.0
24.96999,25.21999,25.0,25.1,25.072494999999996,8.273923349999999,1.899994,0.0,-0.009180069,191.9,1520.0,90.89,6.726805555555556,208.38967187499998,661.76,0.0,-0.009180069,-9.81,0.0,0.0,1.899994
0.0,0.0,0.0,0.0,0.0,0.0,0.1000061,-0.03978014,0.02957988,5.0,885.0,96.68,7.7844053819444445,295.114734375,663.04,-0.03978014,0.02957988,-9.81,0.0,0.0,0.1000061
45.67,45.62,45.62,45.50999,45.604997499999996,15.049649174999999,-1.199982,-0.02958012,0.0,205.5,1317.0,89.73,8.475182291666666,299.715765625,664.32,-0.02958012,0.0,-9.81,0.0,0.0,-1.199982
44.06,44.00999,44.06,43.95,44.0199975,14.526599175000001,-0.6000061,-0.009180069,0.009180069,203.2,1356.0,89.58,8.71185329861111,300.9593125,665.6,-0.009180069,0.009180069,-9.81,0.0,0.0,-0.6000061
50.66,50.69,50.56999,50.47,50.597497499999996,16.697174175,0.0,0.02957988,0.02957988,0.0,1622.0,128.84,8.858094618055555,302.00146874999996,666.88,0.02957988,0.02957988,-9.81,0.0,0.0,0.0
51.2,51.17,51.05,50.98999,51.102497500000005,16.863824175,-0.5,0.01937985,-0.009180069,0.0,1634.0,130.2,8.308407118055555,306.77446875,668.16,0.01937985,-0.009180069,-9.81,0.0,0.0,-0.5
49.67999,49.599990000000005,49.42999,49.39,49.524992499999996,16.343247525,0.0,0.02957988,-0.01938009,0.0,1577.0,130.69,8.807447916666668,304.35423437500003,669.44,0.02957988,-0.01938009,-9.81,0.0,0.0,0.0
49.84,49.78,49.84,49.73,49.7975,16.433175000000002,0.0,-0.01938009,-0.009180069,0.0,1511.0,131.06,8.674670138888889,305.01685937499997,670.72,-0.01938009,-0.009180069,-9.81,0.0,0.0,0.0
49.91,49.95,49.959990000000005,49.86,49.91999750000001,16.473599175000004,0.3000183,0.02957988,-0.01938009,0.0,1617.0,131.03,8.900755208333333,306.127546875,672.0,0.02957988,-0.01938009,-9.81,0.0,0.0,0.3000183
49.50999,49.5,49.52,49.33,49.464997499999996,16.323449175,-0.7999878,-0.03978014,-0.03978014,206.1,1487.0,80.25,8.983697916666667,308.0108125,673.28,-0.03978014,-0.03978014,-9.81,0.0,0.0,-0.7999878
0.0,0.0,0.0,0.0,0.0,0.0,0.2000122,-0.03978014,0.02957988,5.399963,887.0,97.34,8.048684895833333,311.95915625,674.5600000000001,-0.03978014,0.02957988,-9.81,0.0,0.0,0.2000122
0.0,0.0,0.0,0.0,0.0,0.0,0.1000061,-0.03978014,0.02957988,5.399963,894.0,97.3,7.635177951388888,310.84518749999995,675.84,-0.03978014,0.02957988,-9.81,0.0,0.0,0.1000061
0.0,0.0,0.0,0.0,0.0,0.0,0.1000061,-0.03978014,0.02957988,5.399963,888.0,97.27,7.683424479166668,311.43353125,677.12,-0.03978014,0.02957988,-9.81,0.0,0.0,0.1000061
0.0,0.0,0.0,0.0,0.0,0.0,0.1000061,-0.03978014,0.0397799,5.099976,858.0,97.18,7.964153645833333,312.39959375,678.4,-0.03978014,0.0397799,-9.81,0.0,0.0,0.1000061
0.0,0.0,0.0,0.0,0.0,0.0,0.1000061,-0.03978014,0.0397799,5.099976,858.0,97.17,7.785112847222222,313.969234375,679.6800000000001,-0.03978014,0.0397799,-9.81,0.0,0.0,0.1000061
0.0,0.0,0.0,0.0,0.0,0.0,0.1000061,-0.03978014,0.02957988,5.099976,881.0,97.09,7.404010416666666,312.961703125,680.96,-0.03978014,0.02957988,-9.81,0.0,0.0,0.1000061
41.64,41.64,41.66,41.55,41.6225,13.735425000000001,-0.2999877999999999,-0.02958012,0.0,0.0,1242.0,135.79,6.729092881944444,313.307921875,682.24,-0.02958012,0.0,-9.81,0.0,0.0,-0.2999877999999999
35.89,35.73999,35.959990000000005,35.73999,35.8324925,11.824722525,-0.2999877999999999,-0.09996009,-0.02958012,0.0,1211.0,135.99,6.176866319444445,313.1154375,683.52,-0.09996009,-0.02958012,-9.81,0.0,0.0,-0.2999877999999999
35.59,35.52,35.03,35.099990000000005,35.30999750000001,11.652299175000003,0.0,0.05915999,0.01937985,197.3,1505.0,74.42,5.95224392361111,313.285734375,684.8000000000001,0.05915999,0.01937985,-9.81,0.0,0.0,0.0
42.28999,42.459990000000005,42.08,42.349990000000005,42.294992500000006,13.957347525000003,2.800018,-0.01938009,0.04997993,190.7,1707.0,74.78,5.361137152777777,276.2513125,686.08,-0.01938009,0.04997993,-9.81,0.0,0.0,2.800018
30.16,30.06999,30.039990000000003,29.98,30.062495000000002,9.920623350000001,0.0,0.1693199,-0.01938009,0.0,1956.0,136.31,6.999644097222223,268.53574999999995,687.36,0.1693199,-0.01938009,-9.81,0.0,0.0,0.0
2.309998,2.299995,2.290001,2.290001,2.29749875,0.7581745875,-0.1000061,-0.02958012,-0.02958012,0.0,848.0,136.64,4.557790798611111,273.5340625,688.64,-0.02958012,-0.02958012,-9.81,0.0,0.0,-0.1000061
47.86,48.06999,47.75,47.33,47.752497500000004,15.758324175000002,0.0,-0.03978014,0.009180069,204.2,1431.0,74.58,4.561948784722222,277.588546875,689.92,-0.03978014,0.009180069,-9.81,0.0,0.0,0.0
0.0,0.0,0.0,0.0,0.0,0.0,-0.1000061,-0.03978014,0.0397799,5.399963,869.0,97.5,4.560846354166667,277.67384374999995,691.2,-0.03978014,0.0397799,-9.81,0.0,0.0,-0.1000061
38.02,38.00999,38.00999,37.98999,38.0074925,12.542472524999999,-0.1000061,0.06936002,0.009180069,0.0,2152.0,137.42,4.0809114583333335,272.09578124999996,692.48,0.06936002,0.009180069,-9.81,0.0,0.0,-0.1000061
1.040001,1.079994,1.0,1.029999,1.0374984999999999,0.342374505,0.0,-0.09996009,0.01937985,204.1,822.0,74.51,3.553072916666667,273.734390625,693.76,-0.09996009,0.01937985,-9.81,0.0,0.0,0.0
34.89999,34.77,35.00999,34.86,34.884995,11.512048350000002,-0.1000061,-0.1795201,-0.05915999,0.0,1365.0,137.12,2.6985156249999998,275.212453125,695.04,-0.1795201,-0.05915999,-9.81,0.0,0.0,-0.1000061
0.0,0.0,0.0,0.0,0.0,0.0,-0.1999817,-0.01938009,0.01937985,204.8,796.0,74.75,1.7836197916666665,274.06410937500004,696.32,-0.01938009,0.01937985,-9.81,0.0,0.0,-0.1999817
0.0,0.0,0.0,0.0,0.0,0.0,0.0,-0.01938009,0.01937985,205.1,789.0,74.8,3.518246527777778,274.185796875,697.6,-0.01938009,0.01937985,-9.81,0.0,0.0,0.0
0.0,0.0,0.0,0.0,0.0,0.0,0.0,-0.01938009,0.02957988,205.1,786.0,74.77,4.0371875,274.992015625,698.88,-0.01938009,0.02957988,-9.81,0.0,0.0,0.0
0.0,0.0,0.0,0.0,0.0,0.0,0.1000061,-0.03978014,0.02957988,5.599976,881.0,97.95,4.010520833333333,275.54120312500004,700.16,-0.03978014,0.02957988,-9.81,0.0,0.0,0.1000061
10.38,12.27,10.0,11.84,11.122499999999999,3.670425,20.70001,0.07956004,0.09995985,0.0,1608.0,127.81,1.4416796875,253.53367187499998,701.44,0.07956004,0.09995985,-9.81,0.0,0.0,20.70001
31.48999,31.44,31.45999,31.48999,31.469992500000004,10.385097525,0.0,0.08976007,-0.01938009,0.0,2584.0,127.2,3.2408116319444447,247.58459374999998,702.72,0.08976007,-0.01938009,-9.81,0.0,0.0,0.0
49.62999,49.50999,49.5,49.31999,49.4899925,16.331697525,-0.6000061,0.0,0.02957988,202.9,1602.0,76.0,6.408663194444444,192.29776562499998,704.0,0.0,0.02957988,-9.81,0.0,0.0,-0.6000061
33.48999,33.56,33.48,33.59,33.5299975,11.064899175,1.200012,-0.07956004,0.0,0.0,1322.0,124.01,5.887400173611111,191.743234375,705.28,-0.07956004,0.0,-9.81,0.0,0.0,1.200012
0.0,0.0,0.0,0.0,0.0,0.0,0.1000061,-0.03978014,0.0397799,6.099976,891.0,98.02,6.559761284722223,212.83260937499998,706.5600000000001,-0.03978014,0.0397799,-9.81,0.0,0.0,0.1000061
27.18999,27.7,27.17,27.55,27.4024975,9.042824175,4.0,-0.04997993,0.01937985,3.5,1356.0,106.18,8.909466145833333,190.22378125,707.84,-0.04997993,0.01937985,-9.81,0.0,0.0,4.0
0.0,0.0,0.0,0.0,0.0,0.0,0.1000061,-0.03978014,0.02957988,7.0,874.0,96.97,7.893854166666666,205.91040625,709.12,-0.03978014,0.02957988,-9.81,0.0,0.0,0.1000061
54.73999,54.67,54.66,54.67,54.684997499999994,18.046049175,-0.1000061,-0.03978014,0.01937985,202.0,1629.0,91.5,8.978971354166667,222.26475,710.4,-0.03978014,0.01937985,-9.81,0.0,0.0,-0.1000061
42.98999,42.98999,42.83,42.77,42.894995,14.15534835,0.1000061,0.009180069,-0.009180069,19.39996,1741.0,106.94,8.932738715277777,222.2151875,711.6800000000001,0.009180069,-0.009180069,-9.81,0.0,0.0,0.1000061
51.73999,51.53,51.7,51.47,51.6099975,17.031299175,-0.6000061,-0.03978014,0.009180069,204.1,1553.0,90.52,8.84491753472222,223.59617187499998,712.96,-0.03978014,0.009180069,-9.81,0.0,0.0,-0.6000061
50.53999,50.349990000000005,50.62999,50.55,50.5174925,16.670772525,-0.2999877999999999,-0.04997993,0.01937985,203.4,1496.0,89.63,8.695125868055555,224.47170312499998,714.24,-0.04997993,0.01937985,-9.81,0.0,0.0,-0.2999877999999999
49.53999,49.41,49.37,49.16,49.3699975,16.292099175,-0.6999816999999999,0.0,-0.01938009,23.5,1998.0,107.71,7.515125868055556,222.669359375,715.52,0.0,-0.01938009,-9.81,0.0,0.0,-0.6999816999999999
0.0,0.0,0.0,0.0,0.0,0.0,0.0,-0.03978014,0.0397799,6.200012,878.0,96.65,7.0887890625,218.33482812499997,716.8000000000001,-0.03978014,0.0397799,-9.81,0.0,0.0,0.0
0.0,0.0,0.0,0.0,0.0,0.0,0.1000061,-0.03978014,0.02957988,6.200012,890.0,96.65,6.8020616319444445,218.750859375,718.08,-0.03978014,0.02957988,-9.81,0.0,0.0,0.1000061
25.91,26.38,26.00999,26.28,26.1449975,8.627849175,3.0,0.0,0.07956004,0.0,1514.0,134.71,7.246631944444444,218.90506249999999,719.36,0.0,0.07956004,-9.81,0.0,0.0,3.0
33.72,32.349990000000005,33.53,32.11,32.9274975,10.866074175000001,-14.699979999999998,-0.01938009,-0.2499001,275.0,1337.0,86.48,7.856297743055555,220.94465624999998,720.64,-0.01938009,-0.2499001,-9.81,0.0,0.0,-14.699979999999998
26.89,26.43999,26.85,26.34,26.6299975,8.787899175000002,-5.399994,-0.16014,0.01937985,222.5,1064.0,85.76,6.849435763888889,229.919984375,721.92,-0.16014,0.01937985,-9.81,0.0,0.0,-5.399994
0.0,0.0,0.0,0.0,0.0,0.0,0.1000061,-0.03978014,0.02957988,6.099976,867.0,96.72,6.865026041666667,228.61692187499997,723.2,-0.03978014,0.02957988,-9.81,0.0,0.0,0.1000061
29.94,29.36,29.81,29.289990000000003,29.5999975,9.767999175,-5.0,0.16014,-0.06936002,227.9,1752.0,84.86,7.593515625,228.77570312499998,724.48,0.16014,-0.06936002,-9.81,0.0,0.0,-5.0
0.0,0.0,0.0,0.0,0.0,0.0,0.1000061,-0.04997993,0.0397799,6.099976,858.0,96.78,8.032048611111112,229.67175,725.76,-0.04997993,0.0397799,-9.81,0.0,0.0,0.1000061
59.62999,59.34,59.41,59.08,59.3649975,19.590449175,-2.100006,0.1091398999999999,-0.08976007,28.79999,2411.0,126.08,8.583932291666667,244.48726562500002,727.04,0.1091398999999999,-0.08976007,-9.81,0.0,0.0,-2.100006
0.0,0.0,0.0,0.0,0.0,0.0,0.1000061,-0.03978014,0.02957988,6.200012,882.0,96.97,8.900881076388888,236.92029687499996,728.32,-0.03978014,0.02957988,-9.81,0.0,0.0,0.1000061
49.09,49.03,49.0,48.84,48.99,16.166700000000002,0.0,0.009180069,0.0,202.7,1565.0,77.94,9.112478298611112,229.8284375,729.6,0.009180069,0.0,-9.81,0.0,0.0,0.0
64.37999,64.34,64.14,63.94,64.1999975,21.185999175,-0.1999817,0.04997993,0.01937985,20.79999,2599.0,132.86,9.089887152777777,231.646796875,730.88,0.04997993,0.01937985,-9.81,0.0,0.0,-0.1999817
0.0,0.0,0.0,0.0,0.0,0.0,0.1000061,-0.03978014,0.02957988,6.099976,871.0,96.86,7.960967881944445,234.64862499999998,732.16,-0.03978014,0.02957988,-9.81,0.0,0.0,0.1000061
0.0,0.0,0.0,0.0,0.0,0.0,0.1000061,-0.03978014,0.0397799,6.099976,856.0,96.84,8.22984375,217.73673437499997,733.44,-0.03978014,0.0397799,-9.81,0.0,0.0,0.1000061
44.89999,44.25999,44.8,43.97,44.482495,14.679223350000001,-7.600006,0.09995985,-0.1693201,235.4,1825.0,83.99,9.4042578125,215.991109375,734.72,0.09995985,-0.1693201,-9.81,0.0,0.0,-7.600006
0.0,0.0,0.0,0.0,0.0,0.0,0.1000061,-0.03978014,0.02957988,6.099976,855.0,96.82,8.943541666666668,219.72853125,736.0,-0.03978014,0.02957988,-9.81,0.0,0.0,0.1000061
15.88,16.82,15.75,16.71999,16.2924975,5.376524175,10.70001,0.12954,0.0397799,0.0,1563.0,136.79,8.622573784722224,297.51196875000005,737.28,0.12954,0.0397799,-9.81,0.0,0.0,10.70001
68.89999,68.91,68.92,68.83,68.88999749999999,22.733699174999998,-0.6000061,-0.009180069,0.0,21.5,2120.0,133.77,9.366692708333334,289.7488125,738.5600000000001,-0.009180069,0.0,-9.81,0.0,0.0,-0.6000061
49.59,49.75999,49.39,49.56999,49.577495,16.36057335,2.700012,0.1091398999999999,0.04997993,192.1,2091.0,82.48,10.022387152777776,203.036375,739.84,0.1091398999999999,0.04997993,-9.81,0.0,0.0,2.700012
0.0,0.0,0.0,0.0,0.0,0.0,0.1000061,-0.03978014,0.0397799,6.5,885.0,96.99,8.466519097222221,205.962609375,741.12,-0.03978014,0.0397799,-9.81,0.0,0.0,0.1000061
22.18999,22.07999,22.13,22.04,22.109994999999998,7.29629835,-1.199982,0.0,0.0,0.0,1350.0,137.04,7.217083333333333,291.68971875,742.4,0.0,0.0,-9.81,0.0,0.0,-1.199982
29.48,27.88,29.289990000000003,27.53,28.5449975,9.419849175000001,-18.39999,-0.02958012,-0.2193,111.9,1765.0,128.72,5.902777777777779,259.69615625,743.6800000000001,-0.02958012,-0.2193,-9.81,0.0,0.0,-18.39999
43.7,43.5,43.2,43.14999,43.3874975,14.317874175000002,0.1000061,0.0,-0.02958012,203.3,1396.0,85.2,8.316553819444444,198.449921875,744.96,0.0,-0.02958012,-9.81,0.0,0.0,0.1000061
0.0,0.0,0.0,0.0,0.0,0.0,0.1000061,-0.03978014,0.02957988,6.5,871.0,96.76,6.805190972222222,283.468671875,746.24,-0.03978014,0.02957988,-9.81,0.0,0.0,0.1000061
10.23,10.18,10.3,10.29,10.25,3.3825000000000003,-0.1999817,-0.1897202,0.0,1.3999629999999998,1261.0,139.13,5.917925347222223,279.32045312500003,747.52,-0.1897202,0.0,-9.81,0.0,0.0,-0.1999817
0.0,0.0,0.0,0.0,0.0,0.0,0.1000061,0.009180069,0.0,73.0,794.0,139.44,5.532426215277778,219.74365625,748.8000000000001,0.009180069,0.0,-9.81,0.0,0.0,0.1000061
0.0,0.0,0.0,0.0,0.0,0.0,0.1000061,-0.03978014,0.02957988,3.700012,892.0,96.44,5.820724826388889,230.015953125,750.08,-0.03978014,0.02957988,-9.81,0.0,0.0,0.1000061
36.22,37.58,35.87999,37.34999000000001,36.757495000000006,12.129973350000002,14.39999,0.009180069,0.29988,0.0,1625.0,129.42,6.638263888888889,238.44896874999998,751.36,0.009180069,0.29988,-9.81,0.0,0.0,14.39999
41.42,41.27,41.31,41.28,41.32,13.6356,0.1000061,-0.03978014,-0.009180069,203.0,1227.0,78.41,6.212018229166667,233.034453125,752.64,-0.03978014,-0.009180069,-9.81,0.0,0.0,0.1000061
0.0,0.0,0.0,0.0,0.0,0.0,0.0,-0.03978014,0.02957988,3.899963,837.0,96.1,4.552005208333333,242.42225,753.92,-0.03978014,0.02957988,-9.81,0.0,0.0,0.0
0.0,0.0,0.0,0.0,0.0,0.0,0.3000183,-0.03978014,0.02957988,3.899963,845.0,96.05,4.59490017361111,242.85440624999998,755.2,-0.03978014,0.02957988,-9.81,0.0,0.0,0.3000183
0.0,0.0,0.0,0.0,0.0,0.0,0.1000061,-0.03978014,0.02957988,3.899963,885.0,95.75,2.8206727430555554,212.24284374999996,756.48,-0.03978014,0.02957988,-9.81,0.0,0.0,0.1000061
37.92,37.95,37.81,37.75,37.8575,12.492975000000001,-0.1000061,0.13974,-0.009180069,19.79999,2389.0,130.92,3.858350694444444,149.49446875,757.76,0.13974,-0.009180069,-9.81,0.0,0.0,-0.1000061
0.0,0.0,0.0,0.0,0.0,0.0,0.1000061,-0.04997993,0.0397799,4.0,888.0,95.37,6.110681423611111,111.686578125,759.04,-0.04997993,0.0397799,-9.81,0.0,0.0,0.1000061
0.0,0.0,0.0,0.0,0.0,0.0,0.1000061,-0.03978014,0.02957988,1.0,883.0,95.28,8.007469618055556,136.611859375,760.32,-0.03978014,0.02957988,-9.81,0.0,0.0,0.1000061
89.40999000000002,89.2,89.23999,88.92,89.19249500000002,29.43352335000001,-0.3999939,-0.009180069,0.0,21.5,2739.0,128.8,9.772335069444445,185.955109375,761.6,-0.009180069,0.0,-9.81,0.0,0.0,-0.3999939
0.0,0.0,0.0,0.0,0.0,0.0,0.0,-0.03978014,0.02957988,1.599976,853.0,95.4,9.547799479166667,106.29818749999998,762.88,-0.03978014,0.02957988,-9.81,0.0,0.0,0.0
84.67999,84.7,84.5,84.3,84.54499750000001,27.899849175000003,-0.1000061,-0.009180069,0.0,19.20001,2586.0,122.32,10.231375868055554,116.43835937499999,764.16,-0.009180069,0.0,-9.81,0.0,0.0,-0.1000061
38.31,38.81999,38.19,38.73999,38.514995,12.70994835,5.300018,0.009180069,0.1193398999999999,178.9,1590.0,97.52,9.807191840277778,201.809515625,765.44,0.009180069,0.1193398999999999,-9.81,0.0,0.0,5.300018
22.96,23.0,22.99,22.93999,22.972497500000003,7.580924175000002,0.0,-0.01938009,0.02957988,0.0,1283.0,141.8,9.903554687499998,202.78617187499998,766.72,-0.01938009,0.02957988,-9.81,0.0,0.0,0.0
40.31,40.28,40.22,40.23,40.26,13.2858,0.2000122,-0.009180069,0.0,201.5,1619.0,99.86,9.678532986111112,211.08828125000002,768.0,-0.009180069,0.0,-9.81,0.0,0.0,0.2000122
30.95,30.98999,30.98,30.879990000000003,30.949995,10.21349835,0.0,-0.1091398999999999,0.0,202.7,1193.0,100.73,9.443485243055555,269.966546875,769.28,-0.1091398999999999,0.0,-9.81,0.0,0.0,0.0
17.64999,15.53,17.25,15.07,16.3749975,5.403749175,-23.5,-0.1193398999999999,-0.26928,207.0,1264.0,138.91,8.191649305555554,188.53168750000003,770.5600000000001,-0.1193398999999999,-0.26928,-9.81,0.0,0.0,-23.5
13.75999,13.6,13.62,13.57,13.6374975,4.500374175,-0.6000061,-0.1091398999999999,-0.01938009,209.6,1262.0,101.2,7.530824652777778,200.94209374999997,771.84,-0.1091398999999999,-0.01938009,-9.81,0.0,0.0,-0.6000061
0.0,0.0,0.0,0.0,0.0,0.0,-0.1999817,0.0,-0.009180069,206.0,809.0,101.92,7.390121527777778,201.03756249999998,773.12,0.0,-0.009180069,-9.81,0.0,0.0,-0.1999817
0.0,0.0,0.0,0.0,0.0,0.0,0.0,0.0,-0.009180069,206.0,782.0,102.61,7.488042534722223,208.04337499999997,774.4,0.0,-0.009180069,-9.81,0.0,0.0,0.0
28.179990000000004,27.96,28.20999,27.96,28.077495,9.26557335,-2.399994,0.0,-0.03978014,5.5,1665.0,136.18,9.494127604166668,204.8321875,775.6800000000001,0.0,-0.03978014,-9.81,0.0,0.0,-2.399994
90.70999,90.7,90.51999,90.28,90.552495,29.88232335,0.0,-0.009180069,0.0,20.09998,2256.0,124.5,10.38804253472222,205.29843749999998,776.96,-0.009180069,0.0,-9.81,0.0,0.0,0.0
32.87999,32.91,32.84,32.89,32.8799975,10.850399175000002,0.3999939,0.0,0.02957988,199.3,1406.0,103.31,10.616315104166667,204.1381875,778.24,0.0,0.02957988,-9.81,0.0,0.0,0.3999939
30.84,31.09999,30.87,31.09999,30.977494999999998,10.22257335,3.300018,-0.03978014,0.04997993,0.0,1252.0,137.72,10.323819444444444,198.88884375,779.52,-0.03978014,0.04997993,-9.81,0.0,0.0,3.300018
0.0,0.0,0.0,0.0,0.0,0.0,0.1000061,-0.03978014,0.02957988,3.5,858.0,94.93,9.927391493055556,197.51440624999998,780.8000000000001,-0.03978014,0.02957988,-9.81,0.0,0.0,0.1000061
36.14999,36.22,36.099990000000005,36.03,36.124995,11.92124835,0.2000122,0.01937985,-0.03978014,203.0,1498.0,105.33,9.989735243055556,197.149140625,782.08,0.01937985,-0.03978014,-9.81,0.0,0.0,0.2000122
25.32999,25.05,25.39,25.11,25.2199975,8.322599175,-2.399994,-0.01938009,0.0,4.0,1543.0,135.39,10.726006944444444,267.36312499999997,783.36,-0.01938009,0.0,-9.81,0.0,0.0,-2.399994
93.75,93.81999,93.76999,93.36,93.67499500000001,30.912748350000005,-0.5,-0.01938009,-0.01938009,21.79999,2322.0,127.96,10.243993055555556,268.11299999999994,784.64,-0.01938009,-0.01938009,-9.81,0.0,0.0,-0.5
88.40999000000002,88.28,88.17999,87.92999,88.19999250000001,29.105997525000003,-0.6999816999999999,0.0,-0.009180069,21.79999,2198.0,130.65,9.202096354166667,260.13631250000003,785.9200000000001,0.0,-0.009180069,-9.81,0.0,0.0,-0.6999816999999999
82.89999,82.86,82.70999,82.59999,82.7674925,27.313272525000002,-0.5,0.0,0.0,21.29999,2055.0,131.66,10.294231770833333,188.53193749999997,787.2,0.0,0.0,-9.81,0.0,0.0,-0.5
0.0,0.0,0.0,0.0,0.0,0.0,0.1000061,-0.03978014,0.02957988,3.299988,843.0,95.05,10.759722222222223,260.61928125,788.48,-0.03978014,0.02957988,-9.81,0.0,0.0,0.1000061
25.75999,25.35,25.66,25.29,25.5149975,8.419949175000001,-3.899994,-0.14994,-0.04997993,227.3,1027.0,102.39,9.844231770833332,259.10265625,789.76,-0.14994,-0.04997993,-9.81,0.0,0.0,-3.899994
91.08,91.08,90.89,90.58,90.9075,29.999475,0.0,0.0,0.0,21.20001,2880.0,135.52,8.3763671875,259.70434375,791.04,0.0,0.0,-9.81,0.0,0.0,0.0
0.0,0.0,0.0,0.0,0.0,0.0,0.0,-0.01938009,-0.009180069,68.79999000000001,789.0,102.52,7.908038194444444,242.50989062500003,792.32,-0.01938009,-0.009180069,-9.81,0.0,0.0,0.0
91.25999,91.15999,91.17999,90.81,91.1024925,30.063822525,-0.6999816999999999,0.0397799,-0.01938009,21.79999,2430.0,140.06,8.466948784722222,241.64571875,793.6,0.0397799,-0.01938009,-9.81,0.0,0.0,-0.6999816999999999
92.17,92.09,92.11,91.75999,92.0324975,30.370724175000003,0.0,-0.009180069,0.01937985,19.79999,2290.0,141.54,8.108077256944444,239.63887499999998,794.88,-0.009180069,0.01937985,-9.81,0.0,0.0,0.0
90.62999,90.55,90.58,90.19,90.4874975,29.860874175000003,-0.2999878,-0.009180069,0.0,21.29999,2252.0,142.13,7.5217491319444445,238.923859375,796.16,-0.009180069,0.0,-9.81,0.0,0.0,-0.2999878
0.0,0.0,0.0,0.0,0.0,0.0,0.1000061,-0.03978014,0.02957988,3.700012,852.0,94.53,7.417868923611111,243.53259375,797.44,-0.03978014,0.02957988,-9.81,0.0,0.0,0.1000061
90.62999,90.64,90.45,90.2,90.4799975,29.858399175,0.0,0.0397799,0.01937985,19.20001,2703.0,144.55,10.622595486111111,176.40596875,798.72,0.0397799,0.01937985,-9.81,0.0,0.0,0.0
21.39,21.48,21.25999,21.32,21.362497500000003,7.049624175000002,2.200012,0.09995985,0.0,0.0,1918.0,134.21,10.962074652777776,158.736109375,800.0,0.09995985,0.0,-9.81,0.0,0.0,2.200012
24.12,24.05,24.02,24.03,24.055,7.93815,-0.5,0.0397799,-0.009180069,0.0,1494.0,134.24,11.122838541666667,174.21756249999999,801.28,0.0397799,-0.009180069,-9.81,0.0,0.0,-0.5
20.6,20.7,20.46999,20.56,20.5824975,6.792224175,1.100006,-0.03978014,0.02957988,0.0,1308.0,134.66,9.607243923611112,141.554140625,802.5600000000001,-0.03978014,0.02957988,-9.81,0.0,0.0,1.100006
89.53,89.64,89.34,89.14999,89.4149975,29.506949175000003,0.0,0.0397799,0.0,20.5,2255.0,149.36,9.615043402777776,136.646515625,803.84,0.0397799,0.0,-9.81,0.0,0.0,0.0
102.24,102.26,102.09,101.83,102.105,33.69465,0.0,0.0397799,0.009180069,19.29999,2525.0,151.15,8.994817708333333,134.810609375,805.12,0.0397799,0.009180069,-9.81,0.0,0.0,0.0
24.55,24.29,24.54,24.29,24.417499999999997,8.057775,-2.5,0.0,0.0,215.0,1451.0,109.87,9.6273828125,152.521515625,806.4,0.0,0.0,-9.81,0.0,0.0,-2.5
107.09,106.92,107.11,106.67,106.9475,35.292675,-0.2999878,-0.01938009,0.0,21.0,2649.0,142.17,9.763680555555554,171.04571875,807.6800000000001,-0.01938009,0.0,-9.81,0.0,0.0,-0.2999878
108.81,108.62,108.68,108.2,108.5775,35.830575,-0.3999939,-0.009180069,-0.02958012,22.09998,2703.0,140.04,9.854565972222222,177.87428124999997,808.96,-0.009180069,-0.02958012,-9.81,0.0,0.0,-0.3999939
108.05,107.92,108.06,107.6,107.9075,35.609475,0.0,-0.06936002,0.009180069,19.5,2675.0,137.82,10.0794140625,178.75059375,810.24,-0.06936002,0.009180069,-9.81,0.0,0.0,0.0
0.0,0.0,0.0,0.0,0.0,0.0,0.1000061,-0.03978014,0.02957988,5.099976,869.0,94.5,10.79779079861111,180.882,811.52,-0.03978014,0.02957988,-9.81,0.0,0.0,0.1000061
25.55,25.5,25.52,25.42,25.4975,8.414175,-0.2999877999999999,0.08976007,0.01937985,203.1,1501.0,101.2,10.691293402777777,197.785375,812.8000000000001,0.08976007,0.01937985,-9.81,0.0,0.0,-0.2999877999999999
28.34999,28.31,28.25,28.17,28.2699975,9.329099175,0.1000061,0.009180069,0.009180069,201.6,1626.0,101.23,11.084483506944444,204.15346875,814.08,0.009180069,0.009180069,-9.81,0.0,0.0,0.1000061
27.34,27.28,27.25999,27.25999,27.284995000000002,9.004048350000001,0.2000122,0.0,-0.009180069,0.0,1609.0,133.86,11.417881944444442,204.60346875,815.36,0.0,-0.009180069,-9.81,0.0,0.0,0.2000122
23.89999,23.84,23.89999,23.93,23.892494999999997,7.884523349999999,0.8999939,-0.1193398999999999,0.0,194.7,1231.0,97.31,9.903467881944444,202.228546875,816.64,-0.1193398999999999,0.0,-9.81,0.0,0.0,0.8999939
21.45,21.98,21.37,21.95,21.6875,7.156875,6.700011999999999,-0.09996009,0.08976007,0.0,1254.0,132.52,9.538671874999999,197.38915624999998,817.9200000000001,-0.09996009,0.08976007,-9.81,0.0,0.0,6.700011999999999
97.98,98.06999,98.06,97.53999,97.912495,32.31112335,-0.1999817,0.02957988,0.0,21.39996,2427.0,119.08,8.676653645833333,98.4496875,819.2,0.02957988,0.0,-9.81,0.0,0.0,-0.1999817
99.72,99.64999,99.73999,99.39999,99.6274925,32.877072525,-0.8999939,0.009180069,-0.03978014,23.20001,2476.0,118.19,9.040646701388889,99.10490624999998,820.48,0.009180069,-0.03978014,-9.81,0.0,0.0,-0.8999939
29.42,29.23,29.41,29.31,29.3425,9.683025,-0.6000061,-0.04997993,-0.01938009,0.0,1159.0,129.78,9.418328993055557,106.83965624999999,821.76,-0.04997993,-0.01938009,-9.81,0.0,0.0,-0.6000061
26.39,26.43,26.38,26.35,26.387500000000003,8.707875000000001,0.0,-0.08976007,0.0,0.0,1066.0,129.31,9.3824609375,113.39251562499999,823.04,-0.08976007,0.0,-9.81,0.0,0.0,0.0
11.72,11.14999,11.64999,11.17,11.422495000000001,3.7694233500000007,-5.199982,0.05915999,-0.01938009,254.6,1741.0,104.44,9.20384548611111,117.67875000000001,824.32,0.05915999,-0.01938009,-9.81,0.0,0.0,-5.199982
106.03,105.88,106.01,105.61,105.88250000000001,34.941225,-0.6000061,-0.03978014,-0.009180069,21.5,2632.0,111.16,9.354735243055554,113.85010937499999,825.6,-0.03978014,-0.009180069,-9.81,0.0,0.0,-0.6000061
30.20999,30.20999,30.25,30.23999,30.227492500000004,9.975072525000002,0.8999939,-0.03978014,0.0,198.9,1184.0,97.59,10.751332465277777,129.83625,826.88,-0.03978014,0.0,-9.81,0.0,0.0,0.8999939
0.0,0.0,0.0,0.0,0.0,0.0,0.0,-0.03978014,0.02957988,3.200012,861.0,94.93,12.289279513888888,135.79609374999998,828.16,-0.03978014,0.02957988,-9.81,0.0,0.0,0.0
43.849990000000005,43.73,43.91,43.72,43.8024975,14.454824175,-0.6999816999999999,0.01937985,-0.03978014,0.0,1772.0,126.57,12.218506944444444,137.0308125,829.44,0.01937985,-0.03978014,-9.81,0.0,0.0,-0.6999816999999999
48.67999,48.55,48.75999,48.62,48.652495,16.055323350000002,0.6000061,0.0,-0.009180069,0.0,1524.0,124.62,10.831163194444445,124.24170312499999,830.72,0.0,-0.009180069,-9.81,0.0,0.0,0.6000061
0.0,0.0,0.0,0.0,0.0,0.0,0.1000061,-0.03978014,0.02957988,3.5,878.0,95.57,12.208029513888889,130.06574999999998,832.0,-0.03978014,0.02957988,-9.81,0.0,0.0,0.1000061
0.0,0.0,0.0,0.0,0.0,0.0,0.3000183,-0.03978014,0.02957988,3.5,832.0,95.64,11.99079861111111,155.201671875,833.28,-0.03978014,0.02957988,-9.81,0.0,0.0,0.3000183
41.67,41.67999,41.62,41.61,41.6449975,13.742849175000002,-0.1000061,0.06936002,0.0,0.0,1743.0,127.52,11.6494140625,158.41034374999998,834.5600000000001,0.06936002,0.0,-9.81,0.0,0.0,-0.1000061
98.78,98.75,98.83,98.48999,98.71249750000001,32.575124175000006,-0.6999816999999999,-0.05915999,-0.02958012,22.39996,2444.0,95.64,11.532938368055556,156.95076562499997,835.84,-0.05915999,-0.02958012,-9.81,0.0,0.0,-0.6999816999999999
0.0,0.0,0.0,0.0,0.0,0.0,0.1000061,-0.03978014,0.02957988,3.5,854.0,95.75,11.725859374999999,156.450046875,837.12,-0.03978014,0.02957988,-9.81,0.0,0.0,0.1000061
0.0,0.0,0.0,0.0,0.0,0.0,0.1000061,-0.03978014,0.0397799,3.5,865.0,95.82,12.320234375000002,157.29773437499998,838.4,-0.03978014,0.0397799,-9.81,0.0,0.0,0.1000061
95.47,95.40999,95.36,94.81999,95.264995,31.43744835,-1.100006,0.01937985,-0.02958012,24.0,2418.0,80.18,12.567855902777776,164.1919375,839.6800000000001,0.01937985,-0.02958012,-9.81,0.0,0.0,-1.100006
17.34,16.98,17.12,16.939989999999998,17.094997499999998,5.641349174999999,-3.0,0.14994,0.0397799,223.3,1806.0,96.16,12.202495659722222,167.53889062499996,840.96,0.14994,0.0397799,-9.81,0.0,0.0,-3.0
0.0,0.0,0.0,0.0,0.0,0.0,0.1000061,-0.03978014,0.02957988,2.899963,851.0,96.18,12.364127604166665,168.565875,842.24,-0.03978014,0.02957988,-9.81,0.0,0.0,0.1000061
98.17,98.11,98.01999,97.56999,97.967495,32.32927335,-0.8999939,0.0,0.009180069,21.59998,2431.0,72.76,12.456059027777776,169.83212500000002,843.52,0.0,0.009180069,-9.81,0.0,0.0,-0.8999939
83.08,82.90999000000002,82.95,82.55,82.87249750000001,27.347924175000003,-1.199982,0.009180069,0.0,22.0,2064.0,72.23,12.123307291666666,176.433,844.8000000000001,0.009180069,0.0,-9.81,0.0,0.0,-1.199982
60.14999,60.12,59.92999,59.89999,60.0249925,19.808247525000002,0.8000183000000001,0.02957988,0.05915999,0.0,1549.0,129.42,12.669023437499998,175.95660937499997,846.08,0.02957988,0.05915999,-9.81,0.0,0.0,0.8000183000000001
0.0,0.0,0.0,0.0,0.0,0.0,0.1000061,-0.03978014,0.02957988,3.0,868.0,97.3,13.457200520833332,175.85665625000001,847.36,-0.03978014,0.02957988,-9.81,0.0,0.0,0.1000061
0.0,0.0,0.0,0.0,0.0,0.0,0.1000061,-0.03978014,0.02957988,3.200012,857.0,98.1,8.19455295138889,172.043078125,848.64,-0.03978014,0.02957988,-9.81,0.0,0.0,0.1000061
27.25999,27.25,27.28,27.25999,27.262495,8.99662335,1.0,-0.06936002,0.0,0.0,1101.0,118.29,7.267721354166667,147.55681249999998,849.9200000000001,-0.06936002,0.0,-9.81,0.0,0.0,1.0
17.25999,16.88,17.14,16.78,17.0149975,5.6149491750000005,-4.399994,0.009180069,0.0,18.79999,1626.0,118.92,10.61806423611111,151.55124999999998,851.2,0.009180069,0.0,-9.81,0.0,0.0,-4.399994
17.11,17.09,17.09,17.06,17.087500000000002,5.6388750000000005,0.0,0.009180069,0.0,0.0,1502.0,117.83,10.481180555555556,153.437484375,852.48,0.009180069,0.0,-9.81,0.0,0.0,0.0
56.62,56.64,56.28999,56.25,56.449997499999995,18.628499174999998,0.3000183,0.04997993,0.0,201.3,1820.0,101.04,10.811480034722223,151.79284374999997,853.76,0.04997993,0.0,-9.81,0.0,0.0,0.3000183
0.0,0.0,0.0,0.0,0.0,0.0,0.1000061,-0.03978014,0.0397799,1.0,872.0,97.29,10.816766493055555,152.34309375,855.04,-0.03978014,0.0397799,-9.81,0.0,0.0,0.1000061
20.24,20.29,20.16,20.24,20.232499999999998,6.676724999999999,1.200012,0.01937985,0.0397799,0.0,1922.0,117.85,10.843793402777777,151.927171875,856.32,0.01937985,0.0397799,-9.81,0.0,0.0,1.200012
67.34999,67.26999,67.28999,67.06,67.2424925,22.190022525,-0.6000061,-0.009180069,-0.02958012,204.6,1713.0,98.38,11.247222222222222,153.011015625,857.6,-0.009180069,-0.02958012,-9.81,0.0,0.0,-0.6000061
14.88,14.92,14.87,14.73,14.850000000000001,4.900500000000001,0.0,-0.01938009,0.0,0.0,1265.0,118.07,10.791414930555556,151.82040625000002,858.88,-0.01938009,0.0,-9.81,0.0,0.0,0.0
68.89,68.76999,68.73999,68.5,68.724995,22.67924835,-0.2999877999999999,-0.009180069,-0.009180069,203.1,1704.0,97.3,10.676471354166667,153.06746875,860.16,-0.009180069,-0.009180069,-9.81,0.0,0.0,-0.2999877999999999
83.05,82.95999,82.87999,82.73999,82.90749250000002,27.359472525000008,0.0,-0.02958012,0.0,21.29999,2069.0,100.62,10.9568359375,129.15059374999998,861.44,-0.02958012,0.0,-9.81,0.0,0.0,0.0
72.23999,72.26999,72.06999,72.00999,72.14749,23.8086717,0.5,0.0,0.02957988,199.8,1792.0,93.75,10.742113715277778,177.085765625,862.72,0.0,0.02957988,-9.81,0.0,0.0,0.5
0.0,0.0,0.0,0.0,0.0,0.0,0.1000061,-0.03978014,0.02957988,1.700012,879.0,97.37,11.254626736111112,183.648015625,864.0,-0.03978014,0.02957988,-9.81,0.0,0.0,0.1000061
82.17,82.15999000000002,82.28,81.92,82.1324975,27.103724175,0.0,-0.06936002,0.01937985,20.09998,2011.0,97.89,12.357556423611111,166.124375,865.28,-0.06936002,0.01937985,-9.81,0.0,0.0,0.0
0.0,0.0,0.0,0.0,0.0,0.0,0.0,-0.03978014,0.02957988,1.5,872.0,97.57,12.287421875,272.003421875,866.5600000000001,-0.03978014,0.02957988,-9.81,0.0,0.0,0.0
0.0,0.0,0.0,0.0,0.0,0.0,0.1000061,-0.03978014,0.02957988,0.0,871.0,97.57,12.3373828125,282.31206249999997,867.84,-0.03978014,0.02957988,-9.81,0.0,0.0,0.1000061
30.039990000000003,30.09999,30.06999,30.06999,30.06999,9.9230967,0.3999939,-0.06936002,-0.01938009,0.0,1207.0,118.36,11.975533854166667,282.15779687500003,869.12,-0.06936002,-0.01938009,-9.81,0.0,0.0,0.3999939
61.58,61.62,61.459990000000005,61.39999,61.514995,20.29994835,0.0,-0.009180069,0.0,202.1,1591.0,96.11,10.231163194444443,275.68515625,870.4,-0.009180069,0.0,-9.81,0.0,0.0,0.0
57.67,57.69,57.62999,57.36,57.5874975,19.003874175,-0.2999877999999999,0.0,-0.009180069,205.1,1869.0,96.71,11.139058159722222,160.32545312499997,871.6800000000001,0.0,-0.009180069,-9.81,0.0,0.0,-0.2999877999999999
57.50999,57.42,57.50999,57.19,57.407495,18.94447335,-0.2999877999999999,0.01937985,-0.01938009,204.4,1766.0,97.3,11.751957465277776,122.910421875,872.96,0.01937985,-0.01938009,-9.81,0.0,0.0,-0.2999877999999999
35.02,35.099990000000005,34.89999,34.8,34.954995,11.53514835,0.5,0.06936002,-0.01938009,0.0,1984.0,119.77,12.08927517361111,121.8859375,874.24,0.06936002,-0.01938009,-9.81,0.0,0.0,0.5
87.09999,87.19,86.98,86.70999,86.994995,28.70834835,0.0,0.01937985,0.0,20.20001,2159.0,82.78,12.252582465277776,120.90657812499998,875.52,0.01937985,0.0,-9.81,0.0,0.0,0.0
87.65999000000002,87.70999,87.67,87.3,87.584995,28.903048350000002,0.0,-0.009180069,0.0,20.09998,2175.0,81.93,12.233815104166666,121.89573437499999,876.8000000000001,-0.009180069,0.0,-9.81,0.0,0.0,0.0
36.42,36.459990000000005,36.5,36.37999,36.439995,12.025198350000002,0.0,-0.01938009,-0.02958012,0.0,1471.0,122.88,11.007057291666667,118.406796875,878.08,-0.01938009,-0.02958012,-9.81,0.0,0.0,0.0
0.0,0.0,0.0,0.0,0.0,0.0,0.1000061,-0.03978014,0.02957988,2.200012,870.0,97.75,9.434270833333333,206.698921875,879.36,-0.03978014,0.02957988,-9.81,0.0,0.0,0.1000061
0.0,0.0,0.0,0.0,0.0,0.0,0.2000122,-0.03978014,0.02957988,2.0,861.0,97.78,9.212677951388889,203.59604687499998,880.64,-0.03978014,0.02957988,-9.81,0.0,0.0,0.2000122
13.14999,13.1,13.03,12.85,13.0324975,4.300724175,-0.7999878,0.2498998999999999,-0.02958012,0.0,1933.0,126.38,11.057847222222222,123.29840624999999,881.9200000000001,0.2498998999999999,-0.02958012,-9.81,0.0,0.0,-0.7999878
92.09999,92.12,92.05,91.83,92.0249975,30.368249175,0.8999939,-0.04997993,0.02957988,18.20001,2253.0,70.22,11.595104166666667,122.746625,883.2,-0.04997993,0.02957988,-9.81,0.0,0.0,0.8999939
0.0,0.0,0.0,0.0,0.0,0.0,0.2000122,-0.03978014,0.02957988,0.0,850.0,97.85,11.759314236111111,119.32978125,884.48,-0.03978014,0.02957988,-9.81,0.0,0.0,0.2000122
31.14,30.98,30.98999,30.78,30.972497500000003,10.220924175000002,-1.399994,0.12954,-0.04997993,0.0,2705.0,129.83,11.961258680555556,120.28254687499998,885.76,0.12954,-0.04997993,-9.81,0.0,0.0,-1.399994
98.84,98.84999,98.81999,98.62999,98.78499250000002,32.599047525,0.3999939,-0.04997993,0.02957988,19.09998,2448.0,64.68,19.099557291666663,50.7730625,887.04,-0.04997993,0.02957988,-9.81,0.0,0.0,0.3999939
95.34,95.28999,95.45,95.05,95.2824975,31.443224175000005,0.2000122,-0.03978014,0.009180069,19.59998,2372.0,64.17,19.092031249999998,49.707359374999996,888.32,-0.03978014,0.009180069,-9.81,0.0,0.0,0.2000122
54.17999,54.12,54.23,54.00999,54.134995,17.864548350000003,-0.5,0.0,-0.009180069,0.0,1736.0,134.44,18.821315104166665,51.736234374999995,889.6,0.0,-0.009180069,-9.81,0.0,0.0,-0.5
41.33,41.59,41.47,41.42999,41.4549975,13.680149175,1.300018,-0.03978014,0.0,197.3,1220.0,100.26,16.6409765625,166.341078125,890.88,-0.03978014,0.0,-9.81,0.0,0.0,1.300018
33.27,33.33,33.28999,33.23999,33.282495,10.98322335,-0.1000061,0.01937985,0.0,0.0,1408.0,116.34,11.99392361111111,249.555875,892.16,0.01937985,0.0,-9.81,0.0,0.0,-0.1000061
0.0,0.0,0.0,0.0,0.0,0.0,-0.1999817,0.009180069,0.0,173.0,784.0,101.19,11.364114583333333,249.281796875,893.44,0.009180069,0.0,-9.81,0.0,0.0,-0.1999817
0.0,0.0,0.0,0.0,0.0,0.0,0.0,0.009180069,-0.009180069,173.0,809.0,101.07,9.70841579861111,217.73759374999997,894.72,0.009180069,-0.009180069,-9.81,0.0,0.0,0.0
85.48,85.47,85.33,85.01999,85.3249975,28.157249175,0.3999939,0.06936002,0.009180069,19.59998,2629.0,61.38,10.100785590277777,153.356734375,896.0,0.06936002,0.009180069,-9.81,0.0,0.0,0.3999939
17.77,18.59,17.79,18.55,18.175,5.997750000000001,8.700012,-0.03978014,0.13974,0.0,1262.0,121.06,12.211883680555555,227.9966875,897.28,-0.03978014,0.13974,-9.81,0.0,0.0,8.700012
87.47,87.67999,87.39,87.0,87.3849975,28.837049175,0.8000183000000001,0.0,0.01937985,17.39996,2167.0,72.6,12.840073784722222,124.72745312500001,898.5600000000001,0.0,0.01937985,-9.81,0.0,0.0,0.8000183000000001
55.75,55.72,55.81999,55.62999,55.729994999999995,18.39089835,0.2000122,0.009180069,0.0,200.9,1706.0,100.4,16.04200954861111,204.274859375,899.84,0.009180069,0.0,-9.81,0.0,0.0,0.2000122
22.64,22.75999,22.68,22.71999,22.699995,7.490998350000001,0.8000183000000001,-0.03978014,0.0,0.0,1173.0,124.89,14.453072916666667,197.576875,901.12,-0.03978014,0.0,-9.81,0.0,0.0,0.8000183000000001
84.75,84.75,84.64,84.45999,84.6499975,27.934499175,0.3000183,0.0,0.0,19.89996,2109.0,80.55,10.998945312499998,201.744203125,902.4,0.0,0.0,-9.81,0.0,0.0,0.3000183
88.06999,87.97,87.98,87.70999,87.932495,29.01772335,-0.2999878,-0.01938009,0.0,21.0,2541.0,81.41,10.05802517361111,206.22825,903.6800000000001,-0.01938009,0.0,-9.81,0.0,0.0,-0.2999878
18.28,18.43999,18.36,18.36,18.3599975,6.058799175,0.8000183000000001,-0.009180069,0.0,196.9,1208.0,102.09,10.83388888888889,214.86618750000002,904.96,-0.009180069,0.0,-9.81,0.0,0.0,0.8000183000000001
4.089996,4.099998,4.079994,4.089996,4.089996,1.3496986800000002,-0.1000061,0.009180069,-0.009180069,199.9,906.0,102.31,10.460941840277778,231.91581250000002,906.24,0.009180069,-0.009180069,-9.81,0.0,0.0,-0.1000061
2.7099990000000003,2.68,2.619995,2.619995,2.65749725,0.8769740925,-0.1999817,0.02957988,-0.009180069,204.4,893.0,102.37,12.052838541666667,232.0223125,907.52,0.02957988,-0.009180069,-9.81,0.0,0.0,-0.1999817
98.36,98.14,98.17999,97.73,98.1024975,32.373824175,-0.2999878,-0.02958012,0.0,20.5,2433.0,82.91,11.757647569444444,210.377203125,908.8000000000001,-0.02958012,0.0,-9.81,0.0,0.0,-0.2999878
95.40999,95.39,95.40999,95.01999,95.3074925,31.451472525,-0.1000061,-0.04997993,-0.009180069,21.70001,2350.0,80.72,11.237039930555556,141.53796875,910.08,-0.04997993,-0.009180069,-9.81,0.0,0.0,-0.1000061
34.8,34.87,34.73999,34.73,34.784997499999996,11.479049174999998,0.2000122,-0.02958012,0.01937985,0.0,1404.0,120.42,11.960403645833333,138.59178125000003,911.36,-0.02958012,0.01937985,-9.81,0.0,0.0,0.2000122
0.0,0.0,0.0,0.0,0.0,0.0,0.0,0.0,0.0,199.3,784.0,103.26,12.682790798611112,145.36170312500002,912.64,0.0,0.0,-9.81,0.0,0.0,0.0
29.7,29.53,29.78,29.47,29.62,9.774600000000001,-1.299988,-0.09996009,-0.009180069,0.0,1194.0,121.92,12.061467013888889,142.814203125,913.9200000000001,-0.09996009,-0.009180069,-9.81,0.0,0.0,-1.299988
17.43,16.89,17.35,16.78,17.1125,5.647125000000001,-5.799988,0.09995985,-0.06936002,39.0,1517.0,125.11,13.134700520833333,110.528015625,915.2,0.09995985,-0.06936002,-9.81,0.0,0.0,-5.799988
102.51,102.57,102.6,102.21,102.47249999999998,33.81592499999999,0.3999939,-0.05915999,0.01937985,18.39996,2543.0,42.82,14.115768229166665,162.72975000000002,916.48,-0.05915999,0.01937985,-9.81,0.0,0.0,0.3999939
103.14,103.12,103.14,102.72,103.03,33.999900000000004,0.0,0.0,0.009180069,19.79999,2566.0,41.25,12.900642361111112,223.19646875,917.76,0.0,0.009180069,-9.81,0.0,0.0,0.0
21.03,21.02,20.95,20.96,20.990000000000002,6.926700000000001,-0.1000061,-0.009180069,0.0,201.7,1254.0,103.45,12.834348958333333,327.284828125,919.04,-0.009180069,0.0,-9.81,0.0,0.0,-0.1000061
20.54,20.63,20.57,20.54,20.57,6.7881,0.5,-0.009180069,0.0,199.3,1251.0,103.39,13.07412326388889,323.402515625,920.32,-0.009180069,0.0,-9.81,0.0,0.0,0.5
32.19,31.379990000000003,32.00999,31.2,31.694995000000002,10.45934835,-8.299988,0.04997993,-0.07956004,28.5,1500.0,129.69,12.096714409722221,332.72707812500005,921.6,0.04997993,-0.07956004,-9.81,0.0,0.0,-8.299988
99.75999,99.92999,99.73999,99.33,99.6899925,32.897697525000005,0.8999939,0.01937985,0.01937985,18.20001,2475.0,38.77,12.53874565972222,326.21660937499996,922.88,0.01937985,0.01937985,-9.81,0.0,0.0,0.8999939
101.58,101.62,101.61,101.18,101.4975,33.494175000000006,0.3000183,0.01937985,0.0397799,17.89996,2515.0,38.72,12.940707465277779,223.604234375,924.16,0.01937985,0.0397799,-9.81,0.0,0.0,0.3000183
19.75999,21.35,19.64999,21.13,20.472495,6.75592335,17.60001,-0.03978014,0.2101199999999999,0.0,1184.0,132.07,12.172135416666666,314.85103125,925.44,-0.03978014,0.2101199999999999,-9.81,0.0,0.0,17.60001
103.11,103.03,102.96,102.53,102.9075,33.959475000000005,-0.2999878,0.009180069,0.0,19.79999,2563.0,38.55,13.734192708333332,319.226828125,926.72,0.009180069,0.0,-9.81,0.0,0.0,-0.2999878
30.87,30.98,30.77,30.92,30.885,10.192050000000002,1.800018,0.0,0.01937985,0.0,1301.0,130.69,14.531783854166667,315.820140625,928.0,0.0,0.01937985,-9.81,0.0,0.0,1.800018
25.50999,25.59,25.64,25.6,25.5849975,8.443049175,0.3999939,0.009180069,-0.009180069,200.1,1527.0,103.53,14.425503472222221,313.038109375,929.28,0.009180069,-0.009180069,-9.81,0.0,0.0,0.3999939
0.0,0.0,0.0,0.0,0.0,0.0,0.0,0.009180069,-0.009180069,201.3,811.0,105.21,12.015151909722222,305.44893750000006,930.5600000000001,0.009180069,-0.009180069,-9.81,0.0,0.0,0.0
3.879997,3.869995,3.869995,3.860001,3.869997,1.2770990100000001,-0.1000061,-0.009180069,0.0,201.3,851.0,105.08,11.199947916666666,300.2484999999999,931.84,-0.009180069,0.0,-9.81,0.0,0.0,-0.1000061
11.98,9.919998,11.38,9.389999,10.667499249999999,3.5202747524999998,-22.69998,0.0397799,-0.14994,279.5,1658.0,127.81,10.638025173611112,310.627953125,933.12,0.0397799,-0.14994,-9.81,0.0,0.0,-22.69998
10.56,10.45,10.52,10.43,10.489999999999998,3.4616999999999996,-1.100006,-0.02958012,0.0,8.5,1175.0,128.68,12.43494357638889,329.42,934.4,-0.02958012,0.0,-9.81,0.0,0.0,-1.100006
9.93,9.869995,9.93,9.839996,9.89249775,3.2645242575,-0.7999878,0.1091398999999999,-0.009180069,5.399963,1307.0,128.83,12.267252604166664,327.837125,935.6800000000001,0.1091398999999999,-0.009180069,-9.81,0.0,0.0,-0.7999878
15.82999,16.12,15.79,16.02,15.9399975,5.260199175,3.0,0.06936002,0.0,176.5,1440.0,106.23,12.672981770833333,209.96278124999998,936.96,0.06936002,0.0,-9.81,0.0,0.0,3.0
98.70999,98.53,98.62999,98.11,98.494995,32.50334835,-0.6000061,-0.01938009,-0.01938009,22.39996,2456.0,39.21,14.887986111111111,227.897296875,938.24,-0.01938009,-0.01938009,-9.81,0.0,0.0,-0.6000061
17.77,17.55,17.75,17.53,17.65,5.8245,-2.699982,0.01937985,0.009180069,10.29999,1598.0,130.56,14.708745659722222,217.70984374999998,939.52,0.01937985,0.009180069,-9.81,0.0,0.0,-2.699982
63.95,63.66,63.91,63.61,63.7825,21.048225000000002,-2.5,0.01937985,0.009180069,206.9,1961.0,105.12,14.012586805555555,223.52587499999998,940.8000000000001,0.01937985,0.009180069,-9.81,0.0,0.0,-2.5
101.75,101.74,101.62,101.35,101.61500000000001,33.53295000000001,0.0,0.0,0.009180069,20.09998,2538.0,43.79,14.388663194444444,230.68121875000003,942.08,0.0,0.009180069,-9.81,0.0,0.0,0.0
46.62999,46.73,46.5,46.48,46.58499749999999,15.373049174999998,0.6000061,-0.08976007,0.01937985,198.8,1392.0,106.94,12.511879340277778,205.28220312500002,943.36,-0.08976007,0.01937985,-9.81,0.0,0.0,0.6000061
30.36,28.53,30.14,28.28,29.3275,9.678075,-20.10001,-0.01938009,-0.28968,308.1,1269.0,107.86,10.694665798611112,270.23878125,944.64,-0.01938009,-0.28968,-9.81,0.0,0.0,-20.10001
32.319990000000004,32.11,32.16,31.83,32.104997499999996,10.594649174999999,-2.199982,0.12954,-0.05915999,25.70001,2076.0,99.28,16.919713541666667,94.195140625,945.9200000000001,0.12954,-0.05915999,-9.81,0.0,0.0,-2.199982
104.49,104.4,104.55,103.97,104.35249999999999,34.436325,-1.899994,0.009180069,-0.04997993,24.0,2597.0,39.73,17.876093750000003,89.495796875,947.2,0.009180069,-0.04997993,-9.81,0.0,0.0,-1.899994
103.77,103.57,103.84,103.23,103.60249999999999,34.188825,-1.699982,0.0,-0.03978014,24.20001,2581.0,39.57,17.605733506944443,87.05799999999999,948.48,0.0,-0.03978014,-9.81,0.0,0.0,-1.699982
35.14999,35.73,35.16,35.75999,35.449995,11.698498350000001,6.899994,0.0,0.14994,0.0,1431.0,129.68,16.51314236111111,87.74128125000001,949.76,0.0,0.14994,-9.81,0.0,0.0,6.899994
104.14,103.97,104.21,103.68,104.0,34.32,-0.6999816999999999,-0.009180069,-0.009180069,22.0,2588.0,39.43,16.47142795138889,74.28581249999999,951.04,-0.009180069,-0.009180069,-9.81,0.0,0.0,-0.6999816999999999
35.099990000000005,35.7,35.05,35.53,35.344997500000005,11.663849175000003,6.399994,0.0,0.13974,0.0,1500.0,129.53,15.066115451388889,73.99190625,952.32,0.0,0.13974,-9.81,0.0,0.0,6.399994
28.56999,28.92,28.42,28.81999,28.682495000000003,9.465223350000002,3.5,0.0,0.02957988,0.0,1283.0,129.69,12.975360243055555,95.29675,953.6,0.0,0.02957988,-9.81,0.0,0.0,3.5
104.69,104.6,104.63,104.0,104.47999999999999,34.4784,-1.100006,0.0397799,-0.02958012,22.70001,2605.0,45.21,13.465104166666666,79.229046875,954.88,0.0397799,-0.02958012,-9.81,0.0,0.0,-1.100006
37.209990000000005,38.099990000000005,37.11,37.78,37.549995,12.39149835,8.200012,-0.4202399,0.13974,0.0,1164.0,97.12,12.221480034722221,80.664078125,956.16,-0.4202399,0.13974,-9.81,0.0,0.0,8.200012
37.69,37.66,37.56,37.53999,37.6124975,12.412124175000002,0.2000122,0.05915999,0.01937985,0.0,1593.0,133.89,12.087582465277777,73.177609375,957.44,0.05915999,0.01937985,-9.81,0.0,0.0,0.2000122
28.879990000000003,28.36,28.72,28.23,28.547497500000002,9.420674175000002,-5.199982,0.0,-0.16014,50.59998,1269.0,97.41,11.661514756944444,79.28114062499999,958.72,0.0,-0.16014,-9.81,0.0,0.0,-5.199982
32.64999,30.379990000000003,32.5,29.91,31.359995,10.348798350000001,-25.19998,-0.009180069,-0.3896401,133.9,1344.0,97.11,11.72552517361111,120.00382812500001,960.0,-0.009180069,-0.3896401,-9.81,0.0,0.0,-25.19998
29.91,29.73,29.36,29.56999,29.6424975,9.782024175,-1.600006,-0.01938009,0.0,0.0,1176.0,134.62,11.70140625,37.961515625000004,961.28,-0.01938009,0.0,-9.81,0.0,0.0,-1.600006
29.52,29.5,29.50999,29.48,29.5024975,9.735824175000001,-0.1999817,0.009180069,-0.01938009,0.0,1263.0,134.74,11.788645833333334,51.1600625,962.5600000000001,0.009180069,-0.01938009,-9.81,0.0,0.0,-0.1999817
30.92,30.879990000000003,30.75999,30.66,30.804995,10.165648350000001,-0.5,0.04997993,-0.01938009,0.0,1357.0,134.93,12.248910590277777,61.467921875,963.84,0.04997993,-0.01938009,-9.81,0.0,0.0,-0.5
100.21,100.21,100.18,99.90999,100.1274975,33.042074175,1.200012,-0.03978014,0.05915999,15.70001,2505.0,40.38,16.957118055555558,61.2975625,965.12,-0.03978014,0.05915999,-9.81,0.0,0.0,1.200012
100.13,100.11,100.02,99.67999,99.98499749999999,32.995049175,1.0,0.0,0.04997993,16.70001,2491.0,39.5,16.798229166666665,78.408515625,966.4,0.0,0.04997993,-9.81,0.0,0.0,1.0
31.45,31.48,31.36,31.429990000000004,31.4299975,10.371899175,1.0,0.01937985,0.009180069,0.0,1880.0,133.55,18.3184765625,149.398953125,967.6800000000001,0.01937985,0.009180069,-9.81,0.0,0.0,1.0
60.75999,60.91,60.8,60.8,60.8174975,20.069774175000003,1.899994,-0.03978014,0.02957988,196.6,1826.0,99.61,17.762326388888887,142.037265625,968.96,-0.03978014,0.02957988,-9.81,0.0,0.0,1.899994
51.2,51.28999,51.17999,51.11,51.194995000000006,16.89434835,1.100006,-0.03978014,0.01937985,197.6,1542.0,99.67,16.380985243055555,133.96134375,970.24,-0.03978014,0.01937985,-9.81,0.0,0.0,1.100006
101.32,101.29,101.12,100.86,101.14750000000001,33.378675,0.5,0.02957988,0.009180069,19.29999,2514.0,38.96,15.177348090277778,128.256828125,971.52,0.02957988,0.009180069,-9.81,0.0,0.0,0.5
38.50999,38.78,38.599990000000005,38.69,38.644995,12.75284835,1.5,-0.06936002,0.0397799,196.0,1121.0,99.26,14.880286458333334,135.5185,972.8000000000001,-0.06936002,0.0397799,-9.81,0.0,0.0,1.5
5.949997,5.470001,5.839996,5.239998,5.624998,1.85624934,-6.299988,0.2295001,-0.05915999,166.9,1390.0,131.87,14.653029513888889,133.66281250000003,974.08,0.2295001,-0.05915999,-9.81,0.0,0.0,-6.299988
18.64,15.31,17.92,14.35,16.555,5.46315,-37.10001,0.04997993,-0.2499001,278.5,2475.0,131.86,14.228515625,176.100125,975.36,0.04997993,-0.2499001,-9.81,0.0,0.0,-37.10001
38.42,38.5,38.39,38.5,38.4525,12.689325,0.3999939,0.05915999,-0.01938009,0.0,2283.0,130.06,13.917465277777778,240.14298437499997,976.64,0.05915999,-0.01938009,-9.81,0.0,0.0,0.3999939
40.91,40.709990000000005,40.81999,40.56,40.749995,13.44749835,-1.199982,0.0,-0.05915999,0.0,1704.0,129.88,13.98786892361111,240.357609375,977.9200000000001,0.0,-0.05915999,-9.81,0.0,0.0,-1.199982
45.06,45.14,44.959990000000005,45.03999,45.049994999999996,14.866498349999999,1.0,0.06936002,0.0,0.0,1894.0,129.32,14.830434027777777,237.0760625,979.2,0.06936002,0.0,-9.81,0.0,0.0,1.0
31.25,31.34999,31.31,31.34,31.3124975,10.333124175,2.5,0.01937985,0.04997993,188.0,1845.0,103.14,17.185620659722222,235.997453125,980.48,0.01937985,0.04997993,-9.81,0.0,0.0,2.5
32.73,32.02,32.64999,31.98999,32.347495,10.67467335,-6.399994,0.0397799,-0.1091398999999999,232.6,1455.0,103.16,17.101410590277776,240.69881250000003,981.76,0.0397799,-0.1091398999999999,-9.81,0.0,0.0,-6.399994
98.95999,98.8,98.84999,98.42999,98.75999250000001,32.590797525000006,-0.1999817,0.02957988,0.009180069,20.59998,3092.0,50.03,17.543407118055555,165.11375,983.04,0.02957988,0.009180069,-9.81,0.0,0.0,-0.1999817
64.56999,64.45,64.39,64.20999,64.404995,21.253648350000002,0.3000183,0.02957988,0.0,14.09998,1938.0,107.74,14.126024305555555,171.58906249999998,984.32,0.02957988,0.0,-9.81,0.0,0.0,0.3000183
94.58,94.56999,94.45999,94.09,94.424995,31.16024835,-1.0,0.05915999,0.0,22.70001,2340.0,53.28,14.461315104166667,180.73575000000002,985.6,0.05915999,0.0,-9.81,0.0,0.0,-1.0
0.0,0.0,0.0,0.0,0.0,0.0,0.0,0.0,0.0397799,265.0,849.0,104.99,13.485711805555557,175.007875,986.88,0.0,0.0397799,-9.81,0.0,0.0,0.0
16.02,15.98,16.0,16.11,16.0275,5.289075,0.3000183,-0.1795201,0.009180069,0.0,1243.0,120.46,10.891154513888889,174.17309375000002,988.16,-0.1795201,0.009180069,-9.81,0.0,0.0,0.3000183
11.78,11.75,11.99,11.95,11.8675,3.916275,-0.2999877999999999,0.1091398999999999,-0.009180069,0.0,1558.0,119.51,10.234657118055555,91.72457812500001,989.44,0.1091398999999999,-0.009180069,-9.81,0.0,0.0,-0.2999877999999999
102.89,102.9,102.82,102.39,102.75,33.9075,0.0,0.009180069,0.0,20.5,2563.0,52.78,10.912365451388888,89.372484375,990.72,0.009180069,0.0,-9.81,0.0,0.0,0.0
0.0,0.0,0.0,0.0,0.0,0.0,0.0,-0.009180069,0.0,0.0,797.0,118.78,10.81562065972222,92.1781875,992.0,-0.009180069,0.0,-9.81,0.0,0.0,0.0
31.27,30.69,31.16,30.56,30.92,10.203600000000002,-6.299988,0.08976007,-0.04997993,226.9,1800.0,104.2,12.466710069444446,100.956765625,993.28,0.08976007,-0.04997993,-9.81,0.0,0.0,-6.299988
99.17,99.12999,99.23999,98.73,99.06749500000001,32.69227335,0.1000061,-0.02958012,0.0,19.5,2456.0,53.97,13.31802951388889,96.839,994.5600000000001,-0.02958012,0.0,-9.81,0.0,0.0,0.1000061
57.56,57.5,57.599990000000005,57.26999,57.482495,18.96922335,-0.2999877999999999,-0.02958012,-0.02958012,16.89996,1721.0,106.72,13.594448784722221,121.8351875,995.84,-0.02958012,-0.02958012,-9.81,0.0,0.0,-0.2999877999999999
61.62999,61.59,61.89,61.34,61.612497499999996,20.332124175,-0.3999939,-0.02958012,-0.03978014,16.39996,1490.0,104.13,13.83556423611111,180.410453125,997.12,-0.02958012,-0.03978014,-9.81,0.0,0.0,-0.3999939
0.0,0.0,0.0,0.0,0.0,0.0,0.0,-0.01938009,0.0,0.0,789.0,117.67,13.647395833333333,182.17518750000002,998.4,-0.01938009,0.0,-9.81,0.0,0.0,0.0
70.36,70.39,70.48999,70.17999,70.354995,23.217148350000002,0.0,0.0397799,-0.01938009,15.09998,2158.0,101.29,13.838949652777778,183.48171875000003,999.6800000000001,0.0397799,-0.01938009,-9.81,0.0,0.0,0.0
98.25999,98.2,98.12999,97.81999,98.10249250000001,32.37382252500001,0.0,0.0397799,0.0,21.70001,2434.0,66.25,13.59453125,200.96189062500002,1000.96,0.0397799,0.0,-9.81,0.0,0.0,0.0
0.0,0.0,0.0,0.0,0.0,0.0,0.0,-0.01938009,0.0,0.0,796.0,117.53,13.554361979166666,196.35353125,1002.24,-0.01938009,0.0,-9.81,0.0,0.0,0.0
68.59,68.61,68.70999,68.28999,68.549995,22.62149835,0.0,-0.03978014,-0.009180069,16.0,1645.0,102.79,13.53049045138889,194.4953125,1003.52,-0.03978014,-0.009180069,-9.81,0.0,0.0,0.0
22.23,19.48,21.7,19.06,20.6175,6.803775,-29.0,-0.05915999,-0.3396599,409.3,1284.0,104.23,13.465399305555556,206.2335,1004.8000000000001,-0.05915999,-0.3396599,-9.81,0.0,0.0,-29.0
0.0,0.0,0.0,0.0,0.0,0.0,0.0,-0.01938009,0.0,0.0,791.0,117.44,13.405959201388887,220.113046875,1006.08,-0.01938009,0.0,-9.81,0.0,0.0,0.0
76.25999,76.25,76.31,75.97,76.1974975,25.145174175,0.1000061,0.0397799,0.0,14.29999,2332.0,101.88,14.093302951388887,242.145359375,1007.36,0.0397799,0.0,-9.81,0.0,0.0,0.1000061
104.17,104.06,103.98,103.34,103.88750000000002,34.282875000000004,-2.0,-0.009180069,-0.04997993,24.70001,2580.0,77.35,15.047578125,150.099265625,1008.64,-0.009180069,-0.04997993,-9.81,0.0,0.0,-2.0
110.45,110.31,110.34,109.68,110.19500000000001,36.36435,-1.299988,0.02957988,-0.01938009,25.09998,2753.0,77.92,14.517734375,138.38203125,1009.9200000000001,0.02957988,-0.01938009,-9.81,0.0,0.0,-1.299988
110.79,110.59,110.56,110.2,110.535,36.47655,-0.2999878,-0.05915999,0.02957988,20.0,2741.0,71.83,15.532630208333334,135.993953125,1011.2,-0.05915999,0.02957988,-9.81,0.0,0.0,-0.2999878
55.48,55.39,55.28999,55.05,55.3024975,18.249824175,-0.3999939,-0.03978014,-0.01938009,16.09998,1661.0,100.42,15.991384548611112,122.1835,1012.48,-0.03978014,-0.01938009,-9.81,0.0,0.0,-0.3999939
33.819990000000004,33.37999,33.98,33.56,33.684995,11.116048350000002,-3.0,0.04997993,-0.04997993,7.200011999999999,1427.0,109.6,10.3366015625,123.81715625000001,1013.76,0.04997993,-0.04997993,-9.81,0.0,0.0,-3.0
2.019997,1.970001,1.939995,1.93,1.9649982499999998,0.6484494224999999,-0.1000061,-0.08976007,-0.009180069,16.29999,980.0,100.88,9.51546875,126.71078125000001,1015.0400000000001,-0.08976007,-0.009180069,-9.81,0.0,0.0,-0.1000061
109.27,109.1,109.16,108.72,109.0625,35.990625,0.2000122,-0.009180069,0.0,20.89996,2700.0,54.49,10.207955729166667,125.90209374999999,1016.32,-0.009180069,0.0,-9.81,0.0,0.0,0.2000122
35.179990000000004,34.929990000000004,34.959990000000005,34.78999,34.96499,11.538446700000001,-3.100006,0.02957988,-0.01938009,4.200012,1484.0,110.41,9.948984375,128.534515625,1017.6,0.02957988,-0.01938009,-9.81,0.0,0.0,-3.100006
35.59,35.50999,35.53,35.349990000000005,35.494995,11.713348350000002,-0.5,0.01937985,0.01937985,0.0,1519.0,110.52,10.214379340277778,129.611515625,1018.88,0.01937985,0.01937985,-9.81,0.0,0.0,-0.5
4.629997,4.629997,4.529999,4.449997,4.5599975,1.504799175,0.0,0.28968,-0.01938009,17.0,1482.0,101.21,12.169058159722221,118.922109375,1020.16,0.28968,-0.01938009,-9.81,0.0,0.0,0.0
3.5999980000000003,3.589996,3.540001,3.540001,3.567499,1.17727467,0.0,-0.03978014,0.0,189.7,904.0,103.52,11.0819921875,139.00359375,1021.44,-0.03978014,0.0,-9.81,0.0,0.0,0.0
100.91,101.0,100.95,100.71,100.8925,33.294525,1.200012,0.009180069,0.01937985,17.70001,2512.0,51.91,11.4641796875,123.247625,1022.72,0.009180069,0.01937985,-9.81,0.0,0.0,1.200012
19.53,19.62,19.39,19.46,19.5,6.4350000000000005,1.0,0.07956004,0.01937985,189.9,1776.0,103.39,11.59982638888889,116.39984375,1024.0,0.07956004,0.01937985,-9.81,0.0,0.0,1.0
11.34,11.05,11.35,11.02,11.190000000000001,3.6927000000000008,-2.699982,-0.13974,-0.05915999,25.20001,1257.0,114.37,12.23576388888889,130.78195312499997,1025.28,-0.13974,-0.05915999,-9.81,0.0,0.0,-2.699982
106.28,106.25,106.29,105.89,106.1775,35.038575,1.100006,0.02957988,0.01937985,15.39996,2634.0,49.35,13.280394965277779,131.954015625,1026.56,0.02957988,0.01937985,-9.81,0.0,0.0,1.100006
0.0,0.0,0.0,0.0,0.0,0.0,0.0,-0.03978014,-0.03978014,0.0,830.0,114.4,13.243776041666667,105.35679687499999,1027.84,-0.03978014,-0.03978014,-9.81,0.0,0.0,0.0
30.70999,30.69,30.5,30.52,30.6049975,10.099649175,0.5,0.09995985,0.01937985,0.0,1806.0,114.78,14.550707465277778,150.6161875,1029.1200000000001,0.09995985,0.01937985,-9.81,0.0,0.0,0.5
0.0,0.0,0.0,0.0,0.0,0.0,0.0,0.0,-0.009180069,14.09998,904.0,100.71,13.477278645833334,107.8096875,1030.4,0.0,-0.009180069,-9.81,0.0,0.0,0.0
103.32,103.12,103.55,102.92,103.2275,34.065075,-1.199982,-0.009180069,-0.009180069,22.39996,2553.0,49.79,14.284214409722221,116.123625,1031.68,-0.009180069,-0.009180069,-9.81,0.0,0.0,-1.199982
39.52,39.56999,39.56,39.55,39.5499975,13.051499175000002,0.6000061,-0.01938009,0.02957988,0.0,1595.0,115.56,12.813845486111111,106.97745312500001,1032.96,-0.01938009,0.02957988,-9.81,0.0,0.0,0.6000061
56.14999,56.42999,55.94,55.73999,56.0649925,18.501447525000003,-0.1000061,0.0,0.0,202.7,1750.0,113.03,12.95794704861111,202.04571875,1034.24,0.0,0.0,-9.81,0.0,0.0,-0.1000061
20.37,20.37,20.38,20.29,20.3525,6.716325,-0.1000061,0.009180069,0.0,16.5,1355.0,100.51,13.190230034722223,191.66810937500003,1035.52,0.009180069,0.0,-9.81,0.0,0.0,-0.1000061
12.87,13.18999,12.85,13.13,13.0099975,4.2932991750000005,3.300018,-0.01938009,0.01937985,0.0,1250.0,116.81,12.78380642361111,195.262859375,1036.8,-0.01938009,0.01937985,-9.81,0.0,0.0,3.300018
6.6599960000000005,6.619994999999999,6.649994,6.639999,6.6424959999999995,2.19202368,-0.1999817,-0.1999198999999999,-0.02958012,201.1,1174.0,115.05,9.607617187499999,182.976140625,1038.08,-0.1999198999999999,-0.02958012,-9.81,0.0,0.0,-0.1999817
0.0,0.0,0.0,0.0,0.0,0.0,0.0,0.009180069,-0.009180069,197.3,791.0,115.17,11.161332465277779,173.80265624999998,1039.3600000000001,0.009180069,-0.009180069,-9.81,0.0,0.0,0.0
95.5,95.48999,95.33,94.97,95.3224975,31.456424175000002,0.8999939,-0.009180069,0.05915999,16.20001,2361.0,75.1,8.770703124999999,170.10753125000002,1040.64,-0.009180069,0.05915999,-9.81,0.0,0.0,0.8999939
0.0,0.0,0.0,0.0,0.0,0.0,0.0,0.009180069,-0.009180069,197.3,865.0,115.16,7.823776041666665,165.83125,1041.92,0.009180069,-0.009180069,-9.81,0.0,0.0,0.0
0.0,0.0,0.0,0.0,0.0,0.0,0.0,0.009180069,-0.009180069,197.3,873.0,115.22,8.376888020833334,152.79026562500002,1043.2,0.009180069,-0.009180069,-9.81,0.0,0.0,0.0
0.0,0.0,0.0,0.0,0.0,0.0,0.0,0.009180069,-0.009180069,197.3,864.0,115.17,9.145998263888888,163.033609375,1044.48,0.009180069,-0.009180069,-9.81,0.0,0.0,0.0
98.0,97.87,98.00999,97.58,97.8649975,32.295449175,-0.1000061,0.01937985,0.0397799,17.89996,2424.0,83.81,10.858802083333334,156.602328125,1045.76,0.01937985,0.0397799,-9.81,0.0,0.0,-0.1000061
94.92999,94.95,94.83,94.59,94.8249975,31.292249175,0.3000183,0.04997993,0.04997993,20.20001,2351.0,92.29,9.868376736111111,91.088234375,1047.04,0.04997993,0.04997993,-9.81,0.0,0.0,0.3000183
3.269997,3.199997,3.269997,3.220001,3.239998,1.06919934,-0.3999939,-0.05915999,0.009180069,8.099976,840.0,117.61,8.891184895833334,95.364703125,1048.32,-0.05915999,0.009180069,-9.81,0.0,0.0,-0.3999939
93.34999,93.34,93.14999,92.78999,93.1574925,30.741972525,0.0,0.02957988,0.0397799,20.20001,2312.0,94.09,9.679027777777776,92.96823437500001,1049.6,0.02957988,0.0397799,-9.81,0.0,0.0,0.0
0.0,0.0,0.0,0.0,0.0,0.0,0.0,0.0,-0.009180069,0.0,858.0,100.69,9.578797743055556,94.92946875000001,1050.88,0.0,-0.009180069,-9.81,0.0,0.0,0.0
34.67,34.73,34.59,34.62999,34.6549975,11.436149175,-0.1999817,0.0397799,0.0,0.0,1973.0,116.02,11.203059895833334,95.332234375,1052.16,0.0397799,0.0,-9.81,0.0,0.0,-0.1999817
40.2,40.209990000000005,40.17,40.08,40.1649975,13.254449175,0.5,0.009180069,0.009180069,200.0,1654.0,116.39,11.531744791666666,92.08428125,1053.44,0.009180069,0.009180069,-9.81,0.0,0.0,0.5
38.83,38.87999,38.86,38.73,38.8249975,12.812249175000002,-0.1999817,0.0,-0.02958012,203.0,1619.0,116.04,12.625477430555554,88.48606249999999,1054.72,0.0,-0.02958012,-9.81,0.0,0.0,-0.1999817
34.62999,34.39999,34.50999,34.429990000000004,34.492490000000004,11.382521700000002,-0.1999817,-0.08976007,0.009180069,0.0,1366.0,109.03,13.032547743055556,87.87354687499999,1056.0,-0.08976007,0.009180069,-9.81,0.0,0.0,-0.1999817
33.16,32.599990000000005,33.03999,32.27,32.767495000000004,10.813273350000001,-7.0,0.09995985,-0.08976007,45.89996,1885.0,100.32,13.062938368055555,87.9371875,1057.28,0.09995985,-0.08976007,-9.81,0.0,0.0,-7.0
41.62,41.14999,41.34,40.62,41.182497500000004,13.590224175000001,-6.799988000000001,0.1795198999999999,-0.09996009,38.59998,2345.0,100.39,12.828003472222223,90.56232812500001,1058.56,0.1795198999999999,-0.09996009,-9.81,0.0,0.0,-6.799988000000001
37.25999,37.5,37.06999,37.28,37.277495,12.301573350000002,3.200012,0.009180069,0.05915999,1.599976,1738.0,99.54,14.900842013888887,90.381703125,1059.84,0.009180069,0.05915999,-9.81,0.0,0.0,3.200012
48.73999,48.50999,48.66,48.53999,48.6124925,16.042122525,-0.2999877999999999,0.02957988,-0.02958012,0.0,1963.0,106.41,16.31155815972222,178.196765625,1061.1200000000001,0.02957988,-0.02958012,-9.81,0.0,0.0,-0.2999877999999999
48.75999,48.87,48.42999,48.52,48.644995,16.05284835,0.0,0.05915999,0.0,15.0,1646.0,99.64,16.50245659722222,175.42700000000002,1062.4,0.05915999,0.0,-9.81,0.0,0.0,0.0
46.11,46.33,46.37999,45.98999,46.202495,15.24682335,0.3999939,-0.02958012,0.04997993,13.5,1361.0,99.92,15.973033854166665,173.5635625,1063.68,-0.02958012,0.04997993,-9.81,0.0,0.0,0.3999939
88.7,88.51999,88.51999,88.25,88.497495,29.20417335,-0.1999817,0.0,0.01937985,20.59998,2390.0,111.21,15.649991319444446,168.805109375,1064.96,0.0,0.01937985,-9.81,0.0,0.0,-0.1999817
37.73,38.2,37.81999,37.87999,37.907495,12.50947335,2.5,-0.009180069,0.05915999,186.1,1864.0,113.75,14.887486979166667,176.055375,1066.24,-0.009180069,0.05915999,-9.81,0.0,0.0,2.5
88.87,88.8,88.75999,88.31999,88.68749500000001,29.266873350000004,-0.8999939,0.0397799,0.0,22.09998,2231.0,116.34,12.538055555555555,162.656421875,1067.52,0.0397799,0.0,-9.81,0.0,0.0,-0.8999939
89.73,89.67,89.70999,89.25999,89.59249500000001,29.565523350000007,-0.6999816999999999,-0.009180069,-0.01938009,22.29999,2229.0,127.98,9.582912326388888,113.03995312500001,1068.8,-0.009180069,-0.01938009,-9.81,0.0,0.0,-0.6999816999999999
86.06,85.87999,85.89,85.59,85.8549975,28.332149175,-0.6000061,0.009180069,0.009180069,21.39996,2126.0,129.24,10.912035590277778,131.85534375,1070.08,0.009180069,0.009180069,-9.81,0.0,0.0,-0.6000061
36.45,36.73999,36.28999,36.47,36.487494999999996,12.040873349999998,3.0,-0.009180069,0.02957988,192.1,2068.0,113.99,12.985021701388888,149.341546875,1071.3600000000001,-0.009180069,0.02957988,-9.81,0.0,0.0,3.0
92.70999,92.62,92.73999,92.31999,92.5974925,30.557172525000002,-0.6000061,-0.02958012,0.0,22.0,2303.0,129.24,14.5078125,156.25978125,1072.64,-0.02958012,0.0,-9.81,0.0,0.0,-0.6000061
86.84999,86.73,86.73,86.31,86.65499750000001,28.596149175000004,-0.6000061,-0.02958012,0.0,22.59998,2143.0,127.16,14.622764756944445,149.185390625,1073.92,-0.02958012,0.0,-9.81,0.0,0.0,-0.6000061
40.69,40.55,40.56,40.459990000000005,40.564997500000004,13.386449175000003,-0.1000061,-0.02958012,0.01937985,0.0,1649.0,112.94,14.188611111111111,157.348390625,1075.2,-0.02958012,0.01937985,-9.81,0.0,0.0,-0.1000061
26.64,26.32,26.6,26.469990000000003,26.5074975,8.747474175,-2.100006,-0.08976007,0.0,2.099976,1073.0,113.62,12.561167534722223,161.09501562500003,1076.48,-0.08976007,0.0,-9.81,0.0,0.0,-2.100006
43.14,42.87,42.98,42.69,42.919999999999995,14.163599999999999,-1.5,-0.03978014,-0.03978014,207.1,1283.0,108.62,11.425073784722223,157.30768750000001,1077.76,-0.03978014,-0.03978014,-9.81,0.0,0.0,-1.5
4.449997,4.459999,4.470001,4.449997,4.4574985,1.470974505,0.0,-0.03978014,0.0,0.0,928.0,113.43,10.563372395833333,175.22564062499998,1079.04,-0.03978014,0.0,-9.81,0.0,0.0,0.0
103.55,103.6,103.37,103.12,103.41,34.1253,1.5,0.01937985,0.0,18.0,2556.0,113.48,12.013190104166668,106.95271875,1080.32,0.01937985,0.0,-9.81,0.0,0.0,1.5
105.47,105.45,105.28,105.16,105.34,34.7622,2.0,0.009180069,0.08976007,15.39996,2618.0,112.52,12.886059027777776,96.36190625,1081.6,0.009180069,0.08976007,-9.81,0.0,0.0,2.0
0.0,0.0,0.0,0.0,0.0,0.0,0.0,0.009180069,0.0,0.0,800.0,113.63,12.380312499999999,104.738953125,1082.88,0.009180069,0.0,-9.81,0.0,0.0,0.0
108.01,108.1,108.04,107.57,107.93,35.6169,0.3999939,0.0,0.0,18.0,2684.0,110.4,12.924357638888889,99.340375,1084.16,0.0,0.0,-9.81,0.0,0.0,0.3999939
0.0,0.0,0.0,0.0,0.0,0.0,0.0,0.009180069,0.0,0.0,783.0,113.68,12.767452256944445,191.839890625,1085.44,0.009180069,0.0,-9.81,0.0,0.0,0.0
0.0,0.0,0.0,0.0,0.0,0.0,0.0,0.009180069,0.0,0.0,795.0,113.78,11.202039930555555,191.659109375,1086.72,0.009180069,0.0,-9.81,0.0,0.0,0.0
8.299995,7.899994,8.269997,7.799995,8.06749525,2.6622734325,-4.100006,-0.1091398999999999,-0.009180069,267.4,1262.0,100.88,8.633506944444445,177.459140625,1088.0,-0.1091398999999999,-0.009180069,-9.81,0.0,0.0,-4.100006
0.0,0.0,0.0,0.0,0.0,0.0,0.0,0.009180069,0.0,0.0,787.0,113.94,8.277838541666666,198.1805,1089.28,0.009180069,0.0,-9.81,0.0,0.0,0.0
100.72,100.67,100.69,100.23,100.5775,33.190575,0.3000183,-0.03978014,-0.009180069,20.39996,2492.0,95.08,10.229249131944446,201.36707812499998,1090.56,-0.03978014,-0.009180069,-9.81,0.0,0.0,0.3000183
100.63,100.69,100.61,100.18,100.5275,33.174075,0.8999939,-0.04997993,0.01937985,19.0,2499.0,92.88,10.951306423611111,195.7800625,1091.84,-0.04997993,0.01937985,-9.81,0.0,0.0,0.8999939
56.37999,56.56,56.26999,56.42999,56.4099925,18.615297525000003,3.300018,0.0,0.04997993,191.1,1733.0,100.06,10.936801215277779,201.991203125,1093.1200000000001,0.0,0.04997993,-9.81,0.0,0.0,3.300018
0.0,0.0,0.0,0.0,0.0,0.0,0.0,0.009180069,0.0,0.0,799.0,114.88,12.232604166666667,272.7500625,1094.4,0.009180069,0.0,-9.81,0.0,0.0,0.0
38.87,39.0,38.5,38.50999,38.719997500000005,12.777599175000002,1.600006,0.1693199,0.009180069,8.099976,2244.0,104.22,15.155269097222224,241.19993749999998,1095.68,0.1693199,0.009180069,-9.81,0.0,0.0,1.600006
105.81,105.74,105.81,105.34,105.67500000000001,34.87275,1.100006,-0.04997993,0.04997993,15.20001,2630.0,96.28,15.043350694444444,239.67196875000002,1096.96,-0.04997993,0.04997993,-9.81,0.0,0.0,1.100006
26.39,25.63,26.27,25.3,25.897499999999997,8.546175,-9.399994,0.13974,-0.01938009,237.9,2294.0,97.9,15.30144097222222,254.611640625,1098.24,0.13974,-0.01938009,-9.81,0.0,0.0,-9.399994
42.78,42.78,42.75,42.56,42.7175,14.096775000000001,0.0,0.009180069,0.02957988,0.0,1368.0,118.15,16.853012152777776,255.85282812500003,1099.52,0.009180069,0.02957988,-9.81,0.0,0.0,0.0
103.68,103.75,103.64,103.46,103.6325,34.198724999999996,1.600006,-0.01938009,0.05915999,14.29999,2572.0,101.88,17.119344618055557,260.019921875,1100.8,-0.01938009,0.05915999,-9.81,0.0,0.0,1.600006
46.2,46.14,46.03,45.98999,46.0899975,15.209699175,-0.3999939,-0.01938009,0.04997993,0.0,1422.0,118.7,16.510833333333334,261.434984375,1102.08,-0.01938009,0.04997993,-9.81,0.0,0.0,-0.3999939
102.22,102.18,101.9,101.53,101.95750000000001,33.64597500000001,0.8999939,0.01937985,0.0,19.29999,2542.0,103.68,16.606822916666665,255.81212499999998,1103.3600000000001,0.01937985,0.0,-9.81,0.0,0.0,0.8999939
42.83,42.64999,42.66,42.48,42.6549975,14.076149175000001,-1.399994,0.04997993,0.01937985,205.7,1778.0,104.82,16.772374131944446,253.68060937500002,1104.64,0.04997993,0.01937985,-9.81,0.0,0.0,-1.399994
44.27,44.14999,44.17,44.05,44.1599975,14.572799175000002,-0.3999939,-0.08976007,0.0397799,0.0,1293.0,121.18,16.4221875,260.05626562500004,1105.92,-0.08976007,0.0397799,-9.81,0.0,0.0,-0.3999939
8.32,6.75,7.869994999999999,5.979996,7.22999775,2.3858992575,-20.60001,-0.16014,0.01937985,347.9,1241.0,125.62,11.833467881944443,255.29965625,1107.2,-0.16014,0.01937985,-9.81,0.0,0.0,-20.60001
0.0,0.0,0.0,0.0,0.0,0.0,0.0,-0.05915999,0.0,0.0,917.0,98.83,9.826953125,217.48853125,1108.48,-0.05915999,0.0,-9.81,0.0,0.0,0.0
2.610001,3.0,2.509995,2.919998,2.7599985,0.9107995050000001,-4.0,0.02957988,0.04997993,0.0,834.0,125.83,10.176215277777779,224.92246875,1109.76,0.02957988,0.04997993,-9.81,0.0,0.0,-4.0
0.0,0.0,0.0,0.0,0.0,0.0,-0.1000061,0.0,0.0,0.0,856.0,98.88,10.15855034722222,186.2786875,1111.04,0.0,0.0,-9.81,0.0,0.0,-0.1000061
0.0,0.0,0.0,0.0,0.0,0.0,-0.1999817,0.0,0.0,0.0,866.0,98.86,10.10329861111111,192.212078125,1112.32,0.0,0.0,-9.81,0.0,0.0,-0.1999817
0.0,0.0,0.0,0.0,0.0,0.0,-0.1000061,0.0,0.0,0.0,858.0,98.82,8.713224826388888,196.05818749999997,1113.6000000000001,0.0,0.0,-9.81,0.0,0.0,-0.1000061
39.77,39.849990000000005,39.73,39.7,39.762497499999995,13.121624175,-0.1000061,0.01937985,0.01937985,0.0,2101.0,127.84,15.788910590277778,252.464,1114.88,0.01937985,0.01937985,-9.81,0.0,0.0,-0.1000061
46.09,46.03,45.98999,45.69,45.9499975,15.163499175000002,-0.1999817,0.01937985,-0.01938009,16.39996,1868.0,99.43,15.253181423611112,251.68687500000001,1116.16,0.01937985,-0.01938009,-9.81,0.0,0.0,-0.1999817
0.0,0.0,0.0,0.0,0.0,0.0,-0.1000061,-0.02958012,-0.02958012,201.3,801.0,109.52,13.095264756944445,230.765515625,1117.44,-0.02958012,-0.02958012,-9.81,0.0,0.0,-0.1000061
97.25,97.14999,97.17,96.76999,97.084995,32.038048350000004,0.2000122,-0.01938009,-0.009180069,19.59998,2409.0,131.92,10.700190972222222,234.085109375,1118.72,-0.01938009,-0.009180069,-9.81,0.0,0.0,0.2000122
97.42999,97.44,97.25999,96.92999,97.2649925,32.097447525,0.7000122,0.0,0.0,18.89996,2421.0,132.06,11.656931423611113,237.302671875,1120.0,0.0,0.0,-9.81,0.0,0.0,0.7000122
94.09,94.0,94.05,93.64999,93.9474975,31.002674175,-0.3999939,-0.01938009,-0.02958012,21.79999,2338.0,132.83,13.033324652777779,237.431546875,1121.28,-0.01938009,-0.02958012,-9.81,0.0,0.0,-0.3999939
91.7,91.64999,91.7,91.33,91.59499749999999,30.226349175,0.0,-0.009180069,-0.009180069,20.20001,2426.0,133.38,13.593802083333333,238.15917187499997,1122.56,-0.009180069,-0.009180069,-9.81,0.0,0.0,0.0
61.09,61.03,60.98999,60.78999,60.97499500000001,20.121748350000004,-0.5,-0.01938009,-0.02958012,16.0,1520.0,97.98,13.773810763888887,233.717015625,1123.84,-0.01938009,-0.02958012,-9.81,0.0,0.0,-0.5
59.98999,59.94,60.0,59.86,59.9474975,19.782674175,0.5,0.0,0.0,13.5,1496.0,97.67,13.49625434027778,230.992125,1125.1200000000001,0.0,0.0,-9.81,0.0,0.0,0.5
88.73999,88.65999000000002,88.69,88.45,88.634995,29.24954835,0.0,0.009180069,0.0,19.39996,2209.0,136.22,13.654787326388888,239.54409374999997,1126.4,0.009180069,0.0,-9.81,0.0,0.0,0.0
0.0,0.0,0.0,0.0,0.0,0.0,0.0,0.009180069,0.0,0.0,781.0,131.83,12.49572048611111,239.24371874999997,1127.68,0.009180069,0.0,-9.81,0.0,0.0,0.0
46.62,46.67,46.64999,46.52,46.6149975,15.382949175,0.1000061,-0.03978014,0.009180069,13.39996,1401.0,98.12,12.342083333333331,236.94523437499998,1128.96,-0.03978014,0.009180069,-9.81,0.0,0.0,0.1000061
44.00999,42.61,43.87,42.42,43.2274975,14.265074175,-14.10001,-0.02958012,-0.26928,253.8,1408.0,101.66,9.716961805555556,217.008328125,1130.24,-0.02958012,-0.26928,-9.81,0.0,0.0,-14.10001
44.33,42.97,44.209990000000005,42.64999,43.539995000000005,14.368198350000002,-15.10001,-0.02958012,-0.3100800999999999,261.2,1394.0,101.33,9.547217881944444,221.416390625,1131.52,-0.02958012,-0.3100800999999999,-9.81,0.0,0.0,-15.10001
0.0,0.0,0.0,0.0,0.0,0.0,-0.1000061,-0.009180069,0.02957988,0.0,868.0,96.8,9.512812499999999,166.54684375,1132.8,-0.009180069,0.02957988,-9.81,0.0,0.0,-0.1000061
43.92999,43.27,43.81,42.92999,43.484995000000005,14.350048350000002,-8.0,0.0,-0.1193398999999999,227.1,1406.0,102.6,9.449587673611111,175.67232812499998,1134.08,0.0,-0.1193398999999999,-9.81,0.0,0.0,-8.0
3.619995,4.720001,2.759995,4.040001,3.784998,1.24904934,-14.5,-0.07956004,0.01937985,0.0,1116.0,96.9,11.13107638888889,116.43029687500001,1135.3600000000001,-0.07956004,0.01937985,-9.81,0.0,0.0,-14.5
97.95,97.70999,97.78999,97.34,97.697495,32.24017335,-1.0,-0.01938009,-0.01938009,22.79999,2439.0,156.89,12.494019097222221,140.18753125,1136.64,-0.01938009,-0.01938009,-9.81,0.0,0.0,-1.0
99.34999,99.11,99.2,98.59999,99.064995,32.69144835,-1.199982,-0.009180069,-0.02958012,25.29999,2461.0,156.46,13.326432291666666,144.63365625,1137.92,-0.009180069,-0.02958012,-9.81,0.0,0.0,-1.199982
8.899994,8.189995,8.839996000000001,8.040001,8.492496500000001,2.8025238450000005,-7.799988000000001,0.07956004,-0.03978014,132.5,1235.0,96.86,13.01532986111111,190.920453125,1139.2,0.07956004,-0.03978014,-9.81,0.0,0.0,-7.799988000000001
40.849990000000005,41.17,40.75999,40.75,40.882495000000006,13.491223350000002,0.1000061,-0.009180069,0.0,200.3,1270.0,105.96,10.156241319444444,180.628046875,1140.48,-0.009180069,0.0,-9.81,0.0,0.0,0.1000061
100.63,100.57,100.54,100.2,100.485,33.16005,0.3999939,0.01937985,0.01937985,18.79999,2511.0,152.75,10.061180555555556,199.4184375,1141.76,0.01937985,0.01937985,-9.81,0.0,0.0,0.3999939
104.99,104.9,104.97,104.46,104.83,34.5939,0.0,0.009180069,0.01937985,18.89996,2599.0,151.78,10.032847222222221,210.569484375,1143.04,0.009180069,0.01937985,-9.81,0.0,0.0,0.0
105.73,105.81,105.54,105.17,105.56250000000001,34.83562500000001,0.7000122,0.01937985,0.01937985,17.59998,2618.0,151.4,10.867100694444444,134.276234375,1144.32,0.01937985,0.01937985,-9.81,0.0,0.0,0.7000122
0.0,0.0,0.0,0.0,0.0,0.0,0.2000122,0.0397799,0.02957988,113.9,942.0,96.83,10.461532118055555,169.774234375,1145.6000000000001,0.0397799,0.02957988,-9.81,0.0,0.0,0.2000122
55.42999,55.00999,55.31,55.03,55.194995,18.21434835,-0.1000061,-0.01938009,-0.02958012,0.0,1684.0,120.64,13.114340277777778,180.41546875,1146.88,-0.01938009,-0.02958012,-9.81,0.0,0.0,-0.1000061
39.95,39.87,39.709990000000005,39.64,39.792497499999996,13.131524175,-0.1000061,0.12954,-0.01938009,204.1,2268.0,114.73,13.050199652777778,172.67654687499999,1148.16,0.12954,-0.01938009,-9.81,0.0,0.0,-0.1000061
95.15999,95.34,94.94,94.84,95.0699975,31.373099175,2.100006,0.0,0.06936002,13.79999,2358.0,152.02,13.744618055555556,143.75123437500002,1149.44,0.0,0.06936002,-9.81,0.0,0.0,2.100006
40.03,40.25999,40.349990000000005,40.31,40.237495,13.27837335,2.899994,-0.2193,0.07956004,0.0,1227.0,96.25,12.088185763888887,164.829171875,1150.72,-0.2193,0.07956004,-9.81,0.0,0.0,2.899994
0.0,0.0,0.0,0.0,0.0,0.0,0.0,-0.03978014,0.0,0.0,805.0,116.99,11.738554687499999,164.812734375,1152.0,-0.03978014,0.0,-9.81,0.0,0.0,0.0
36.77,36.78,36.64,36.599990000000005,36.697497500000004,12.110174175000003,0.0,-0.01938009,0.0,201.3,1490.0,113.52,12.38443142361111,172.914984375,1153.28,-0.01938009,0.0,-9.81,0.0,0.0,0.0
103.76,103.76,103.68,103.08,103.57000000000001,34.1781,-0.6000061,0.0397799,0.009180069,20.39996,2574.0,170.62,13.489348958333334,179.79026562500002,1154.56,0.0397799,0.009180069,-9.81,0.0,0.0,-0.6000061
0.0,0.0,0.0,0.0,0.0,0.0,0.1000061,-0.02958012,0.0,0.0,801.0,117.06,13.778294270833332,173.58407812500002,1155.84,-0.02958012,0.0,-9.81,0.0,0.0,0.1000061
43.72,43.66,43.67999,43.64,43.6749975,14.412749175000002,-0.1000061,-0.03978014,0.0,201.2,1286.0,109.08,14.84406684027778,174.914296875,1157.1200000000001,-0.03978014,0.0,-9.81,0.0,0.0,-0.1000061
103.11,103.11,103.24,102.82,103.07,34.0131,0.5,-0.03978014,0.01937985,18.89996,2549.0,169.35,16.592491319444445,154.9440625,1158.4,-0.03978014,0.01937985,-9.81,0.0,0.0,0.5
47.64999,47.599990000000005,47.56999,47.48,47.5749925,15.699747525000001,0.3000183,0.0397799,0.0,0.0,1955.0,114.32,16.819835069444444,148.231546875,1159.68,0.0397799,0.0,-9.81,0.0,0.0,0.3000183
90.62999,90.62,90.55,90.20999,90.50249500000001,29.865823350000007,-0.1999817,0.02957988,-0.01938009,22.09998,2327.0,168.21,16.71245659722222,147.22273437500002,1160.96,0.02957988,-0.01938009,-9.81,0.0,0.0,-0.1999817
90.39999,90.45,90.48,90.14999,90.369995,29.82209835,0.8000183000000001,-0.01938009,0.02957988,18.0,2248.0,168.09,16.632799479166664,145.4079375,1162.24,-0.01938009,0.02957988,-9.81,0.0,0.0,0.8000183000000001
42.709990000000005,42.8,42.61,42.75,42.7174975,14.096774175,1.300018,-0.009180069,0.02957988,196.4,1401.0,105.94,16.4028125,142.701671875,1163.52,-0.009180069,0.02957988,-9.81,0.0,0.0,1.300018
52.26999,52.209990000000005,52.2,51.89999,52.1449925,17.207847525000002,-0.1999817,0.0,0.0,0.0,2150.0,117.43,16.128033854166667,141.233296875,1164.8,0.0,0.0,-9.81,0.0,0.0,-0.1999817
85.14,85.2,84.87,84.64999,84.96499750000001,28.038449175000004,0.1000061,0.0397799,0.0,20.09998,2129.0,166.01,15.459205729166667,149.133953125,1166.08,0.0397799,0.0,-9.81,0.0,0.0,0.1000061
87.23999,87.20999,87.09999,86.84,87.09749250000002,28.742172525000008,0.5,0.0,0.009180069,18.89996,2164.0,164.62,16.589388020833333,141.0438125,1167.3600000000001,0.0,0.009180069,-9.81,0.0,0.0,0.5
50.03,49.78,50.0,49.69,49.875,16.458750000000002,-1.600006,-0.02958012,-0.05915999,0.0,1460.0,120.29,16.50252604166667,135.746265625,1168.64,-0.02958012,-0.05915999,-9.81,0.0,0.0,-1.600006
84.73999,84.81,84.81999,84.51999,84.7224925,27.958422525000003,0.3999939,-0.02958012,0.0,17.70001,2114.0,164.72,16.60822048611111,136.905234375,1169.92,-0.02958012,0.0,-9.81,0.0,0.0,0.3999939
65.41,65.47,65.37999,65.03,65.3224975,21.556424175,-0.2999877999999999,0.01937985,-0.01938009,15.39996,1831.0,108.16,13.370351562499998,136.280265625,1171.2,0.01937985,-0.01938009,-9.81,0.0,0.0,-0.2999877999999999
0.0,0.0,0.0,0.7799988,0.1949997,0.064349901,0.0,-0.06936002,0.009180069,0.0,816.0,115.0,12.696714409722222,138.939734375,1172.48,-0.06936002,0.009180069,-9.81,0.0,0.0,0.0
40.87999,40.81999,40.81999,40.59,40.7774925,13.456572525,-1.299988,0.009180069,-0.01938009,207.4,1726.0,103.49,12.7794921875,138.178171875,1173.76,0.009180069,-0.01938009,-9.81,0.0,0.0,-1.299988
0.0,0.0,0.0,0.0,0.0,0.0,0.0,-0.009180069,0.009180069,0.0,777.0,114.78,13.209778645833332,145.31684375,1175.04,-0.009180069,0.009180069,-9.81,0.0,0.0,0.0
0.0,0.0,0.0,0.0,0.0,0.0,0.0,-0.009180069,0.009180069,0.0,771.0,114.74,13.120086805555555,146.318984375,1176.32,-0.009180069,0.009180069,-9.81,0.0,0.0,0.0
44.83,45.14999,44.78999,45.03,44.949995,14.833498350000001,3.200012,0.02957988,0.08976007,185.7,1438.0,105.09,13.228033854166666,141.76940625000003,1177.6000000000001,0.02957988,0.08976007,-9.81,0.0,0.0,3.200012
88.34999,88.23,88.33,87.86,88.1924975,29.103524175,-0.5,-0.009180069,0.0,21.70001,2197.0,144.15,14.583940972222223,201.720015625,1178.88,-0.009180069,0.0,-9.81,0.0,0.0,-0.5
0.0,0.0,0.0,0.0,0.0,0.0,0.0,0.0,-0.009180069,0.0,865.0,113.08,13.32579861111111,183.36617187500002,1180.16,0.0,-0.009180069,-9.81,0.0,0.0,0.0
39.34,39.44,39.42,39.31999,39.3799975,12.995399175000001,1.0,0.0,-0.009180069,198.8,1657.0,103.7,14.222921006944444,185.017421875,1181.44,0.0,-0.009180069,-9.81,0.0,0.0,1.0
102.75,102.45,102.73,102.03,102.49000000000001,33.82170000000001,-1.199982,-0.02958012,-0.06936002,23.89996,2541.0,114.08,15.342152777777777,189.885515625,1182.72,-0.02958012,-0.06936002,-9.81,0.0,0.0,-1.199982
40.36,40.27,40.349990000000005,40.16,40.2849975,13.294049175000001,-0.3999939,-0.01938009,-0.02958012,203.8,1661.0,103.2,15.733411458333334,188.062109375,1184.0,-0.01938009,-0.02958012,-9.81,0.0,0.0,-0.3999939
16.439989999999998,15.72,16.42,15.7,16.0699975,5.303099175,-7.600006,-0.1897202,0.0,58.89996,1256.0,112.04,14.049131944444444,192.45940625,1185.28,-0.1897202,0.0,-9.81,0.0,0.0,-7.600006
56.51999,56.42999,57.00999,56.64,56.649992499999996,18.694497525,-0.7999878,-0.04997993,-0.04997993,21.20001,1695.0,122.23,11.075789930555555,196.36845312499997,1186.56,-0.04997993,-0.04997993,-9.81,0.0,0.0,-0.7999878
0.0,0.0,0.0,0.0,0.0,0.0,0.0,-0.009180069,0.02957988,59.89996,778.0,111.75,10.164118923611111,197.09145312500002,1187.84,-0.009180069,0.02957988,-9.81,0.0,0.0,0.0
19.17,19.53,19.17,19.61,19.37,6.392100000000001,4.899994,-0.3294601,0.04997993,0.0,1292.0,120.32,8.70591579861111,188.977890625,1189.1200000000001,-0.3294601,0.04997993,-9.81,0.0,0.0,4.899994
0.0,0.0,0.0,0.0,0.0,0.0,-0.1000061,-0.01938009,-0.009180069,0.0,857.0,118.85,9.954739583333334,185.75985937500002,1190.4,-0.01938009,-0.009180069,-9.81,0.0,0.0,-0.1000061
102.03,102.03,101.98,101.61,101.91250000000001,33.631125000000004,0.2000122,0.0,0.009180069,18.89996,2531.0,112.34,11.291124131944445,189.733765625,1191.68,0.0,0.009180069,-9.81,0.0,0.0,0.2000122
0.0,0.0,0.0,0.0,0.0,0.0,-0.1000061,-0.01938009,-0.009180069,0.0,863.0,118.69,11.280425347222224,190.4966875,1192.96,-0.01938009,-0.009180069,-9.81,0.0,0.0,-0.1000061
22.48,20.75,22.25999,20.56,21.512497500000002,7.099124175000001,-18.60001,0.0,-0.1693201,108.7,1371.0,111.07,11.412022569444444,217.35425,1194.24,0.0,-0.1693201,-9.81,0.0,0.0,-18.60001
26.66,25.64999,25.17,25.68,25.7899975,8.510699175,6.200012,-0.01938009,0.09995985,0.0,1418.0,111.08,10.789939236111111,213.54157812499997,1195.52,-0.01938009,0.09995985,-9.81,0.0,0.0,6.200012
100.92,100.98,100.83,100.52,100.8125,33.268125000000005,1.5,0.009180069,0.06936002,15.89996,2513.0,122.89,10.99904079861111,216.03996875,1196.8,0.009180069,0.06936002,-9.81,0.0,0.0,1.5
24.41,23.67,24.32,23.54,23.985,7.91505,-7.399994,0.009180069,-0.12954,40.39996,1440.0,111.2,10.26443142361111,212.228265625,1198.08,0.009180069,-0.12954,-9.81,0.0,0.0,-7.399994
39.28,39.67,39.14,39.42999,39.3799975,12.995399175000001,5.800018,0.07956004,0.05915999,181.4,1655.0,102.43,10.029809027777778,233.660953125,1199.3600000000001,0.07956004,0.05915999,-9.81,0.0,0.0,5.800018
0.0,0.0,0.0,0.0,0.0,0.0,0.0,0.009180069,0.009180069,0.0,802.0,111.26,9.362313368055556,257.40931250000006,1200.64,0.009180069,0.009180069,-9.81,0.0,0.0,0.0
0.0,0.0,0.0,0.0,0.0,0.0,0.0,-0.009180069,-0.009180069,0.0,892.0,118.5,9.656137152777777,246.663515625,1201.92,-0.009180069,-0.009180069,-9.81,0.0,0.0,0.0
2.629997,2.869995,2.559998,2.790001,2.71249775,0.8951242575,-2.799988,0.009180069,0.02957988,0.0,892.0,111.3,9.586488715277778,168.28492187499998,1203.2,0.009180069,0.02957988,-9.81,0.0,0.0,-2.799988
2.5,2.419998,2.470001,2.339996,2.4324987499999997,0.8027245875,-0.6000061,0.08976007,0.009180069,30.0,1053.0,111.38,11.399848090277779,212.978734375,1204.48,0.08976007,0.009180069,-9.81,0.0,0.0,-0.6000061
39.209990000000005,39.78,39.11,39.58,39.4199975,13.008599175,6.399994,0.05915999,0.14994,0.0,2414.0,117.95,12.303732638888889,206.054609375,1205.76,0.05915999,0.14994,-9.81,0.0,0.0,6.399994
31.179990000000004,30.879990000000003,31.11,30.83,30.999995000000002,10.22999835,-2.600006,-0.009180069,-0.07956004,218.2,1253.0,105.69,16.6505078125,238.703734375,1207.04,-0.009180069,-0.07956004,-9.81,0.0,0.0,-2.600006
49.14999,48.12999,49.19,48.00999,48.619992499999995,16.044597525,-10.0,-0.009180069,-0.2101199999999999,50.70001,1466.0,117.25,16.464105902777778,247.24595312500003,1208.32,-0.009180069,-0.2101199999999999,-9.81,0.0,0.0,-10.0
44.959990000000005,44.02,45.17,43.94,44.5224975,14.692424175000001,-9.899994,-0.14994,-0.1693201,48.0,1347.0,117.24,16.321610243055552,250.82068750000002,1209.6000000000001,-0.14994,-0.1693201,-9.81,0.0,0.0,-9.899994
0.0,0.0,0.0,0.0,0.0,0.0,0.0,-0.02958012,0.05915999,26.29999,904.0,115.39,12.806063368055554,255.182859375,1210.88,-0.02958012,0.05915999,-9.81,0.0,0.0,0.0
37.0,37.16,36.92999,36.81,36.9749975,12.201749175000002,0.5,0.0397799,-0.009180069,198.7,1530.0,109.75,16.417213541666666,262.151453125,1212.16,0.0397799,-0.009180069,-9.81,0.0,0.0,0.5
100.25,100.14,100.33,99.73999,100.11499749999999,33.037949174999994,-1.100006,-0.05915999,-0.009180069,22.89996,2473.0,121.58,17.195993923611113,258.41153125000005,1213.44,-0.05915999,-0.009180069,-9.81,0.0,0.0,-1.100006
37.23,37.16,37.17,37.06,37.155,12.26115,-0.5,-0.06936002,-0.009180069,204.3,1452.0,113.39,18.30223090277778,236.0304375,1214.72,-0.06936002,-0.009180069,-9.81,0.0,0.0,-0.5
71.76999,71.67999,71.56999,71.08,71.5249925,23.603247525,-2.100006,0.04997993,-0.04997993,20.09998,2197.0,114.02,18.31170138888889,243.80690625,1216.0,0.04997993,-0.04997993,-9.81,0.0,0.0,-2.100006
35.11,34.94,34.94,34.84,34.957499999999996,11.535974999999999,-0.1999817,-0.009180069,-0.009180069,203.8,1753.0,114.25,18.922599826388886,161.128015625,1217.28,-0.009180069,-0.009180069,-9.81,0.0,0.0,-0.1999817
96.84,96.84,96.81,96.5,96.7475,31.926675000000003,0.0,-0.009180069,0.02957988,19.29999,2399.0,129.35,18.152326388888888,160.96434374999998,1218.56,-0.009180069,0.02957988,-9.81,0.0,0.0,0.0
96.37999,96.12,96.37999,95.72,96.14999500000002,31.729498350000007,-1.5,0.04997993,-0.03978014,24.5,2438.0,130.97,18.47083767361111,133.4495,1219.84,0.04997993,-0.03978014,-9.81,0.0,0.0,-1.5
94.62,94.53,94.33,93.92,94.35000000000001,31.135500000000004,0.0,0.06936002,0.01937985,19.5,2896.0,138.3,18.932838541666666,47.4485,1221.1200000000001,0.06936002,0.01937985,-9.81,0.0,0.0,0.0
39.94,40.03,40.17,39.87999,40.0049975,13.201649175000002,-1.699982,0.009180069,-0.03978014,207.9,1671.0,111.08,19.150455729166666,48.30790625,1222.4,0.009180069,-0.03978014,-9.81,0.0,0.0,-1.699982
41.78,41.77,41.7,41.69,41.735,13.77255,0.6000061,0.0,0.01937985,197.2,1687.0,110.88,19.519049479166668,50.051859375,1223.68,0.0,0.01937985,-9.81,0.0,0.0,0.6000061
73.14,73.08,73.23,72.8,73.0625,24.110625000000002,-0.1000061,-0.009180069,-0.009180069,16.09998,1859.0,112.33,19.53232638888889,51.438,1224.96,-0.009180069,-0.009180069,-9.81,0.0,0.0,-0.1000061
95.33,95.26999,95.0,94.65999,95.064995,31.37144835,0.1000061,0.0,0.0,21.29999,2370.0,156.55,19.657048611111108,52.430484375000006,1226.24,0.0,0.0,-9.81,0.0,0.0,0.1000061
77.64999,77.67,77.5,77.28,77.52499750000001,25.583249175000006,0.1000061,0.01937985,-0.01938009,15.70001,1925.0,112.64,19.800954861111112,51.64909375,1227.52,0.01937985,-0.01938009,-9.81,0.0,0.0,0.1000061
80.05,80.11,80.12999,79.75999,80.012495,26.404123350000003,0.3999939,0.009180069,0.0,15.09998,1991.0,112.59,19.932764756944444,52.465828125,1228.8,0.009180069,0.0,-9.81,0.0,0.0,0.3999939
99.5,99.51999,99.28999,99.06999,99.3449925,32.783847525000006,0.8000183000000001,0.04997993,0.01937985,17.70001,2463.0,169.69,20.022131076388888,51.839421875,1230.08,0.04997993,0.01937985,-9.81,0.0,0.0,0.8000183000000001
72.47,72.39999,72.48,71.92999,72.319995,23.865598350000003,0.0,0.009180069,-0.02958012,15.59998,1854.0,126.36,19.287378472222223,171.00575,1231.3600000000001,0.009180069,-0.02958012,-9.81,0.0,0.0,0.0
70.89,70.83,71.03,70.64,70.8475,23.379675,-0.8999939,0.0,-0.03978014,17.79999,1764.0,124.34,19.063945312499996,167.82220312500002,1232.64,0.0,-0.03978014,-9.81,0.0,0.0,-0.8999939
68.87,68.87,68.91,68.62,68.8175,22.709775,-0.1999817,-0.03978014,0.0,15.59998,1654.0,124.03,18.735434027777778,163.49896875000002,1233.92,-0.03978014,0.0,-9.81,0.0,0.0,-0.1999817
95.06999,95.06,95.12999,94.50999,94.94249250000001,31.331022525000005,0.6000061,0.01937985,0.009180069,19.59998,2373.0,176.98,18.169522569444446,160.74685937499999,1235.2,0.01937985,0.009180069,-9.81,0.0,0.0,0.6000061
94.95999,94.90999,94.87999,94.47,94.8049925,31.285647525,-0.2999878,0.05915999,0.009180069,19.89996,2906.0,179.12,18.332421875,161.15253124999998,1236.48,0.05915999,0.009180069,-9.81,0.0,0.0,-0.2999878
68.48,68.58,68.59,68.31,68.49000000000001,22.601700000000005,0.1000061,-0.02958012,-0.009180069,15.0,1685.0,121.17,18.500737847222222,164.35015625,1237.76,-0.02958012,-0.009180069,-9.81,0.0,0.0,0.1000061
67.22,67.25999,67.45,67.12,67.2624975,22.196624175,-0.6999816999999999,-0.02958012,-0.01938009,17.39996,1648.0,116.53,19.422847222222224,53.69690625,1239.04,-0.02958012,-0.01938009,-9.81,0.0,0.0,-0.6999816999999999
94.59999,94.34,94.56,94.12,94.40499750000001,31.153649175000005,-0.6999816999999999,-0.009180069,0.0,21.29999,2341.0,183.65,18.3482421875,54.44646875,1240.32,-0.009180069,0.0,-9.81,0.0,0.0,-0.6999816999999999
73.45,73.45,73.47,73.22,73.39750000000001,24.221175000000002,0.0,0.0,-0.009180069,15.59998,1825.0,108.12,17.230794270833336,55.360765625,1241.6000000000001,0.0,-0.009180069,-9.81,0.0,0.0,0.0
30.84999,30.75999,30.679990000000004,30.67,30.7399925,10.144197525000001,0.3000183,0.07956004,0.0,200.9,1405.0,112.84,18.844175347222222,57.846984375000005,1242.88,0.07956004,0.0,-9.81,0.0,0.0,0.3000183
79.97,79.89999,80.01999,79.44,79.832495,26.34472335,-0.1999817,-0.009180069,-0.02958012,16.09998,2453.0,132.23,19.888637152777775,59.26903125,1244.16,-0.009180069,-0.02958012,-9.81,0.0,0.0,-0.1999817
96.20999,96.05,96.05,95.69,95.9999975,31.679999175000003,0.5,-0.05915999,0.0,19.5,2392.0,164.56,20.21486979166667,57.3888125,1245.44,-0.05915999,0.0,-9.81,0.0,0.0,0.5
95.23,95.17,95.12,94.76999,95.0724975,31.373924175,0.3000183,-0.01938009,-0.009180069,20.70001,2372.0,153.6,19.550004340277777,58.993703124999996,1246.72,-0.01938009,-0.009180069,-9.81,0.0,0.0,0.3000183
36.22,36.48,36.19,36.48,36.342499999999994,11.993025,2.700012,-0.03978014,0.05915999,186.1,1416.0,118.41,18.522000868055557,56.302296874999996,1248.0,-0.03978014,0.05915999,-9.81,0.0,0.0,2.700012
21.89,19.25999,21.3,18.68,20.282497499999998,6.693224175,-28.69998,0.0,-0.26928,397.1,1368.0,120.14,17.4731640625,74.85389062499999,1249.28,0.0,-0.26928,-9.81,0.0,0.0,-28.69998
73.28999,73.14,73.23,72.89999,73.139995,24.13619835,-1.199982,0.009180069,-0.01938009,17.79999,2347.0,136.68,18.46663628472222,77.17212500000001,1250.56,0.009180069,-0.01938009,-9.81,0.0,0.0,-1.199982
95.25,95.33,95.23999,94.90999,95.18249499999999,31.41022335,1.200012,0.009180069,0.02957988,17.39996,2359.0,141.51,19.548519965277777,69.65648437499999,1251.84,0.009180069,0.02957988,-9.81,0.0,0.0,1.200012
77.51999,77.45999,77.56,77.08,77.404995,25.54364835,-0.1999817,0.0,0.0397799,14.39996,1917.0,139.67,19.62831163194444,50.333875,1253.1200000000001,0.0,0.0397799,-9.81,0.0,0.0,-0.1999817
78.45,78.34,78.44,77.89,78.28,25.832400000000003,-0.6000061,0.009180069,0.0,16.29999,1949.0,138.63,18.63911892361111,50.466562499999995,1254.4,0.009180069,0.0,-9.81,0.0,0.0,-0.6000061
23.05,22.07999,22.93,21.95,22.5024975,7.425824175000001,-10.69998,0.04997993,-0.2101199999999999,285.7,1368.0,116.85,18.612543402777774,56.92425,1255.68,0.04997993,-0.2101199999999999,-9.81,0.0,0.0,-10.69998
27.68,27.95,27.68,27.82,27.7825,9.168225,2.899994,-0.01938009,0.009180069,184.7,1634.0,116.67,19.368745659722222,85.243984375,1256.96,-0.01938009,0.009180069,-9.81,0.0,0.0,2.899994
29.73999,29.84999,29.56,29.61,29.689995,9.797698350000001,1.0,0.0,0.0,198.1,1357.0,117.04,19.518719618055556,200.04323437500003,1258.24,0.0,0.0,-9.81,0.0,0.0,1.0
33.06,33.099990000000005,33.03,33.03999,33.057495,10.908973350000002,0.3999939,0.02957988,0.0,198.7,1441.0,116.67,19.956614583333334,199.198375,1259.52,0.02957988,0.0,-9.81,0.0,0.0,0.3999939
81.11,81.06,81.0,80.69,80.965,26.71845,0.1000061,-0.01938009,0.04997993,13.89996,2017.0,128.83,19.793940972222224,199.08746874999997,1260.8,-0.01938009,0.04997993,-9.81,0.0,0.0,0.1000061
101.85,102.02,101.93,101.66,101.86500000000001,33.61545,0.8999939,-0.02958012,0.02957988,18.29999,2533.0,127.34,19.99311197916667,201.724796875,1262.08,-0.02958012,0.02957988,-9.81,0.0,0.0,0.8999939
82.03999,82.09,81.92,81.75,81.94999750000001,27.043499175000004,0.5,0.0,0.07956004,12.0,2038.0,126.81,19.67741319444444,197.13464062499997,1263.3600000000001,0.0,0.07956004,-9.81,0.0,0.0,0.5
94.03,93.86,94.05,93.58,93.88,30.9804,-0.8999939,-0.04997993,0.0,20.39996,2301.0,120.55,17.865442708333333,77.93481249999999,1264.64,-0.04997993,0.0,-9.81,0.0,0.0,-0.8999939
94.64999,94.55,94.64999,94.19,94.509995,31.188298350000004,-0.7999878,0.0,-0.009180069,21.59998,2344.0,117.05,16.49619357638889,76.17309374999999,1265.92,0.0,-0.009180069,-9.81,0.0,0.0,-0.7999878
59.97,59.59,59.95,59.51999,59.7574975,19.719974175,-3.299988,0.0,-0.01938009,23.70001,2004.0,120.96,16.304704861111112,82.969546875,1267.2,0.0,-0.01938009,-9.81,0.0,0.0,-3.299988
62.03999,61.83,61.97,61.53,61.8424975,20.408024175,-1.5,-0.009180069,0.0,18.70001,1978.0,118.94,16.580381944444444,85.574484375,1268.48,-0.009180069,0.0,-9.81,0.0,0.0,-1.5
28.77,28.62,28.72,28.55,28.665,9.45945,-1.5,0.04997993,-0.05915999,211.1,1304.0,105.24,18.105768229166667,146.438359375,1269.76,0.04997993,-0.05915999,-9.81,0.0,0.0,-1.5
99.42999,99.39,99.20999,98.83,99.214995,32.740948350000004,0.3999939,0.02957988,0.0,19.20001,2468.0,114.49,19.780950520833333,202.208078125,1271.04,0.02957988,0.0,-9.81,0.0,0.0,0.3999939
73.61,73.55,73.7,73.11,73.4925,24.252525000000002,-0.1000061,-0.01938009,-0.02958012,16.29999,1831.0,136.35,17.508736979166663,196.002640625,1272.32,-0.01938009,-0.02958012,-9.81,0.0,0.0,-0.1000061
85.53999,85.62,85.59,85.28,85.5074975,28.217474175,0.6000061,0.009180069,0.04997993,11.5,2700.0,129.17,21.8975,76.655125,1273.6000000000001,0.009180069,0.04997993,-9.81,0.0,0.0,0.6000061
98.45,98.34999,98.23999,97.84,98.21999500000001,32.41259835,-0.3999939,0.02957988,0.0,20.59998,2437.0,120.53,22.149717881944444,78.157671875,1274.88,0.02957988,0.0,-9.81,0.0,0.0,-0.3999939
84.42999,84.42999,84.55,84.03999,84.3624925,27.839622525000003,-0.1000061,-0.03978014,0.01937985,14.39996,2056.0,126.64,22.281015625000002,78.815515625,1276.16,-0.03978014,0.01937985,-9.81,0.0,0.0,-0.1000061
101.32,101.26,101.41,100.73,101.18,33.3894,-0.5,0.0,-0.009180069,21.29999,2512.0,119.55,22.46437065972222,77.182421875,1277.44,0.0,-0.009180069,-9.81,0.0,0.0,-0.5
83.98999,84.03,83.92,83.51999,83.86499500000001,27.675448350000003,0.7000122,0.0,0.02957988,13.29999,2088.0,129.63,22.05763454861111,79.66265625,1278.72,0.0,0.02957988,-9.81,0.0,0.0,0.7000122
78.86,78.78,79.12,78.58,78.835,26.015549999999998,-0.1000061,-0.01938009,-0.009180069,15.79999,1930.0,128.78,21.960238715277775,79.39309374999999,1280.0,-0.01938009,-0.009180069,-9.81,0.0,0.0,-0.1000061
103.0,102.9,102.96,102.55,102.8525,33.941325000000006,0.5,-0.04997993,0.0,18.79999,2545.0,111.93,21.85984375,82.90078125,1281.28,-0.04997993,0.0,-9.81,0.0,0.0,0.5
103.43,103.42,103.32,102.95,103.28,34.0824,0.3000183,0.01937985,0.0,20.5,2566.0,110.1,21.830108506944445,81.503,1282.56,0.01937985,0.0,-9.81,0.0,0.0,0.3000183
51.78999,52.31,51.73999,52.31999,52.0399925,17.173197525,5.700012,0.04997993,0.1193398999999999,182.6,1650.0,100.87,21.992825520833335,141.30703125000002,1283.84,0.04997993,0.1193398999999999,-9.81,0.0,0.0,5.700012
78.59999,78.51999,78.75999,78.14,78.5049925,25.906647525,-0.3999939,-0.03978014,-0.03978014,16.89996,1919.0,128.79,21.754049479166667,193.75050000000002,1285.1200000000001,-0.03978014,-0.03978014,-9.81,0.0,0.0,-0.3999939
52.23,52.0,52.349990000000005,52.03,52.1524975,17.210324175,-2.199982,0.0397799,-0.01938009,208.2,1656.0,102.94,21.611592881944446,196.56548437499998,1286.4,0.0397799,-0.01938009,-9.81,0.0,0.0,-2.199982
77.72,77.5,77.61,77.14,77.49249999999999,25.572525,-0.3999939,-0.04997993,0.0,15.89996,1892.0,125.32,21.639500868055556,195.23865625000002,1287.68,-0.04997993,0.0,-9.81,0.0,0.0,-0.3999939
103.38,103.31,103.36,103.04,103.27250000000001,34.079925,1.0,0.02957988,0.0397799,17.89996,2569.0,101.93,21.827395833333334,197.8615,1288.96,0.02957988,0.0397799,-9.81,0.0,0.0,1.0
81.40999000000001,81.39,81.42,80.89,81.2774975,26.821574175,0.0,0.0397799,0.0,15.5,2034.0,116.5,21.14008246527778,190.594296875,1290.24,0.0397799,0.0,-9.81,0.0,0.0,0.0
92.92,92.87999,92.84999,92.37999,92.75749250000001,30.609972525000007,0.3999939,-0.01938009,0.0,18.59998,2312.0,99.54,20.72057291666667,196.95681249999998,1291.52,-0.01938009,0.0,-9.81,0.0,0.0,0.3999939
83.5,83.56999,83.31,82.84,83.30499750000001,27.490649175000005,0.6000061,0.02957988,0.0,12.59998,2078.0,120.25,20.61565972222222,193.93046875,1292.8,0.02957988,0.0,-9.81,0.0,0.0,0.6000061
96.5,96.55,96.58,96.2,96.4575,31.830975,0.6000061,0.009180069,0.0,20.0,2391.0,98.09,20.43296440972222,198.33500000000004,1294.08,0.009180069,0.0,-9.81,0.0,0.0,0.6000061
73.59,73.59999,73.42,73.22,73.45749750000002,24.240974175000005,0.1000061,0.0,0.0,14.20001,2406.0,129.28,18.86366753472222,191.744671875,1295.3600000000001,0.0,0.0,-9.81,0.0,0.0,0.1000061
94.73,94.70999,94.8,94.36,94.64999750000001,31.234499175000007,0.0,0.0,0.0,20.59998,2355.0,96.56,19.538658854166663,200.705140625,1296.64,0.0,0.0,-9.81,0.0,0.0,0.0
92.84,92.70999,92.78999,92.42999,92.69249250000001,30.588522525000005,0.0,-0.03978014,0.0,20.0,2284.0,96.15,19.373784722222222,196.099984375,1297.92,-0.03978014,0.0,-9.81,0.0,0.0,0.0
75.98999,76.06,75.97,75.59,75.90249750000001,25.047824175000006,0.0,0.01937985,0.0,15.0,1896.0,132.64,19.480894097222222,199.97893750000003,1299.2,0.01937985,0.0,-9.81,0.0,0.0,0.0
75.23,75.22,75.17999,74.76999,75.099995,24.782998350000003,0.0,0.0,-0.009180069,15.20001,1864.0,133.16,19.6392578125,197.23601562500002,1300.48,0.0,-0.009180069,-9.81,0.0,0.0,0.0
91.59999,91.64999,91.48999,91.3,91.5099925,30.198297525,0.7000122,-0.01938009,0.01937985,18.0,2282.0,94.62,15.402191840277778,150.909734375,1301.76,-0.01938009,0.01937985,-9.81,0.0,0.0,0.7000122
77.14,77.09999,77.23,76.87999,77.087495,25.43887335,0.2000122,-0.03978014,-0.01938009,15.20001,1865.0,132.41,15.267938368055553,153.9383125,1303.04,-0.03978014,-0.01938009,-9.81,0.0,0.0,0.2000122
0.0,0.0,0.0,0.0,0.0,0.0,-0.6000061,0.009180069,-0.009180069,213.7,851.0,105.12,11.57875,181.33153125,1304.32,0.009180069,-0.009180069,-9.81,0.0,0.0,-0.6000061
44.72,44.12999,44.67,43.94,44.3649975,14.640449175,-5.899994,0.0,-0.08976007,221.8,1439.0,117.09,12.79892361111111,178.70156250000002,1305.6000000000001,0.0,-0.08976007,-9.81,0.0,0.0,-5.899994
23.32,21.88,23.06,21.62,22.470000000000002,7.415100000000002,-17.39999,0.09995985,-0.1897202,58.20001,2056.0,105.91,14.648081597222221,194.51639062499999,1306.88,0.09995985,-0.1897202,-9.81,0.0,0.0,-17.39999
91.97,91.92,91.76999,91.39,91.7624975,30.281624175,-0.1000061,0.01937985,0.02957988,19.70001,2290.0,94.34,15.373671875,193.401453125,1308.16,0.01937985,0.02957988,-9.81,0.0,0.0,-0.1000061
92.05,92.08,92.01999,91.62,91.9424975,30.341024175,0.8000183000000001,0.0397799,0.05915999,16.0,2815.0,94.79,16.296132812499998,190.96995312500002,1309.44,0.0397799,0.05915999,-9.81,0.0,0.0,0.8000183000000001
67.67999,67.64,67.8,67.61,67.68249750000001,22.335224175000004,0.6000061,-0.009180069,0.0,13.5,2018.0,137.35,16.41142361111111,192.32834375000002,1310.72,-0.009180069,0.0,-9.81,0.0,0.0,0.6000061
35.75,35.50999,35.44,35.27,35.4924975,11.712524175,-3.699982,0.08976007,-0.05915999,215.5,1506.0,119.8,15.484661458333335,192.3435,1312.0,0.08976007,-0.05915999,-9.81,0.0,0.0,-3.699982
61.709990000000005,61.56999,61.64,61.2,61.529995,20.304898350000002,-0.6999816999999999,0.01937985,-0.02958012,17.89996,1892.0,139.77,16.142330729166666,200.92810937500002,1313.28,0.01937985,-0.02958012,-9.81,0.0,0.0,-0.6999816999999999
34.58,34.25999,34.62,33.98999,34.362495,11.339623350000002,-3.600006,-0.13974,-0.06936002,31.89996,1294.0,140.7,14.072630208333333,205.25882812499998,1314.56,-0.13974,-0.06936002,-9.81,0.0,0.0,-3.600006
96.50999,96.34,96.44,95.95999,96.312495,31.78312335,-0.1999817,-0.009180069,0.0,20.89996,2386.0,96.44,12.300286458333334,152.56660937499998,1315.84,-0.009180069,0.0,-9.81,0.0,0.0,-0.1999817
8.979996,9.129997,9.18,9.239998,9.132497749999999,3.0137242575,0.8999939,0.16014,-0.009180069,0.0,1347.0,140.98,11.68245659722222,115.22542187500001,1317.1200000000001,0.16014,-0.009180069,-9.81,0.0,0.0,0.8999939
29.59999,29.78,29.429990000000004,29.48999,29.5749925,9.759747525,2.399994,0.2101199999999999,0.02957988,7.399963,2601.0,141.33,14.362816840277777,100.70601562499999,1318.4,0.2101199999999999,0.02957988,-9.81,0.0,0.0,2.399994
99.19,98.97,99.0,98.53,98.92249999999999,32.644425,-1.399994,-0.01938009,-0.01938009,23.0,2458.0,93.04,15.793177083333333,119.759734375,1319.68,-0.01938009,-0.01938009,-9.81,0.0,0.0,-1.399994
38.34,38.349990000000005,38.599990000000005,38.34,38.407495000000004,12.674473350000001,-0.2999877999999999,0.0,-0.01938009,203.8,1646.0,117.89,15.647356770833333,126.09812500000001,1320.96,0.0,-0.01938009,-9.81,0.0,0.0,-0.2999877999999999
33.64999,33.45,33.48999,33.37999,33.4924925,11.052522524999999,1.0,-0.009180069,-0.02958012,199.3,1394.0,118.09,16.411883680555555,124.86125,1322.24,-0.009180069,-0.02958012,-9.81,0.0,0.0,1.0
96.70999,96.45999,96.64,96.23,96.509995,31.848298350000004,-0.5,-0.05915999,0.0,22.20001,2403.0,80.17,19.543650173611113,127.63957812499999,1323.52,-0.05915999,0.0,-9.81,0.0,0.0,-0.5
31.20999,31.45999,31.09999,31.48999,31.31499,10.3339467,4.200012,-0.14994,0.05915999,0.0,1252.0,100.95,19.06236545138889,124.233078125,1324.8,-0.14994,0.05915999,-9.81,0.0,0.0,4.200012
88.78999,88.69,88.78999,88.25999,88.6324925,29.248722525,-0.3999939,-0.01938009,-0.02958012,15.89996,2209.0,124.48,18.535264756944443,125.22848437500001,1326.08,-0.01938009,-0.02958012,-9.81,0.0,0.0,-0.3999939
96.92999,96.83,96.97,96.45,96.79499750000001,31.942349175000004,-0.2999878,0.0,0.009180069,20.70001,2398.0,75.91,18.9073828125,119.19848437499999,1327.3600000000001,0.0,0.009180069,-9.81,0.0,0.0,-0.2999878
89.17999,89.17,89.05,88.37,88.9424975,29.351024175000003,0.3000183,0.02957988,0.0,14.29999,2218.0,123.5,19.153524305555557,120.9776875,1328.64,0.02957988,0.0,-9.81,0.0,0.0,0.3000183
89.19,89.09999,89.23,88.75,89.0674975,29.392274175,-0.3999939,0.0,-0.02958012,16.39996,2208.0,123.88,19.748268229166666,124.45790625,1329.92,0.0,-0.02958012,-9.81,0.0,0.0,-0.3999939
68.3,67.98,68.19,67.84999,68.0799975,22.466399175000003,-3.0,0.009180069,-0.07956004,210.5,1754.0,123.28,20.487673611111113,123.82615625,1331.2,0.009180069,-0.07956004,-9.81,0.0,0.0,-3.0
67.92,67.7,67.8,67.3,67.68,22.334400000000002,-1.699982,-0.009180069,-0.03978014,206.7,1793.0,123.41,20.022595486111108,127.22484374999999,1332.48,-0.009180069,-0.03978014,-9.81,0.0,0.0,-1.699982
89.95999,89.78999,90.00999,89.33,89.7724925,29.624922525000002,-0.7999878,-0.009180069,-0.05915999,18.5,2236.0,122.21,19.518203125,128.32746875,1333.76,-0.009180069,-0.05915999,-9.81,0.0,0.0,-0.7999878
98.98,98.86,98.94,98.44,98.80499999999999,32.60565,-0.6999816999999999,-0.009180069,-0.03978014,23.29999,2462.0,71.33,19.942721354166665,127.43896875,1335.04,-0.009180069,-0.03978014,-9.81,0.0,0.0,-0.6999816999999999
98.14999,98.2,98.14999,97.83,98.082495,32.367223349999996,1.100006,-0.01938009,0.05915999,15.79999,2448.0,71.42,19.302517361111107,122.312796875,1336.32,-0.01938009,0.05915999,-9.81,0.0,0.0,1.100006
70.69,70.62,70.64,70.37999,70.5824975,23.292224175,-0.1000061,0.0,0.02957988,201.6,1757.0,123.53,20.25650173611111,117.534875,1337.6000000000001,0.0,0.02957988,-9.81,0.0,0.0,-0.1000061
91.70999,91.67999,91.67,91.31,91.592495,30.22552335,0.0,-0.009180069,-0.009180069,15.39996,2281.0,108.46,20.179578993055557,127.301328125,1338.88,-0.009180069,-0.009180069,-9.81,0.0,0.0,0.0
29.78,27.6,29.31,26.93,28.405,9.373650000000001,-25.39999,0.01937985,-0.3396599,84.39996,1575.0,97.23,20.445499131944445,148.963703125,1340.16,0.01937985,-0.3396599,-9.81,0.0,0.0,-25.39999
100.85,100.83,100.91,100.43,100.75500000000001,33.24915000000001,0.0,0.0,0.009180069,20.70001,2499.0,73.9,21.626323784722224,149.37509375000002,1341.44,0.0,0.009180069,-9.81,0.0,0.0,0.0
88.22,88.3,88.28,87.87,88.16749999999999,29.095274999999997,0.0,0.0,0.009180069,14.0,2191.0,114.92,22.415590277777774,152.15800000000002,1342.72,0.0,0.009180069,-9.81,0.0,0.0,0.0
97.84,97.75999,97.90999,97.45999,97.7424925,32.255022525,-0.6000061,-0.01938009,-0.009180069,21.29999,2421.0,76.69,23.10359375,147.78271875000002,1344.0,-0.01938009,-0.009180069,-9.81,0.0,0.0,-0.6000061
99.95,99.98,99.81,99.45,99.7975,32.933175,0.8999939,0.0397799,0.01937985,17.29999,2550.0,79.58,22.88136284722222,148.20214062500003,1345.28,0.0397799,0.01937985,-9.81,0.0,0.0,0.8999939
69.62999,69.70999,69.78999,69.51999,69.66249,22.988621700000003,0.7000122,0.0,0.0,201.2,1734.0,118.94,22.964014756944444,146.24725,1346.56,0.0,0.0,-9.81,0.0,0.0,0.7000122
69.14999,69.06999,68.87,68.98,69.01749500000001,22.775773350000005,0.1000061,-0.02958012,-0.009180069,0.0,2126.0,93.33,22.18385416666667,141.013703125,1347.84,-0.02958012,-0.009180069,-9.81,0.0,0.0,0.1000061
72.37,72.42,72.12,71.89,72.2,23.826,-0.3999939,0.0,-0.02958012,203.3,1839.0,119.71,21.97009982638889,139.693515625,1349.1200000000001,0.0,-0.02958012,-9.81,0.0,0.0,-0.3999939
66.61,66.64999,66.44,66.39999,66.524995,21.953248350000003,0.1000061,-0.03978014,0.0,0.0,1647.0,90.84,21.380963541666667,141.16000000000003,1350.4,-0.03978014,0.0,-9.81,0.0,0.0,0.1000061
65.33,65.25999,65.06,64.94,65.1474975,21.498674175,-0.7999878,-0.03978014,-0.02958012,0.0,1614.0,89.87,21.43939236111111,143.047390625,1351.68,-0.03978014,-0.02958012,-9.81,0.0,0.0,-0.7999878
82.94,82.89999,83.05,82.45999,82.837495,27.336373350000002,0.3999939,0.0,0.009180069,12.79999,2054.0,138.98,21.5515234375,136.52842187500002,1352.96,0.0,0.009180069,-9.81,0.0,0.0,0.3999939
92.64,92.73,92.56999,92.25,92.5474975,30.540674175000003,0.2000122,0.009180069,-0.009180069,19.79999,2638.0,101.39,21.267751736111112,138.96878125,1354.24,0.009180069,-0.009180069,-9.81,0.0,0.0,0.2000122
74.72,74.48999,74.31,73.89999,74.354995,24.537148350000002,-0.6000061,-0.009180069,-0.03978014,204.8,1860.0,114.61,20.073975694444442,141.4453125,1355.52,-0.009180069,-0.03978014,-9.81,0.0,0.0,-0.6000061
41.41,41.64999,41.41,41.5,41.4924975,13.692524175,2.800018,-0.29988,0.05915999,0.0,1231.0,87.17,18.662434895833336,137.112390625,1356.8,-0.29988,0.05915999,-9.81,0.0,0.0,2.800018
44.28999,42.8,44.22,42.34,43.4124975,14.326124175,-16.19998,0.02957988,-0.29988,68.59998,1868.0,138.18,17.69575520833333,149.03046875,1358.08,0.02957988,-0.29988,-9.81,0.0,0.0,-16.19998
46.959990000000005,47.39,46.75,47.3,47.0999975,15.542999175,7.399994,0.08976007,0.2600999,0.0,2036.0,138.55,18.096015625,145.0571875,1359.3600000000001,0.08976007,0.2600999,-9.81,0.0,0.0,7.399994
63.11,63.099990000000005,62.89,62.48999,62.897495,20.75617335,-0.6000061,-0.16014,-0.03978014,204.8,1523.0,119.47,17.925455729166668,143.6325,1360.64,-0.16014,-0.03978014,-9.81,0.0,0.0,-0.6000061
94.48999,94.53,94.45,94.22,94.42249749999999,31.159424174999998,0.7000122,0.02957988,0.01937985,18.70001,2352.0,115.54,17.43441840277778,140.76179687500002,1361.92,0.02957988,0.01937985,-9.81,0.0,0.0,0.7000122
47.03,47.11,47.12999,47.03,47.0749975,15.534749175000002,0.3999939,-0.14994,0.01937985,200.8,1432.0,118.87,17.0182421875,140.97325,1363.2,-0.14994,0.01937985,-9.81,0.0,0.0,0.3999939
47.03,46.89,46.98,46.92999,46.9574975,15.495974175,-0.2999877999999999,-0.07956004,0.01937985,0.0,1410.0,85.55,16.225698784722223,143.223546875,1364.48,-0.07956004,0.01937985,-9.81,0.0,0.0,-0.2999877999999999
96.78,96.81999,96.62999,96.22,96.612495,31.88212335,0.2000122,0.02957988,0.0,20.59998,3049.0,118.28,15.006940104166667,145.270921875,1365.76,0.02957988,0.0,-9.81,0.0,0.0,0.2000122
78.00999,78.00999,77.94,77.7,77.914995,25.711948350000004,-0.1000061,-0.009180069,0.0,202.6,1932.0,120.82,22.451727430555557,180.81796875,1367.04,-0.009180069,0.0,-9.81,0.0,0.0,-0.1000061
61.36,60.58,61.03999,60.16,60.784997499999996,20.059049175,-8.100006,0.0,-0.16014,0.0,1565.0,88.65,22.503528645833335,101.35750000000002,1368.32,0.0,-0.16014,-9.81,0.0,0.0,-8.100006
68.37,68.22,68.06,67.89999,68.1374975,22.485374175,0.6000061,0.06936002,-0.009180069,0.0,2763.0,92.33,22.515920138888887,188.05043750000002,1369.6000000000001,0.06936002,-0.009180069,-9.81,0.0,0.0,0.6000061
73.42,73.12,73.3,72.87,73.17750000000001,24.148575000000005,-2.799988,0.07956004,-0.09996009,0.0,3031.0,91.93,23.016115451388888,193.799109375,1370.88,0.07956004,-0.09996009,-9.81,0.0,0.0,-2.799988
86.42,86.34,86.65999000000001,86.15999000000001,86.394995,28.51034835,-0.7999878,-0.04997993,0.01937985,16.5,2123.0,123.16,23.83077256944444,187.23618750000003,1372.16,-0.04997993,0.01937985,-9.81,0.0,0.0,-0.7999878
78.69,78.55,78.7,78.09999,78.5099975,25.908299175,-3.600006,0.01937985,-0.1091398999999999,0.0,2043.0,95.66,23.267352430555555,103.026390625,1373.44,0.01937985,-0.1091398999999999,-9.81,0.0,0.0,-3.600006
100.29,100.21,100.21,99.78999,100.12499749999999,33.041249175,-0.3999939,-0.03978014,-0.01938009,22.39996,2479.0,143.21,23.109079861111113,106.537109375,1374.72,-0.03978014,-0.01938009,-9.81,0.0,0.0,-0.3999939
100.31,100.23,100.17,99.84,100.13750000000002,33.04537500000001,-0.2999878,0.0,-0.01938009,21.59998,2493.0,142.84,23.009691840277778,102.030078125,1376.0,0.0,-0.01938009,-9.81,0.0,0.0,-0.2999878
102.73,102.89,102.75,102.56,102.7325,33.901725,1.399994,-0.04997993,0.01937985,16.20001,2522.0,142.44,23.261883680555556,102.490734375,1377.28,-0.04997993,0.01937985,-9.81,0.0,0.0,1.399994
77.78999,77.78,77.73,77.25999,77.63999500000001,25.621198350000004,-0.6000061,0.0,0.0,203.0,1927.0,124.01,23.503953993055553,101.77196875,1378.56,0.0,0.0,-9.81,0.0,0.0,-0.6000061
100.35,100.25,100.29,99.69,100.145,33.04785,-0.8999939,0.0,-0.06936002,23.0,2508.0,141.21,22.70134548611111,101.86096875,1379.84,0.0,-0.06936002,-9.81,0.0,0.0,-0.8999939
77.86,77.84,77.65999000000001,77.48999,77.71249499999999,25.64512335,0.8999939,0.0,0.0397799,196.7,1934.0,123.87,23.705082465277776,102.136734375,1381.1200000000001,0.0,0.0397799,-9.81,0.0,0.0,0.8999939
86.78999,86.73,87.0,86.62999,86.787495,28.639873350000002,0.1000061,-0.009180069,0.06936002,12.59998,2209.0,129.44,23.35170138888889,101.61153124999998,1382.4,-0.009180069,0.06936002,-9.81,0.0,0.0,0.1000061
77.7,78.0,77.73,77.72,77.7875,25.669875,2.200012,-0.009180069,0.06936002,194.6,1934.0,122.41,21.776853298611112,175.052234375,1383.68,-0.009180069,0.06936002,-9.81,0.0,0.0,2.200012
89.11,88.98,89.08,88.59999,88.9424975,29.351024175000003,-0.8999939,-0.03978014,0.009180069,21.59998,2185.0,135.64,21.520212673611113,93.32053125,1384.96,-0.03978014,0.009180069,-9.81,0.0,0.0,-0.8999939
68.59999,69.3,68.20999,69.23999,68.8374925,22.716372525,9.300018,0.01937985,0.27948,0.0,1959.0,94.04,20.39401909722222,183.80934375,1386.24,0.01937985,0.27948,-9.81,0.0,0.0,9.300018
66.45,66.48,66.78,66.45,66.54,21.9582,0.8000183000000001,-0.01938009,0.04997993,13.5,1566.0,129.21,19.953836805555554,179.2491875,1387.52,-0.01938009,0.04997993,-9.81,0.0,0.0,0.8000183000000001
52.73999,52.72,52.62999,52.56,52.662495,17.37862335,0.2000122,-0.03978014,0.0,201.1,1546.0,110.55,20.228624131944443,111.14668749999998,1388.8,-0.03978014,0.0,-9.81,0.0,0.0,0.2000122
82.62999,82.70999,82.62999,82.33,82.57499250000001,27.249747525000004,1.300018,0.0,0.01937985,12.29999,2041.0,110.33,20.26616753472222,109.76975,1390.08,0.0,0.01937985,-9.81,0.0,0.0,1.300018
98.12999,98.19,98.00999,97.70999,98.00999250000001,32.343297525000004,0.6000061,0.04997993,0.0,19.29999,2429.0,138.47,20.26436631944444,106.2541875,1391.3600000000001,0.04997993,0.0,-9.81,0.0,0.0,0.6000061
0.0,0.0,0.0,0.0,0.0,0.0,-0.2999877999999999,0.0,-0.03978014,199.0,791.0,110.22,17.1547265625,185.01190624999998,1392.64,0.0,-0.03978014,-9.81,0.0,0.0,-0.2999877999999999
10.14,10.21,10.21,10.24,10.200000000000001,3.3660000000000005,0.0,0.2101199999999999,-0.02958012,192.6,1595.0,110.25,18.337395833333336,184.659640625,1393.92,0.2101199999999999,-0.02958012,-9.81,0.0,0.0,0.0
77.41,77.50999,77.17999,76.95999,77.2649925,25.497447525000002,0.2000122,0.07956004,0.0,14.39996,2390.0,125.07,21.41462673611111,211.730078125,1395.2,0.07956004,0.0,-9.81,0.0,0.0,0.2000122
94.50999,94.55,94.37,94.2,94.40749749999999,31.154474174999997,-0.1000061,0.06936002,0.0,20.5,2892.0,140.14,21.8119921875,209.886171875,1396.48,0.06936002,0.0,-9.81,0.0,0.0,-0.1000061
76.98,76.92,77.3,76.67999,76.9699975,25.400099175,0.3000183,0.0,0.0,15.0,1908.0,131.27,21.65451388888889,114.43606249999999,1397.76,0.0,0.0,-9.81,0.0,0.0,0.3000183
75.64,75.53999,75.70999,75.12999,75.5049925,24.916647525000002,-0.5,0.0,0.0,15.0,1873.0,132.51,21.43957465277778,113.42206250000001,1399.04,0.0,0.0,-9.81,0.0,0.0,-0.5
84.53,84.64999,84.59999,84.48,84.56499500000001,27.906448350000005,0.3999939,-0.03978014,0.02957988,0.0,2110.0,103.44,21.72407552083333,113.13720312500001,1400.32,-0.03978014,0.02957988,-9.81,0.0,0.0,0.3999939
89.73999,89.97,89.67999,89.53,89.729995,29.610898350000003,0.6000061,-0.04997993,-0.01938009,0.0,2198.0,98.04,22.28142361111111,109.35296875,1401.6000000000001,-0.04997993,-0.01938009,-9.81,0.0,0.0,0.6000061
68.34,68.26999,68.22,67.84999,68.169995,22.49609835,0.2000122,0.0,-0.01938009,15.20001,1699.0,135.03,22.302738715277776,100.1540625,1402.88,0.0,-0.01938009,-9.81,0.0,0.0,0.2000122
81.98,81.97,81.75,81.59,81.82249999999999,27.001424999999998,0.3000183,0.009180069,-0.03978014,0.0,2030.0,95.1,21.89626302083333,104.61403125,1404.16,0.009180069,-0.03978014,-9.81,0.0,0.0,0.3000183
108.09,108.13,108.05,107.43,107.925,35.61525,-0.5,0.009180069,-0.02958012,21.59998,2682.0,119.39,21.469088541666665,198.853640625,1405.44,0.009180069,-0.02958012,-9.81,0.0,0.0,-0.5
110.02,109.9,110.03,109.7,109.91250000000001,36.271125000000005,0.5,0.02957988,0.01937985,17.20001,2740.0,118.9,21.570308159722224,285.3850625,1406.72,0.02957988,0.01937985,-9.81,0.0,0.0,0.5
64.76999,64.67999,64.91,64.47,64.707495,21.353473349999998,0.0,-0.03978014,0.0,14.89996,1571.0,131.55,21.226124131944445,281.12553125,1408.0,-0.03978014,0.0,-9.81,0.0,0.0,0.0
56.47,56.45,56.61,56.39,56.480000000000004,18.6384,-0.2999877999999999,0.02957988,-0.01938009,205.0,1807.0,115.94,20.908059895833333,279.47045312499995,1409.28,0.02957988,-0.01938009,-9.81,0.0,0.0,-0.2999877999999999
57.59,57.599990000000005,57.62,57.66,57.6174975,19.013774175,1.200012,-0.009180069,0.01937985,199.1,1760.0,116.03,21.270811631944447,279.23515625000005,1410.56,-0.009180069,0.01937985,-9.81,0.0,0.0,1.200012
68.37999,68.34,68.56999,68.09999,68.3474925,22.554672525,0.0,-0.03978014,0.0,15.0,1652.0,109.83,21.531046006944443,196.03996875,1411.84,-0.03978014,0.0,-9.81,0.0,0.0,0.0
66.22,66.17,66.3,66.06999,66.1899975,21.842699175000003,0.0,-0.03978014,0.0,15.20001,1599.0,108.36,21.201579861111114,188.1325625,1413.1200000000001,-0.03978014,0.0,-9.81,0.0,0.0,0.0
60.89,61.12,60.81999,60.72,60.887497499999995,20.092874175,1.100006,0.0,0.009180069,0.0,1600.0,84.99,20.239787326388893,188.73715625,1414.4,0.0,0.009180069,-9.81,0.0,0.0,1.100006
64.58,64.61,64.59,64.56999,64.5874975,21.313874175,0.3999939,0.009180069,-0.01938009,200.7,1979.0,113.9,20.344409722222224,194.84140625,1415.68,0.009180069,-0.01938009,-9.81,0.0,0.0,0.3999939
103.87,103.81,103.81,103.34,103.70750000000001,34.22347500000001,0.5,-0.009180069,0.0,18.39996,2572.0,109.74,19.9389453125,185.72109374999997,1416.96,-0.009180069,0.0,-9.81,0.0,0.0,0.5
73.39999,73.53,72.84,72.5,73.0674975,24.112274175000003,0.8000183000000001,0.0,0.01937985,11.79999,1861.0,103.31,21.170078125,187.095640625,1418.24,0.0,0.01937985,-9.81,0.0,0.0,0.8000183000000001
110.25,110.12,110.19,109.7,110.065,36.32145,-0.5,0.009180069,0.0,20.89996,2745.0,110.4,21.271102430555555,270.690046875,1419.52,0.009180069,0.0,-9.81,0.0,0.0,-0.5
77.81999,77.75,77.87,77.39,77.7074975,25.643474175,0.0,-0.009180069,-0.009180069,15.89996,1936.0,103.0,21.04041232638889,272.772984375,1420.8,-0.009180069,-0.009180069,-9.81,0.0,0.0,0.0
76.98999,77.06999,76.89999,76.45999,76.85499,25.3621467,-0.1000061,-0.009180069,0.0,15.20001,1914.0,103.09,21.19474392361111,273.175171875,1422.08,-0.009180069,0.0,-9.81,0.0,0.0,-0.1000061
76.81,76.75,76.91,76.64,76.7775,25.336575000000003,-0.1999817,-0.009180069,-0.01938009,16.89996,1883.0,103.15,20.64720052083333,271.29534375000003,1423.3600000000001,-0.009180069,-0.01938009,-9.81,0.0,0.0,-0.1999817
59.01999,59.00999,58.95,58.75999,58.93499250000001,19.448547525000002,0.3000183,0.04997993,-0.01938009,0.0,1853.0,98.17,20.34923611111111,186.1365,1424.64,0.04997993,-0.01938009,-9.81,0.0,0.0,0.3000183
56.0,55.98999,55.64,55.25,55.719997500000005,18.387599175000002,0.3999939,0.01937985,0.0,201.6,1761.0,117.92,21.13042534722222,99.31345312500001,1425.92,0.01937985,0.0,-9.81,0.0,0.0,0.3999939
83.95,83.92999,83.87999,83.37,83.78249500000001,27.648223350000006,0.0,0.04997993,-0.009180069,15.5,2590.0,103.76,21.962092013888885,104.46353124999999,1427.2,0.04997993,-0.009180069,-9.81,0.0,0.0,0.0
67.89,67.89999,67.69,67.73,67.8024975,22.374824175,-0.1999817,0.02957988,-0.009180069,0.0,2084.0,100.31,22.029652777777777,101.20526562500001,1428.48,0.02957988,-0.009180069,-9.81,0.0,0.0,-0.1999817
80.73,80.83,80.58,80.5,80.66,26.6178,2.800018,0.0,0.04997993,0.0,2471.0,103.92,22.553836805555555,101.84117187500001,1429.76,0.0,0.04997993,-9.81,0.0,0.0,2.800018
55.75,55.59,55.73999,55.62999,55.677495,18.37357335,-0.6999816999999999,-0.03978014,0.04997993,203.4,1663.0,107.16,22.47165798611111,99.1485625,1431.04,-0.03978014,0.04997993,-9.81,0.0,0.0,-0.6999816999999999
54.17999,54.08,54.12999,54.01999,54.1024925,17.853822524999998,-0.6999816999999999,0.0,0.0,204.1,1694.0,105.66,22.588606770833334,104.79718749999999,1432.32,0.0,0.0,-9.81,0.0,0.0,-0.6999816999999999
57.81999,57.73999,57.69,57.3,57.637495,19.02037335,-1.299988,-0.009180069,-0.04997993,207.6,1766.0,104.4,22.436215277777777,102.83134375,1433.6000000000001,-0.009180069,-0.04997993,-9.81,0.0,0.0,-1.299988
105.05,105.04,105.01,104.64,104.935,34.628550000000004,-0.5,0.01937985,-0.02958012,22.39996,2613.0,92.89,22.4592578125,102.51625,1434.88,0.01937985,-0.02958012,-9.81,0.0,0.0,-0.5
87.53,87.55,87.47,86.81,87.33999999999999,28.8222,-0.5,0.02957988,-0.01938009,16.09998,2175.0,104.62,22.344722222222224,103.59270312499999,1436.16,0.02957988,-0.01938009,-9.81,0.0,0.0,-0.5
104.09,104.01,104.11,103.56,103.94250000000001,34.301025,0.0,0.01937985,-0.009180069,21.29999,2574.0,94.17,22.200828993055552,105.93837500000001,1437.44,0.01937985,-0.009180069,-9.81,0.0,0.0,0.0
63.87,63.89,63.84,63.53999,63.7849975,21.049049175,0.3000183,0.0,0.0,201.0,1953.0,101.34,21.698463541666666,99.50520312500001,1438.72,0.0,0.0,-9.81,0.0,0.0,0.3000183
109.72,109.7,109.73,109.11,109.56500000000001,36.15645000000001,-0.2999878,0.01937985,-0.03978014,22.70001,2724.0,97.79,21.38741319444444,103.65534375,1440.0,0.01937985,-0.03978014,-9.81,0.0,0.0,-0.2999878
77.2,77.59,77.12,77.33,77.31,25.512300000000003,3.0,0.02957988,0.12954,0.0,1993.0,110.62,20.428506944444443,178.576828125,1441.28,0.02957988,0.12954,-9.81,0.0,0.0,3.0
101.16,101.15,101.02,100.73,101.015,33.33495,0.3000183,0.01937985,0.009180069,18.29999,2505.0,101.99,20.616124131944446,173.833046875,1442.56,0.01937985,0.009180069,-9.81,0.0,0.0,0.3000183
52.92,52.849990000000005,52.849990000000005,52.73,52.837495,17.43637335,-0.2999877999999999,0.0,-0.009180069,203.0,1674.0,103.24,21.279366319444442,181.71756249999999,1443.84,0.0,-0.009180069,-9.81,0.0,0.0,-0.2999877999999999
55.48,55.39999,55.56999,55.33,55.44499499999999,18.296848349999998,-2.399994,-0.04997993,0.01937985,19.0,1499.0,115.35,20.89034288194444,183.460203125,1445.1200000000001,-0.04997993,0.01937985,-9.81,0.0,0.0,-2.399994
94.62,94.50999,94.34999,94.19,94.417495,31.157773350000003,-0.1999817,-0.03978014,0.02957988,0.0,2346.0,96.79,20.236888020833334,177.272234375,1446.4,-0.03978014,0.02957988,-9.81,0.0,0.0,-0.1999817
101.37,101.26,101.28,100.8,101.1775,33.388575,-1.0,0.04997993,-0.01938009,23.70001,2513.0,109.63,19.98105902777778,171.47340624999998,1447.68,0.04997993,-0.01938009,-9.81,0.0,0.0,-1.0
100.22,100.12,100.25,99.70999,100.07499750000001,33.024749175000004,-1.199982,-0.04997993,-0.009180069,22.89996,2480.0,114.77,21.335121527777776,182.23542187500001,1448.96,-0.04997993,-0.009180069,-9.81,0.0,0.0,-1.199982
75.91,75.89999,76.0,75.70999,75.87999500000001,25.040398350000004,-0.1999817,0.009180069,0.02957988,14.5,2324.0,115.61,21.173519965277777,190.26021875,1450.24,0.009180069,0.02957988,-9.81,0.0,0.0,-0.1999817
73.75999,73.98,73.56999,73.56999,73.7199925,24.327597525,1.899994,-0.01938009,0.01937985,0.0,1832.0,89.0,20.918984375,189.7765,1451.52,-0.01938009,0.01937985,-9.81,0.0,0.0,1.899994
63.98999,64.41,63.91,64.23,64.1349975,21.164549175,3.899994,-0.009180069,0.09995985,0.0,1639.0,91.5,20.28388888888889,180.558,1452.8,-0.009180069,0.09995985,-9.81,0.0,0.0,3.899994
81.53,81.62999,81.51999,81.09,81.44249500000001,26.876023350000004,0.8000183000000001,0.0,0.01937985,13.09998,2019.0,116.32,20.20813802083333,175.129765625,1454.08,0.0,0.01937985,-9.81,0.0,0.0,0.8000183000000001
46.62999,46.61,46.56,46.37999,46.544995,15.35984835,-0.5,-0.009180069,-0.009180069,203.2,1521.0,100.1,19.872204861111108,173.59046875,1455.3600000000001,-0.009180069,-0.009180069,-9.81,0.0,0.0,-0.5
63.89999,63.89,63.55,63.59,63.7324975,21.031724175,0.7000122,0.0,0.0,0.0,1644.0,94.42,18.5455078125,176.878421875,1456.64,0.0,0.0,-9.81,0.0,0.0,0.7000122
55.61,56.01999,55.64,55.67999,55.737495,18.39337335,4.300018,-0.3202801,0.13974,0.0,1321.0,116.64,17.660980902777776,173.36471875,1457.92,-0.3202801,0.13974,-9.81,0.0,0.0,4.300018
71.87999,71.95999,71.67,71.59,71.77499500000002,23.685748350000008,0.1000061,0.0397799,0.0,0.0,1842.0,94.06,15.757361111111113,170.3404375,1459.2,0.0397799,0.0,-9.81,0.0,0.0,0.1000061
29.86,29.61,29.77,29.3,29.634999999999998,9.77955,-2.899994,0.1795198999999999,0.0,34.20001,2656.0,116.61,16.56381076388889,172.59959375,1460.48,0.1795198999999999,0.0,-9.81,0.0,0.0,-2.899994
38.64,38.05,38.48,37.709990000000005,38.2199975,12.612599175,-6.799988000000001,0.09995985,-0.08976007,38.0,1627.0,116.41,16.28052517361111,178.349203125,1461.76,0.09995985,-0.08976007,-9.81,0.0,0.0,-6.799988000000001
44.12999,44.53,43.94,44.33,44.232497499999994,14.596724174999999,4.399994,0.09995985,0.13974,0.0,1846.0,116.38,16.849344618055554,171.811984375,1463.04,0.09995985,0.13974,-9.81,0.0,0.0,4.399994
50.67999,50.94,50.23,50.42999,50.569995,16.68809835,4.5,0.1091398999999999,0.1193398999999999,0.0,2089.0,116.29,17.500577256944446,173.5940625,1464.32,0.1091398999999999,0.1193398999999999,-9.81,0.0,0.0,4.5
87.28,87.25999,87.17,86.73,87.1099975,28.746299175000004,-0.1999817,0.0,-0.02958012,21.29999,2241.0,118.78,18.105321180555556,166.88526562500002,1465.6000000000001,0.0,-0.02958012,-9.81,0.0,0.0,-0.1999817
66.3,66.31,66.28999,65.95999,66.214995,21.850948350000003,0.1000061,0.08976007,-0.01938009,14.0,2722.0,116.47,18.40963107638889,172.22271874999998,1466.88,0.08976007,-0.01938009,-9.81,0.0,0.0,0.1000061
67.08,67.31,67.03999,66.83,67.06499749999999,22.131449174999997,2.300018,0.009180069,0.02957988,9.399963,2059.0,116.61,18.541536458333333,166.06257812500002,1468.16,0.009180069,0.02957988,-9.81,0.0,0.0,2.300018
63.06999,63.31,62.95,63.06999,63.099995,20.822998350000002,2.300018,0.04997993,0.04997993,8.0,1952.0,116.98,18.04123263888889,233.20678125,1469.44,0.04997993,0.04997993,-9.81,0.0,0.0,2.300018
78.56,78.47,78.36,78.22,78.4025,25.872825000000002,0.0,0.01937985,0.0,0.0,1951.0,100.21,17.757864583333333,249.2186875,1470.72,0.01937985,0.0,-9.81,0.0,0.0,0.0
47.42,47.75,47.64,47.73,47.635,15.71955,3.5,-0.1091398999999999,0.1091398999999999,0.0,1408.0,117.92,16.760282118055557,244.352046875,1472.0,-0.1091398999999999,0.1091398999999999,-9.81,0.0,0.0,3.5
26.57,26.42,26.54,26.27,26.45,8.7285,-1.299988,0.0397799,0.009180069,204.2,1530.0,99.69,16.849622395833332,239.72134375000002,1473.28,0.0397799,0.009180069,-9.81,0.0,0.0,-1.299988
29.3,29.34,29.34,29.09999,29.269997500000002,9.659099175000001,-2.299988,-0.14994,-0.01938009,213.1,1147.0,97.19,17.40072482638889,257.01079687500004,1474.56,-0.14994,-0.01938009,-9.81,0.0,0.0,-2.299988
89.51999,89.48999,89.62,89.3,89.48249500000001,29.529223350000006,1.0,-0.03978014,0.02957988,16.79999,2220.0,96.62,18.04426649305556,257.4123125,1475.84,-0.03978014,0.02957988,-9.81,0.0,0.0,1.0
69.3,69.09999,68.97,68.84,69.0524975,22.787324175000002,-0.3999939,0.0397799,-0.03978014,0.0,1781.0,120.61,18.363207465277778,257.767125,1477.1200000000001,0.0397799,-0.03978014,-9.81,0.0,0.0,-0.3999939
61.03,61.31999,61.0,61.12,61.1174975,20.168774175,2.200012,-0.05915999,0.05915999,0.0,1469.0,125.56,18.863355034722222,257.699171875,1478.4,-0.05915999,0.05915999,-9.81,0.0,0.0,2.200012
46.89,47.06,46.67999,47.0,46.9074975,15.479474175,3.3999940000000004,0.0,0.05915999,0.0,1520.0,127.57,18.13625,252.854921875,1479.68,0.0,0.05915999,-9.81,0.0,0.0,3.3999940000000004
34.81,34.97,34.849990000000005,34.849990000000005,34.869995,11.507098350000001,0.7000122,0.04997993,0.0,198.9,2037.0,97.45,18.49546875,249.826046875,1480.96,0.04997993,0.0,-9.81,0.0,0.0,0.7000122
34.62999,34.61,34.69,34.569990000000004,34.624995,11.42624835,-0.3999939,-0.009180069,0.0,204.3,1389.0,98.13,18.1125,248.193765625,1482.24,-0.009180069,0.0,-9.81,0.0,0.0,-0.3999939
97.83,97.84,97.64,97.05,97.59,32.2047,-0.1000061,0.0397799,0.0,15.09998,2434.0,137.04,18.17102864583333,241.81134375000002,1483.52,0.0397799,0.0,-9.81,0.0,0.0,-0.1000061
91.83,91.86,91.42,91.08,91.5475,30.210675000000002,0.5,0.02957988,0.0,18.29999,2275.0,102.36,18.95880208333333,239.621140625,1484.8,0.02957988,0.0,-9.81,0.0,0.0,0.5
84.34,84.23,84.39,83.95,84.22749999999999,27.795074999999997,-0.7999878,0.0,-0.03978014,22.39996,2091.0,101.25,18.372057291666664,236.93159375000002,1486.08,0.0,-0.03978014,-9.81,0.0,0.0,-0.7999878
39.03,38.86,39.05,38.72,38.915,12.84195,-0.5,-0.12954,-0.009180069,204.4,1568.0,91.51,17.3876953125,238.31771874999998,1487.3600000000001,-0.12954,-0.009180069,-9.81,0.0,0.0,-0.5
85.84,85.76999,85.78999,85.55,85.73749500000001,28.293373350000003,0.0,-0.01938009,0.0,19.5,2137.0,99.27,14.083867187499997,238.3986875,1488.64,-0.01938009,0.0,-9.81,0.0,0.0,0.0
91.95999,91.98999,91.95,91.55,91.86249500000001,30.314623350000005,1.300018,0.0,0.04997993,11.59998,2312.0,148.22,12.814752604166667,241.67514062499998,1489.92,0.0,0.04997993,-9.81,0.0,0.0,1.300018
89.87999,89.73999,89.97,89.45999,89.7624925,29.621622525,-0.1000061,-0.03978014,-0.009180069,16.0,2220.0,148.6,12.317200520833332,241.55779687499998,1491.2,-0.03978014,-0.009180069,-9.81,0.0,0.0,-0.1000061
87.45999,87.48999,87.42,87.03999,87.3524925,28.826322525000002,0.0,0.009180069,-0.01938009,15.89996,2472.0,149.05,14.393007812499999,244.3205625,1492.48,0.009180069,-0.01938009,-9.81,0.0,0.0,0.0
27.56,27.63,27.55,27.64,27.595,9.10635,1.100006,-0.03978014,0.009180069,195.4,1263.0,89.89,16.166831597222224,244.83576562500002,1493.76,-0.03978014,0.009180069,-9.81,0.0,0.0,1.100006
31.75,31.629990000000003,31.8,31.77,31.7374975,10.473374175,-1.100006,-0.01938009,0.02957988,0.0,1238.0,135.92,16.079053819444443,243.987921875,1495.04,-0.01938009,0.02957988,-9.81,0.0,0.0,-1.100006
30.649990000000003,30.62,30.58,30.27,30.5299975,10.074899175,-1.799988,-0.03978014,0.01937985,0.0,1178.0,135.72,16.174891493055554,244.770359375,1496.32,-0.03978014,0.01937985,-9.81,0.0,0.0,-1.799988
95.61,95.53,95.34,94.65999,95.2849975,31.444049175000004,-0.2999877999999999,0.05915999,-0.01938009,16.09998,2931.0,151.14,16.741024305555555,244.086484375,1497.6000000000001,0.05915999,-0.01938009,-9.81,0.0,0.0,-0.2999877999999999
87.17999,87.14,87.09999,86.67,87.022495,28.717423350000004,-0.2999878,-0.03978014,-0.01938009,21.29999,2158.0,90.13,16.784314236111108,259.5211875,1498.88,-0.03978014,-0.01938009,-9.81,0.0,0.0,-0.2999878
27.34,26.93999,27.31,26.91,27.1249975,8.951249175000001,-4.0,-0.06936002,-0.08976007,0.0,1094.0,135.88,17.329236111111108,271.70884375,1500.16,-0.06936002,-0.08976007,-9.81,0.0,0.0,-4.0
43.67,43.67,43.55,43.45,43.584999999999994,14.383049999999999,0.0,0.0397799,-0.009180069,203.3,1852.0,87.42,18.874973958333335,264.08387500000003,1501.44,0.0397799,-0.009180069,-9.81,0.0,0.0,0.0
88.95,88.70999,88.87999,88.39999,88.7349925,29.282547525000002,-0.5,-0.01938009,-0.01938009,21.5,2200.0,85.75,19.478498263888888,265.00809375,1502.72,-0.01938009,-0.01938009,-9.81,0.0,0.0,-0.5
95.53999,95.47,95.65999,94.83,95.374995,31.47374835,-1.100006,0.02957988,-0.05915999,18.59998,2380.0,152.79,22.006037326388885,263.393515625,1504.0,0.02957988,-0.05915999,-9.81,0.0,0.0,-1.100006
81.5,81.44,81.37,81.12999,81.3599975,26.848799175000003,-0.3999939,-0.04997993,-0.01938009,21.29999,1997.0,71.1,21.723111979166667,268.59503125000003,1505.28,-0.04997993,-0.01938009,-9.81,0.0,0.0,-0.3999939
107.25,107.13,107.08,106.31,106.9425,35.291025,-0.7999878,0.0397799,-0.03978014,17.09998,2667.0,147.79,21.924796006944444,264.29884375,1506.56,0.0397799,-0.03978014,-9.81,0.0,0.0,-0.7999878
81.81999,81.67,81.53999,81.36,81.59749500000001,26.927173350000004,0.0,-0.01938009,-0.009180069,0.0,2013.0,135.08,21.164852430555555,266.895625,1507.84,-0.01938009,-0.009180069,-9.81,0.0,0.0,0.0
80.23,80.25,80.17,80.06,80.17750000000001,26.458575000000003,1.600006,-0.04997993,0.009180069,0.0,1966.0,135.24,20.566983506944446,268.45764062499995,1509.1200000000001,-0.04997993,0.009180069,-9.81,0.0,0.0,1.600006
21.25999,21.21999,21.3,21.28,21.264995,7.01744835,0.0,-0.07956004,0.009180069,201.6,1187.0,92.04,19.19713107638889,262.21703125,1510.4,-0.07956004,0.009180069,-9.81,0.0,0.0,0.0
73.42999,73.62,73.25999,73.34999,73.4149925,24.226947525,2.899994,-0.05915999,0.06936002,0.0,1785.0,134.46,19.124348958333332,260.70175,1511.68,-0.05915999,0.06936002,-9.81,0.0,0.0,2.899994
102.02,101.88,102.33,101.47,101.92499999999998,33.63525,0.0,-0.1193398999999999,-0.01938009,17.20001,2536.0,140.18,17.343897569444444,260.140609375,1512.96,-0.1193398999999999,-0.01938009,-9.81,0.0,0.0,0.0
0.0,0.0,0.0,0.0,0.0,0.0,0.0,0.04997993,-0.009180069,196.2,940.0,93.28,17.387369791666664,257.47731250000004,1514.24,0.04997993,-0.009180069,-9.81,0.0,0.0,0.0
95.89999,95.76999,96.19,95.36,95.804995,31.615648350000004,-0.6000061,-0.03978014,-0.02958012,17.09998,2320.0,133.3,18.70952690972222,255.68040625,1515.52,-0.03978014,-0.02958012,-9.81,0.0,0.0,-0.6000061
68.64999,68.7,68.59,68.62999,68.642495,22.65202335,0.6000061,0.009180069,0.0,0.0,1937.0,133.92,18.379227430555552,260.41451562500004,1516.8,0.009180069,0.0,-9.81,0.0,0.0,0.6000061
69.34999,69.42,69.2,69.14,69.2774975,22.861574175,0.6000061,0.009180069,0.0,0.0,1806.0,134.47,19.194986979166668,254.342375,1518.08,0.009180069,0.0,-9.81,0.0,0.0,0.6000061
103.31,103.29,103.28,102.42,103.075,34.01475,-0.1999817,0.0397799,-0.009180069,15.89996,2611.0,125.87,18.07787326388889,256.79751562499996,1519.3600000000001,0.0397799,-0.009180069,-9.81,0.0,0.0,-0.1999817
65.56,65.42999,65.48999,65.25,65.432495,21.592723350000004,-0.1999817,0.02957988,-0.02958012,0.0,1675.0,135.88,18.204283854166665,259.21804687499997,1520.64,0.02957988,-0.02958012,-9.81,0.0,0.0,-0.1999817
86.81999,86.78999,86.62,86.31,86.634995,28.58954835,-0.1999817,0.01937985,-0.009180069,21.70001,2160.0,38.74,19.50500434027778,250.10867187500003,1521.92,0.01937985,-0.009180069,-9.81,0.0,0.0,-0.1999817
85.15999000000002,85.11,85.23,84.8,85.07499750000001,28.074749175000004,-0.2999878,0.0397799,-0.01938009,22.09998,2123.0,38.01,19.070646701388892,252.13651562500002,1523.2,0.0397799,-0.01938009,-9.81,0.0,0.0,-0.2999878
64.62,64.62999,64.5,64.39999,64.537495,21.297373350000004,0.3000183,0.0,0.0,0.0,1667.0,135.1,18.600329861111113,251.183140625,1524.48,0.0,0.0,-9.81,0.0,0.0,0.3000183
57.08,56.47,56.89999,56.11,56.63999750000001,18.691199175000005,-6.600006,-0.04997993,-0.16014,0.0,1257.0,135.7,18.24794704861111,255.08045312500002,1525.76,-0.04997993,-0.16014,-9.81,0.0,0.0,-6.600006
71.75,71.76999,71.42,71.42,71.58999750000001,23.624699175000003,-0.1000061,0.04997993,0.0,0.0,2187.0,134.5,20.420086805555556,243.23596874999998,1527.04,0.04997993,0.0,-9.81,0.0,0.0,-0.1000061
39.36,39.64999,39.42,39.59,39.5049975,13.036649175,3.200012,0.0,0.01937985,187.1,1676.0,94.65,20.092782118055553,242.1819375,1528.32,0.0,0.01937985,-9.81,0.0,0.0,3.200012
103.21,103.14,102.91,102.66,102.97999999999999,33.983399999999996,1.100006,0.04997993,0.0397799,12.09998,2568.0,113.06,20.28660590277778,234.93509375000002,1529.6000000000001,0.04997993,0.0397799,-9.81,0.0,0.0,1.100006
108.55,108.56,108.4,108.02,108.3825,35.766225,0.1000061,0.0397799,0.0,14.5,2702.0,112.88,20.387074652777777,230.04640625000002,1530.88,0.0397799,0.0,-9.81,0.0,0.0,0.1000061
65.20999,65.23999,65.3,65.05,65.199995,21.51599835,-0.2999877999999999,0.05915999,0.0397799,0.0,2022.0,137.81,21.09696614583333,231.08865624999999,1532.16,0.05915999,0.0397799,-9.81,0.0,0.0,-0.2999877999999999
42.41,42.28,42.34,42.14999,42.2949975,13.957349175000001,-0.6000061,0.0,-0.01938009,205.2,1706.0,90.82,21.96127170138889,241.85015624999997,1533.44,0.0,-0.01938009,-9.81,0.0,0.0,-0.6000061
41.64999,41.67999,41.599990000000005,41.55,41.6199925,13.734597525000002,-0.1000061,0.0,-0.009180069,203.2,1684.0,91.02,21.56788628472222,243.8459375,1534.72,0.0,-0.009180069,-9.81,0.0,0.0,-0.1000061
40.44,41.03,40.06999,40.50999,40.512495,13.36912335,6.899994,0.01937985,0.1193398999999999,174.1,1718.0,92.14,21.710104166666667,242.17575,1536.0,0.01937985,0.1193398999999999,-9.81,0.0,0.0,6.899994
37.58,37.41,37.48999,37.2,37.419997499999994,12.348599174999999,-2.399994,-0.009180069,-0.04997993,212.7,1583.0,95.35,19.803637152777778,248.6791875,1537.28,-0.009180069,-0.04997993,-9.81,0.0,0.0,-2.399994
64.09,64.19,63.89,63.89999,64.0174975,21.125774175000004,0.7000122,0.09995985,0.009180069,0.0,2583.0,134.95,20.8886328125,248.81206250000002,1538.56,0.09995985,0.009180069,-9.81,0.0,0.0,0.7000122
36.50999,36.41,36.47,36.41,36.449997499999995,12.028499174999999,-0.2999877999999999,0.0,-0.009180069,204.8,1536.0,97.44,22.30874565972222,250.481015625,1539.8400000000001,0.0,-0.009180069,-9.81,0.0,0.0,-0.2999877999999999
94.67999,94.64,94.58,94.14999,94.512495,31.189123350000003,0.0,0.009180069,0.0,20.39996,2349.0,72.81,22.56833767361111,253.293546875,1541.1200000000001,0.009180069,0.0,-9.81,0.0,0.0,0.0
94.44,94.39,94.40999,94.00999,94.312495,31.12312335,-0.3999939,0.0,0.0,22.0,2343.0,73.76,22.935781249999998,255.36232812499998,1542.4,0.0,0.0,-9.81,0.0,0.0,-0.3999939
102.9,102.83,103.01,102.42,102.79,33.920700000000004,-0.1000061,-0.02958012,-0.009180069,16.20001,2548.0,112.46,22.31597222222222,175.44020312499998,1543.68,-0.02958012,-0.009180069,-9.81,0.0,0.0,-0.1000061
99.76999,99.73,99.86,99.14999,99.62749500000001,32.87707335,-0.3999939,0.0,-0.009180069,15.89996,2479.0,111.27,19.141588541666664,257.69153125,1544.96,0.0,-0.009180069,-9.81,0.0,0.0,-0.3999939
94.84,94.8,94.84999,94.26999,94.689995,31.24769835,-0.5,0.0,-0.02958012,22.89996,2361.0,64.25,19.679327256944443,253.51421875,1546.24,0.0,-0.02958012,-9.81,0.0,0.0,-0.5
109.32,109.3,109.54,108.69,109.2125,36.040125,-0.1000061,-0.01938009,-0.009180069,15.79999,2717.0,102.83,19.78392361111111,254.54220312499996,1547.52,-0.01938009,-0.009180069,-9.81,0.0,0.0,-0.1000061
73.33,73.83,73.37999,73.69,73.5574975,24.273974175,4.200012,-0.04997993,0.09995985,0.0,1793.0,108.11,19.332877604166665,255.92296875,1548.8,-0.04997993,0.09995985,-9.81,0.0,0.0,4.200012
70.23999,70.37999,69.92999,69.98,70.1324925,23.143722525,1.300018,-0.04997993,0.02957988,0.0,1712.0,106.77,19.101471354166666,257.75715625000004,1550.08,-0.04997993,0.02957988,-9.81,0.0,0.0,1.300018
59.849990000000005,59.94,59.62999,59.48,59.724995,19.70924835,-0.6000061,0.04997993,0.01937985,0.0,1927.0,103.89,20.491015625,257.193296875,1551.3600000000001,0.04997993,0.01937985,-9.81,0.0,0.0,-0.6000061
102.86,102.83,102.93,102.19,102.7025,33.891825000000004,0.5,-0.01938009,0.02957988,14.09998,2559.0,96.5,22.981371527777778,260.123546875,1552.64,-0.01938009,0.02957988,-9.81,0.0,0.0,0.5
65.01999,64.95999,64.92,64.7,64.899995,21.416998350000004,-1.199982,-0.01938009,0.0,0.0,1615.0,103.94,22.93968315972222,197.42715625,1553.92,-0.01938009,0.0,-9.81,0.0,0.0,-1.199982
92.45999,92.44,92.31,91.94,92.2874975,30.454874175,-0.1999817,0.01937985,0.0,20.70001,2313.0,53.64,23.285338541666665,168.9234375,1555.2,0.01937985,0.0,-9.81,0.0,0.0,-0.1999817
103.27,103.33,103.25,102.61,103.11500000000001,34.027950000000004,0.8000183000000001,0.0,0.02957988,12.70001,2558.0,96.06,23.758107638888887,169.888265625,1556.48,0.0,0.02957988,-9.81,0.0,0.0,0.8000183000000001
90.87,90.81,90.7,90.28999,90.6674975,29.920274175,-0.6000061,-0.04997993,-0.01938009,21.5,2249.0,54.12,23.726024305555555,256.823265625,1557.76,-0.04997993,-0.01938009,-9.81,0.0,0.0,-0.6000061
67.03999,66.83,66.89,66.62999,66.84749500000001,22.059673350000004,-0.3999939,-0.03978014,-0.01938009,204.0,1634.0,101.46,23.605989583333333,256.800609375,1559.04,-0.03978014,-0.01938009,-9.81,0.0,0.0,-0.3999939
62.849990000000005,63.0,62.75999,62.56,62.792495,20.721523350000002,0.1000061,-0.1193398999999999,0.0,201.5,1520.0,101.18,23.17912326388889,254.86153124999998,1560.32,-0.1193398999999999,0.0,-9.81,0.0,0.0,0.1000061
101.65,101.73,101.35,101.18,101.4775,33.48757500000001,1.300018,0.009180069,0.05915999,11.20001,2533.0,94.69,22.68861545138889,254.30275,1561.6000000000001,0.009180069,0.05915999,-9.81,0.0,0.0,1.300018
87.86,87.8,87.92999,87.56,87.7874975,28.969874175,-0.6000061,-0.02958012,0.0,22.79999,2184.0,55.47,21.48809027777778,254.700484375,1562.88,-0.02958012,0.0,-9.81,0.0,0.0,-0.6000061
86.17999,86.20999,86.14,85.86,86.09749500000001,28.412173350000003,-0.2999878,0.0,0.02957988,20.09998,2134.0,55.63,20.97517361111111,244.6755625,1564.16,0.0,0.02957988,-9.81,0.0,0.0,-0.2999878
86.25,86.15999000000002,86.22,85.78999,86.104995,28.414648350000004,-0.6000061,0.009180069,-0.03978014,22.70001,2142.0,55.79,21.390620659722224,247.99923437500001,1565.44,0.009180069,-0.03978014,-9.81,0.0,0.0,-0.6000061
53.5,54.00999,53.25,53.849990000000005,53.652495,17.70532335,5.899994,0.01937985,0.1795198999999999,179.7,2171.0,101.75,21.633949652777776,257.36684374999993,1566.72,0.01937985,0.1795198999999999,-9.81,0.0,0.0,5.899994
89.78,89.78999,89.64,89.3,89.6274975,29.577074175000003,0.0,0.02957988,0.0,21.29999,2361.0,56.97,21.95736545138889,253.334734375,1568.0,0.02957988,0.0,-9.81,0.0,0.0,0.0
89.53,89.64999,89.62999,89.39999,89.5524925,29.552322525,0.8000183000000001,-0.05915999,0.02957988,17.59998,2231.0,57.19,21.966063368055558,255.4269375,1569.28,-0.05915999,0.02957988,-9.81,0.0,0.0,0.8000183000000001
106.77,106.72,106.76,106.22,106.6175,35.183775000000004,-0.5,-0.01938009,-0.009180069,14.29999,2713.0,93.08,22.978233506944445,247.908171875,1570.56,-0.01938009,-0.009180069,-9.81,0.0,0.0,-0.5
107.7,107.77,107.79,107.15,107.60249999999999,35.508825,0.5,-0.01938009,0.01937985,14.20001,2699.0,92.84,22.51916232638889,246.80271875000003,1571.8400000000001,-0.01938009,0.01937985,-9.81,0.0,0.0,0.5
109.32,109.31,109.36,108.94,109.2325,36.046725,0.0,-0.02958012,0.0,15.0,2707.0,92.54,22.22564670138889,223.029640625,1573.1200000000001,-0.02958012,0.0,-9.81,0.0,0.0,0.0
77.7,77.53,77.36,76.95,77.385,25.537050000000004,-0.3999939,0.0,-0.02958012,204.3,1930.0,95.69,22.129296874999998,180.62962500000003,1574.4,0.0,-0.02958012,-9.81,0.0,0.0,-0.3999939
101.23,101.27,101.3,100.75,101.1375,33.375375000000005,0.0,0.009180069,-0.009180069,15.20001,2560.0,92.43,21.813346354166665,246.1333125,1575.68,0.009180069,-0.009180069,-9.81,0.0,0.0,0.0
97.34,97.34999,97.2,96.94,97.2074975,32.078474175000004,1.399994,0.009180069,0.04997993,14.39996,2412.0,58.43,22.249301215277775,250.57634375000004,1576.96,0.009180069,0.04997993,-9.81,0.0,0.0,1.399994
77.62999,77.48999,77.28999,76.98,77.3474925,25.524672525000003,0.8999939,0.009180069,0.02957988,199.0,1921.0,104.1,22.518233506944444,245.0539375,1578.24,0.009180069,0.02957988,-9.81,0.0,0.0,0.8999939
95.48999,95.56999,95.45999,94.87,95.3474925,31.464672525,0.1000061,0.0,0.0,15.09998,2629.0,96.4,22.96037326388889,243.604734375,1579.52,0.0,0.0,-9.81,0.0,0.0,0.1000061
60.37999,60.33,60.39999,60.12,60.307495,19.901473350000003,0.2000122,-0.03978014,0.0,201.8,1478.0,103.84,20.64368923611111,242.72704687499998,1580.8,-0.03978014,0.0,-9.81,0.0,0.0,0.2000122
100.62,100.53,100.79,100.34,100.57,33.1881,0.3999939,0.0,0.009180069,14.09998,2491.0,99.17,21.72249565972222,238.5619375,1582.08,0.0,0.009180069,-9.81,0.0,0.0,0.3999939
109.4,109.36,109.33,109.0,109.2725,36.059925,0.8999939,0.02957988,0.0397799,18.20001,2713.0,54.37,22.27103298611111,241.63287499999998,1583.3600000000001,0.02957988,0.0397799,-9.81,0.0,0.0,0.8999939
63.959990000000005,63.92999,63.849990000000005,63.67,63.85249250000001,21.071322525000003,0.8999939,0.06936002,-0.009180069,0.0,2593.0,100.39,21.827634548611112,236.539328125,1584.64,0.06936002,-0.009180069,-9.81,0.0,0.0,0.8999939
38.44,37.02,38.3,36.7,37.615,12.41295,-15.29999,0.009180069,-0.2499001,265.1,1593.0,95.5,24.313832465277777,251.93232812499997,1585.92,0.009180069,-0.2499001,-9.81,0.0,0.0,-15.29999
87.15999000000001,87.28999,86.86,86.84999,87.0399925,28.723197525,0.6000061,-0.27948,-0.009180069,0.0,2118.0,93.23,23.155121527777776,262.374125,1587.2,-0.27948,-0.009180069,-9.81,0.0,0.0,0.6000061
102.13,102.19,102.38,101.87,102.1425,33.707025,0.0,-0.01938009,0.0,14.5,2542.0,98.49,23.297578125,188.457046875,1588.48,-0.01938009,0.0,-9.81,0.0,0.0,0.0
90.59999,90.70999,90.26999,90.23999,90.45499000000001,29.850146700000003,2.0,0.0,0.07956004,0.0,2405.0,95.08,22.86839409722222,224.71771875000002,1589.76,0.0,0.07956004,-9.81,0.0,0.0,2.0
58.75,57.87,58.58,57.459990000000005,58.1649975,19.194449175,-9.399994,-0.1091398999999999,-0.2193,0.0,1256.0,99.13,18.92663628472222,269.074890625,1591.04,-0.1091398999999999,-0.2193,-9.81,0.0,0.0,-9.399994
96.65999,96.59,96.48999,96.03999,96.4449925,31.826847525,0.3000183,0.0397799,0.05915999,17.0,2544.0,75.14,18.123094618055557,189.87453125,1592.32,0.0397799,0.05915999,-9.81,0.0,0.0,0.3000183
3.659996,3.659996,3.57,3.610001,3.62499825,1.1962494225,-0.1999817,0.2193,0.0397799,205.6,1372.0,90.56,19.97110677083333,274.671703125,1593.6000000000001,0.2193,0.0397799,-9.81,0.0,0.0,-0.1999817
17.57,17.45,17.57,17.42,17.502499999999998,5.775824999999999,-1.799988,0.1999198999999999,0.02957988,215.8,2561.0,90.51,20.716319444444444,279.21456250000006,1594.88,0.1999198999999999,0.02957988,-9.81,0.0,0.0,-1.799988
78.14,78.06999,77.62999,77.37,77.80249500000001,25.674823350000004,-0.7999878,-0.05915999,-0.03978014,0.0,1898.0,82.61,21.006822916666664,278.556421875,1596.16,-0.05915999,-0.03978014,-9.81,0.0,0.0,-0.7999878
30.64,31.00999,30.52,30.87,30.7599975,10.150799175000001,2.700012,-0.03978014,0.09995985,188.2,1201.0,90.66,20.342031249999998,285.1819375,1597.44,-0.03978014,0.09995985,-9.81,0.0,0.0,2.700012
0.0,0.0,0.0,0.0,0.0,0.0,0.0,0.009180069,0.009180069,0.0,834.0,114.28,16.326657986111112,254.181890625,1598.72,0.009180069,0.009180069,-9.81,0.0,0.0,0.0
0.0,0.0,0.0,0.0,0.0,0.0,0.0,0.009180069,0.0,0.0,831.0,115.18,17.379796006944446,171.25828125000004,1600.0,0.009180069,0.0,-9.81,0.0,0.0,0.0
60.31999,60.5,60.23,60.5,60.387497499999995,19.927874175,3.100006,-0.05915999,0.08976007,0.0,1470.0,85.21,17.36752170138889,185.42479687499997,1601.28,-0.05915999,0.08976007,-9.81,0.0,0.0,3.100006
103.79,103.81,103.74,103.06,103.60000000000001,34.188,-0.2999877999999999,-0.03978014,0.0,17.5,2580.0,87.21,17.835611979166668,269.47203125,1602.56,-0.03978014,0.0,-9.81,0.0,0.0,-0.2999877999999999
92.58,92.5,92.50999,92.25,92.4599975,30.511799175,0.7000122,0.0,0.009180069,19.29999,2498.0,122.04,16.972317708333332,215.36312500000003,1603.8400000000001,0.0,0.009180069,-9.81,0.0,0.0,0.7000122
66.06999,65.98999,66.05,65.70999,65.9549925,21.765147525000003,-0.1000061,0.0,-0.02958012,0.0,1939.0,87.18,17.61102864583333,217.39856250000003,1605.1200000000001,0.0,-0.02958012,-9.81,0.0,0.0,-0.1000061
64.03,63.84,63.92999,63.53999,63.834995000000006,21.065548350000004,-1.600006,-0.02958012,-0.07956004,0.0,1546.0,87.18,17.44796440972222,221.070984375,1606.4,-0.02958012,-0.07956004,-9.81,0.0,0.0,-1.600006
95.09,95.08,95.0,94.67,94.96000000000001,31.336800000000004,1.100006,0.02957988,0.01937985,17.79999,2354.0,126.14,17.052217881944443,245.805125,1607.68,0.02957988,0.01937985,-9.81,0.0,0.0,1.100006
106.12,106.07,106.22,105.72,106.0325,34.990725000000005,0.3000183,-0.01938009,0.0,14.09998,2733.0,82.04,16.877621527777777,243.48654687500002,1608.96,-0.01938009,0.0,-9.81,0.0,0.0,0.3000183
104.78,104.77,104.87,104.13,104.6375,34.530375,0.2000122,0.0,0.009180069,14.39996,2830.0,80.59,16.369756944444443,240.784328125,1610.24,0.0,0.009180069,-9.81,0.0,0.0,0.2000122
61.81,61.97,61.66,61.87,61.8275,20.403075,3.600006,0.02957988,0.05915999,0.0,1601.0,81.35,16.302395833333335,242.125296875,1611.52,0.02957988,0.05915999,-9.81,0.0,0.0,3.600006
58.56999,58.16,58.50999,58.14999,58.3474925,19.254672525,-3.699982,0.009180069,-0.12954,0.0,1537.0,81.67,17.529687499999998,227.049234375,1612.8,0.009180069,-0.12954,-9.81,0.0,0.0,-3.699982
55.92,56.67,55.78,56.41,56.195,18.54435,8.0,-0.009180069,0.2295001,173.3,2151.0,89.92,18.483819444444443,219.46528125,1614.08,-0.009180069,0.2295001,-9.81,0.0,0.0,8.0
101.18,101.04,101.34,100.57,101.03250000000001,33.340725000000006,0.0,-0.009180069,0.009180069,14.79999,2545.0,79.0,17.1412109375,198.91792187500002,1615.3600000000001,-0.009180069,0.009180069,-9.81,0.0,0.0,0.0
4.209999,4.029999,4.199997,4.040001,4.119999,1.3595996700000001,-1.699982,-0.05915999,0.009180069,71.59998,933.0,114.38,17.440295138888885,191.06201562500002,1616.64,-0.05915999,0.009180069,-9.81,0.0,0.0,-1.699982
0.0,0.0,0.0,0.0,0.0,0.0,0.0,0.0,0.0,96.29999,840.0,114.52,18.558246527777776,192.314421875,1617.92,0.0,0.0,-9.81,0.0,0.0,0.0
0.0,0.0,0.0,0.0,0.0,0.0,0.0,0.0,0.0,97.59998,795.0,114.48,18.705143229166666,193.69296874999998,1619.2,0.0,0.0,-9.81,0.0,0.0,0.0
70.31999,70.50999,70.11,70.28999,70.3074925,23.201472525,1.800018,0.0,0.09995985,0.0,1836.0,88.67,18.60842013888889,190.272765625,1620.48,0.0,0.09995985,-9.81,0.0,0.0,1.800018
82.0,81.92999,81.89,81.53999,81.839995,27.007198350000003,-0.7999878,0.01937985,-0.04997993,0.0,2350.0,89.47,19.397881944444443,201.8249375,1621.76,0.01937985,-0.04997993,-9.81,0.0,0.0,-0.7999878
60.42,59.41,60.34,59.09,59.815000000000005,19.738950000000003,-9.600006,-0.009180069,-0.2397001,232.7,1828.0,104.91,19.595243055555557,206.178828125,1623.04,-0.009180069,-0.2397001,-9.81,0.0,0.0,-9.600006
100.53,100.52,100.3,99.97,100.33000000000001,33.108900000000006,0.3999939,0.0,0.01937985,19.79999,2507.0,135.55,19.816137152777777,213.47009375000002,1624.32,0.0,0.01937985,-9.81,0.0,0.0,0.3999939
101.72,101.73,101.51,101.01,101.49249999999999,33.492525,-0.3999939,0.02957988,-0.01938009,21.70001,2530.0,135.69,19.62098090277778,221.107515625,1625.6000000000001,0.02957988,-0.01938009,-9.81,0.0,0.0,-0.3999939
61.87,62.31,61.7,61.98999,61.9674975,20.449274175,4.200012,-0.02958012,0.13974,188.7,1557.0,97.72,20.214010416666667,233.69245312500001,1626.88,-0.02958012,0.13974,-9.81,0.0,0.0,4.200012
104.39,104.23,104.17,103.73,104.13000000000001,34.3629,-0.3999939,-0.02958012,-0.009180069,16.09998,2581.0,78.21,20.166688368055556,235.15971875000002,1628.16,-0.02958012,-0.009180069,-9.81,0.0,0.0,-0.3999939
65.06999,65.03,65.12999,64.92999,65.03999250000001,21.463197525000005,-0.1999817,0.04997993,-0.02958012,0.0,1935.0,91.55,20.356453993055553,236.158828125,1629.44,0.04997993,-0.02958012,-9.81,0.0,0.0,-0.1999817
28.31999,28.41,28.37,28.41,28.3774975,9.364574175000001,1.600006,-0.09996009,0.06936002,9.5,1142.0,115.4,20.619184027777777,232.58871875,1630.72,-0.09996009,0.06936002,-9.81,0.0,0.0,1.600006
67.09,67.78,67.28999,67.95999,67.529995,22.284898350000002,7.600006,-0.01938009,0.2600999,0.0,2076.0,94.45,19.5634765625,229.6594375,1632.0,-0.01938009,0.2600999,-9.81,0.0,0.0,7.600006
0.0,0.0,0.0,0.0,0.0,0.0,0.0,0.0,0.02957988,97.39996,816.0,114.84,18.82232638888889,229.090640625,1633.28,0.0,0.02957988,-9.81,0.0,0.0,0.0
65.92999,65.87999,65.67,65.59999,65.7699925,21.704097525,0.6000061,-0.01938009,0.009180069,0.0,1713.0,88.15,19.353815104166664,232.250140625,1634.56,-0.01938009,0.009180069,-9.81,0.0,0.0,0.6000061
98.44,98.45,98.42999,98.12,98.35999749999999,32.458799174999996,0.0,-0.05915999,0.0,19.5,2448.0,139.1,18.847877604166666,235.212,1635.8400000000001,-0.05915999,0.0,-9.81,0.0,0.0,0.0
103.93,103.91,103.87,103.47,103.79500000000002,34.25235000000001,-0.6999816999999999,-0.01938009,0.0,21.20001,2583.0,139.4,14.27671440972222,252.774046875,1637.1200000000001,-0.01938009,0.0,-9.81,0.0,0.0,-0.6999816999999999
103.0,102.73,102.99,102.44,102.79,33.920700000000004,-0.8999939,0.0,0.0,22.0,2549.0,138.69,14.396805555555556,253.17073437500002,1638.4,0.0,0.0,-9.81,0.0,0.0,-0.8999939
65.66,65.25999,65.59999,65.03999,65.38999249999999,21.578697525,-4.299988,0.0397799,-0.1091398999999999,215.1,2075.0,105.08,17.96005208333333,250.30778125000006,1639.68,0.0397799,-0.1091398999999999,-9.81,0.0,0.0,-4.299988
42.34,42.33,42.14,42.12999,42.2349975,13.937549175000001,-0.6000061,0.12954,0.0,0.0,2405.0,86.75,19.290963541666667,263.32221875000005,1640.96,0.12954,0.0,-9.81,0.0,0.0,-0.6000061
108.31,108.26,108.2,107.51,108.07,35.6631,-1.0,-0.009180069,-0.04997993,18.59998,2680.0,79.64,19.992352430555556,262.9376875,1642.24,-0.009180069,-0.04997993,-9.81,0.0,0.0,-1.0
68.84,68.97,68.83,68.73,68.8425,22.718025,2.300018,0.01937985,0.05915999,0.0,2114.0,89.56,18.510598958333333,267.37026562500006,1643.52,0.01937985,0.05915999,-9.81,0.0,0.0,2.300018
58.14,58.01999,58.0,57.849990000000005,58.002494999999996,19.140823349999998,-0.2999877999999999,0.02957988,0.02957988,201.5,1862.0,104.38,18.824986979166667,265.6365,1644.8,0.02957988,0.02957988,-9.81,0.0,0.0,-0.2999877999999999
94.37999,94.28999,94.17,93.81999,94.16499250000001,31.074447525000004,-0.2999878,0.02957988,0.009180069,21.5,2603.0,136.24,18.13155815972222,274.87525,1646.08,0.02957988,0.009180069,-9.81,0.0,0.0,-0.2999878
104.07,104.0,104.15,103.61,103.95750000000001,34.305975000000004,-0.5,0.0,0.0,15.89996,2919.0,78.65,18.367855902777777,272.74220312499995,1647.3600000000001,0.0,0.0,-9.81,0.0,0.0,-0.5
59.75,59.25,59.64,59.06,59.425,19.61025,-4.899994,-0.01938009,-0.07956004,216.5,1825.0,99.72,18.20526909722222,274.321609375,1648.64,-0.01938009,-0.07956004,-9.81,0.0,0.0,-4.899994
100.47,100.39,100.61,99.97,100.36000000000001,33.11880000000001,-1.0,-0.009180069,-0.05915999,19.0,2503.0,77.21,18.991280381944442,201.09968750000002,1649.92,-0.009180069,-0.05915999,-9.81,0.0,0.0,-1.0
74.59999,74.66,74.42999,74.28,74.492495,24.582523350000002,0.6000061,0.0397799,0.01937985,0.0,2301.0,101.49,18.662222222222223,206.010078125,1651.2,0.0397799,0.01937985,-9.81,0.0,0.0,0.6000061
89.09,89.06999,89.17,88.87,89.0499975,29.386499175,0.7000122,-0.02958012,0.02957988,19.09998,2201.0,144.46,19.080190972222223,202.391375,1652.48,-0.02958012,0.02957988,-9.81,0.0,0.0,0.7000122
88.25999,88.31,87.97,87.58,88.0299975,29.049899175,1.200012,0.01937985,0.02957988,17.29999,2453.0,144.95,19.199830729166663,209.306359375,1653.76,0.01937985,0.02957988,-9.81,0.0,0.0,1.200012
31.48999,30.3,31.379990000000003,30.00999,30.794992500000003,10.162347525000001,-12.69998,0.06936002,-0.2295001,82.70000999999999,1331.0,110.88,17.646922743055555,214.86340625000003,1655.04,0.06936002,-0.2295001,-9.81,0.0,0.0,-12.69998
105.98,106.02,105.94,105.26,105.8,34.914,0.3999939,-0.009180069,0.01937985,14.09998,2625.0,75.85,18.081197916666667,251.54084375000002,1656.32,-0.009180069,0.01937985,-9.81,0.0,0.0,0.3999939
36.19,36.23,36.09,36.03,36.135,11.92455,0.3999939,0.09995985,-0.01938009,201.2,1510.0,97.86,17.964479166666667,274.73578124999995,1657.6000000000001,0.09995985,-0.01938009,-9.81,0.0,0.0,0.3999939
92.98,92.95999,92.87999,92.55,92.84249500000001,30.638023350000005,0.2000122,0.01937985,-0.01938009,20.59998,2466.0,141.71,17.430681423611112,253.71409375000002,1658.88,0.01937985,-0.01938009,-9.81,0.0,0.0,0.2000122
93.26999,93.37999,93.23,92.65999,93.13499250000001,30.734547525000004,0.0,0.02957988,0.0,15.09998,2503.0,74.53,18.428867187500003,248.44881250000003,1660.16,0.02957988,0.0,-9.81,0.0,0.0,0.0
47.73,47.78,47.56,47.64,47.677499999999995,15.733574999999998,1.5,0.01937985,0.0,16.0,1509.0,115.67,18.405542534722223,252.96251562499998,1661.44,0.01937985,0.0,-9.81,0.0,0.0,1.5
40.31999,40.27,40.209990000000005,40.03,40.207495,13.26847335,-0.3999939,0.02957988,-0.01938009,205.4,1663.0,101.12,18.72732204861111,249.720609375,1662.72,0.02957988,-0.01938009,-9.81,0.0,0.0,-0.3999939
95.25,95.25999,95.17,94.75999,95.10999500000001,31.386298350000004,0.5,-0.03978014,0.0,19.59998,2353.0,139.72,18.821536458333334,253.22215625,1664.0,-0.03978014,0.0,-9.81,0.0,0.0,0.5
20.27,20.18,20.32999,20.14,20.2299975,6.6758991750000005,-1.100006,-0.1999198999999999,-0.009180069,211.0,1265.0,101.43,18.13875,250.97390625,1665.28,-0.1999198999999999,-0.009180069,-9.81,0.0,0.0,-1.100006
76.87,76.50999,76.89999,76.34999,76.6574925,25.296972525,-2.399994,-0.14994,-0.1091398999999999,0.0,1862.0,101.84,17.1919921875,253.882515625,1666.56,-0.14994,-0.1091398999999999,-9.81,0.0,0.0,-2.399994
91.53999,91.50999,91.42,91.12,91.397495,30.161173350000002,0.3000183,0.009180069,0.02957988,14.09998,2267.0,74.6,16.762335069444443,254.61849999999998,1667.8400000000001,0.009180069,0.02957988,-9.81,0.0,0.0,0.3000183
93.28,93.28,93.05,92.64,93.0625,30.710625,0.3000183,0.0397799,0.0,14.5,2456.0,74.66,17.623120659722225,251.736375,1669.1200000000001,0.0397799,0.0,-9.81,0.0,0.0,0.3000183
48.72,48.58,48.67,48.37,48.585,16.03305,-1.399994,-0.009180069,-0.02958012,25.5,1552.0,122.41,18.207651909722223,257.155359375,1670.4,-0.009180069,-0.02958012,-9.81,0.0,0.0,-1.399994
91.05,91.12,91.39,90.94,91.125,30.071250000000003,0.3999939,0.04997993,0.01937985,13.79999,2267.0,76.31,19.294678819444442,257.131578125,1671.68,0.04997993,0.01937985,-9.81,0.0,0.0,0.3999939
41.75,41.59,41.709990000000005,41.56,41.6524975,13.745324175000002,-0.8999939,-0.06936002,-0.03978014,25.09998,1240.0,119.75,18.803454861111113,259.30771875000005,1672.96,-0.06936002,-0.03978014,-9.81,0.0,0.0,-0.8999939
94.40999,94.36,94.45,94.25999,94.369995,31.14209835,1.399994,-0.04997993,0.0397799,17.09998,2335.0,118.22,16.437842881944444,254.96693750000003,1674.24,-0.04997993,0.0397799,-9.81,0.0,0.0,1.399994
93.39999,93.39,93.40999,93.0,93.299995,30.78899835,0.3999939,-0.03978014,0.0,19.59998,2305.0,115.67,15.98720486111111,254.855203125,1675.52,-0.03978014,0.0,-9.81,0.0,0.0,0.3999939
3.649994,3.619995,3.629997,3.639999,3.63499625,1.1995487625,0.0,-0.009180069,-0.01938009,21.29999,906.0,115.81,15.205399305555556,254.21221875,1676.8,-0.009180069,-0.01938009,-9.81,0.0,0.0,0.0
2.32,2.32,2.309998,2.299995,2.31249825,0.7631244225,0.0,-0.06936002,-0.009180069,18.79999,811.0,115.74,15.679947916666666,246.46182812499998,1678.08,-0.06936002,-0.009180069,-9.81,0.0,0.0,0.0
97.42,97.45,97.33,96.75,97.2375,32.088375,0.0,0.02957988,-0.01938009,22.39996,2428.0,111.9,15.929752604166667,247.1038125,1679.3600000000001,0.02957988,-0.01938009,-9.81,0.0,0.0,0.0
88.75999,88.78999,88.83,88.47,88.71249499999999,29.275123349999998,0.0,0.02957988,0.01937985,14.79999,2210.0,85.85,16.390295138888888,253.433359375,1680.64,0.02957988,0.01937985,-9.81,0.0,0.0,0.0
36.59,36.59,36.59,36.44,36.5525,12.062325000000001,0.0,0.06936002,-0.01938009,201.6,1537.0,92.96,16.650616319444445,259.479671875,1681.92,0.06936002,-0.01938009,-9.81,0.0,0.0,0.0
38.349990000000005,38.78999,38.23999,38.69,38.5174925,12.710772525000001,4.800018,0.01937985,0.08976007,181.5,1618.0,92.89,16.588723958333333,264.21096875,1683.2,0.01937985,0.08976007,-9.81,0.0,0.0,4.800018
58.62999,58.19,58.61,57.91,58.33499749999999,19.250549175,-5.0,-0.009180069,-0.1193398999999999,0.0,1493.0,106.21,16.861354166666665,258.90121875,1684.48,-0.009180069,-0.1193398999999999,-9.81,0.0,0.0,-5.0
20.2,20.21999,20.17,20.16,20.1874975,6.661874175,-0.1999817,-0.07956004,-0.009180069,20.70001,1267.0,114.61,16.437769097222223,262.633578125,1685.76,-0.07956004,-0.009180069,-9.81,0.0,0.0,-0.1999817
0.0,0.0,0.0,0.0,0.0,0.0,-0.1000061,0.0,-0.01938009,199.1,906.0,93.67,14.443923611111112,193.935328125,1687.04,0.0,-0.01938009,-9.81,0.0,0.0,-0.1000061
65.01999,64.3,64.37999,64.22,64.479995,21.278398350000003,2.0,-0.2397001,0.0,0.0,1584.0,103.97,13.017109375,197.3870625,1688.32,-0.2397001,0.0,-9.81,0.0,0.0,2.0
84.48999,84.17,84.45,83.64999,84.189995,27.78269835,-2.899994,0.009180069,-0.1091398999999999,20.39996,2095.0,79.07,13.1168359375,193.176015625,1689.6000000000001,0.009180069,-0.1091398999999999,-9.81,0.0,0.0,-2.899994
85.37,85.48999,85.50999,84.98999,85.3399925,28.162197525,0.8000183000000001,0.009180069,0.04997993,10.70001,2115.0,79.27,12.854561631944444,193.428734375,1690.88,0.009180069,0.04997993,-9.81,0.0,0.0,0.8000183000000001
84.87999,84.75,85.05,84.59999,84.819995,27.990598350000003,-0.6000061,-0.009180069,-0.01938009,16.79999,2102.0,79.41,13.102296006944444,190.690015625,1692.16,-0.009180069,-0.01938009,-9.81,0.0,0.0,-0.6000061
0.0,0.0,0.0,0.0,0.0,0.0,0.0,0.0,-0.01938009,199.1,876.0,93.8,13.411302083333332,190.28804687500002,1693.44,0.0,-0.01938009,-9.81,0.0,0.0,0.0
7.099997999999999,7.059997999999999,7.099997999999999,7.009995,7.06749725,2.3322740925,-0.1999817,0.2498998999999999,-0.02958012,207.1,1403.0,93.75,13.683867187499999,189.68184375000004,1694.72,0.2498998999999999,-0.02958012,-9.81,0.0,0.0,-0.1999817
54.8,54.17,54.62999,54.28999,54.472494999999995,17.97592335,0.2000122,-0.26928,-0.05915999,0.0,1646.0,100.4,13.263133680555555,195.665421875,1696.0,-0.26928,-0.05915999,-9.81,0.0,0.0,0.2000122
35.679990000000004,33.39,35.5,33.22,34.4474975,11.367674175,-23.60001,-0.04997993,-0.37026,59.79999,1614.0,99.75,13.124062499999999,198.22423437499998,1697.28,-0.04997993,-0.37026,-9.81,0.0,0.0,-23.60001
38.81999,38.05,38.73999,37.8,38.352495000000005,12.656323350000003,-8.199982,0.09995985,-0.09996009,0.0,1631.0,99.65,13.605902777777779,190.575859375,1698.56,0.09995985,-0.09996009,-9.81,0.0,0.0,-8.199982
87.55,87.55,87.31999,86.76999,87.297495,28.80817335,0.2000122,0.05915999,0.009180069,14.70001,2748.0,84.29,13.65743923611111,268.56409375000004,1699.8400000000001,0.05915999,0.009180069,-9.81,0.0,0.0,0.2000122
94.51999,94.48999,94.37,94.12,94.37499500000001,31.143748350000006,1.600006,0.02957988,0.06936002,15.09998,2350.0,80.99,14.752916666666668,265.150359375,1701.1200000000001,0.02957988,0.06936002,-9.81,0.0,0.0,1.600006
88.25,88.37,88.33,88.0,88.2375,29.118375,0.5,0.0,0.01937985,13.79999,2184.0,89.58,13.939175347222221,263.757640625,1702.4,0.0,0.01937985,-9.81,0.0,0.0,0.5
80.48999,80.37,80.65999000000001,80.26999,80.44749250000001,26.547672525000003,0.1000061,-0.03978014,-0.009180069,15.70001,1933.0,90.7,13.463914930555553,214.452453125,1703.68,-0.03978014,-0.009180069,-9.81,0.0,0.0,0.1000061
51.47,50.56999,51.55,50.48999,51.019995,16.836598350000003,-10.10001,-0.04997993,-0.28968,0.0,1514.0,93.54,12.199036458333333,212.69037500000002,1704.96,-0.04997993,-0.28968,-9.81,0.0,0.0,-10.10001
0.0,0.0,0.0,0.0,0.0,0.0,0.0,0.0,0.009180069,437.7,758.0,91.04,12.499518229166668,218.60496875,1706.24,0.0,0.009180069,-9.81,0.0,0.0,0.0
91.39,91.3,91.31999,90.98999,91.24999500000001,30.112498350000006,-0.1000061,0.0,0.0,21.0,2529.0,75.89,15.792057291666666,251.5381875,1707.52,0.0,0.0,-9.81,0.0,0.0,-0.1000061
75.98999,76.01999,75.95,75.73999,75.9249925,25.055247525000002,0.0,0.02957988,-0.009180069,15.0,1894.0,89.34,15.305052083333333,250.49378124999998,1708.8,0.02957988,-0.009180069,-9.81,0.0,0.0,0.0
86.44,86.31,86.34,86.19,86.32000000000001,28.485600000000005,0.1000061,-0.03978014,0.0,20.5,2122.0,76.25,14.123012152777779,253.639703125,1710.08,-0.03978014,0.0,-9.81,0.0,0.0,0.1000061
75.39,75.39999,75.67,75.23,75.4224975,24.889424175000002,0.6000061,-0.01938009,0.01937985,14.09998,1810.0,88.88,11.633433159722221,250.63239062499997,1711.3600000000001,-0.01938009,0.01937985,-9.81,0.0,0.0,0.6000061
88.06999,87.98999,87.97,87.53999,87.8924925,29.004522525000002,-0.6000061,0.0,0.009180069,19.70001,2177.0,81.48,11.856966145833335,254.194875,1712.64,0.0,0.009180069,-9.81,0.0,0.0,-0.6000061
0.0,0.0,0.0,0.0,0.0,0.0,0.0,-0.009180069,0.0,21.5,811.0,112.73,12.585342881944445,236.383109375,1713.92,-0.009180069,0.0,-9.81,0.0,0.0,0.0
76.03,75.95,75.87999,75.34,75.79999750000002,25.013999175000006,0.3999939,0.02957988,0.0,14.59998,1923.0,87.27,13.496736111111112,233.34839062499998,1715.2,0.02957988,0.0,-9.81,0.0,0.0,0.3999939
0.0,0.0,0.0,0.0,0.0,0.0,0.0,-0.009180069,0.0,21.5,791.0,113.59,12.918233506944444,238.162609375,1716.48,-0.009180069,0.0,-9.81,0.0,0.0,0.0
79.05,79.03999,78.94,78.31999,78.837495,26.016373350000002,-0.1999817,0.0397799,0.0,15.5,1960.0,87.12,13.485026041666668,235.75684375,1717.76,0.0397799,0.0,-9.81,0.0,0.0,-0.1999817
24.98,25.03,24.93,24.74,24.919999999999998,8.2236,-0.6999816999999999,-0.07956004,0.0,0.0,1046.0,85.45,12.865772569444445,236.07274999999998,1719.04,-0.07956004,0.0,-9.81,0.0,0.0,-0.6999816999999999
0.0,0.0,0.0,0.0,0.0,0.0,0.0,-0.009180069,0.0,21.5,799.0,115.2,13.613702256944444,235.37996875,1720.32,-0.009180069,0.0,-9.81,0.0,0.0,0.0
91.23999,91.25999,91.20999,90.92999,91.15999,30.0827967,0.8000183000000001,0.07956004,0.02957988,18.29999,2808.0,107.19,14.180985243055556,238.4339375,1721.6000000000001,0.07956004,0.02957988,-9.81,0.0,0.0,0.8000183000000001
4.68,4.68,4.619994999999999,4.6699980000000005,4.66249825,1.5386244224999999,0.1000061,0.1693199,0.0,21.5,1361.0,115.52,13.952738715277778,239.664390625,1722.88,0.1693199,0.0,-9.81,0.0,0.0,0.1000061
26.56,26.5,26.6,26.50999,26.5424975,8.759024175,-0.2999877999999999,0.05915999,-0.01938009,23.79999,1998.0,115.07,15.509149305555555,253.156359375,1724.16,0.05915999,-0.01938009,-9.81,0.0,0.0,-0.2999877999999999
81.03999,81.03999,81.05,80.84,80.99249499999999,26.72752335,0.0,0.04997993,0.0,15.09998,2041.0,89.91,17.593815104166666,260.70621875,1725.44,0.04997993,0.0,-9.81,0.0,0.0,0.0
48.37,48.45,48.14,48.14999,48.277497499999996,15.931574175,0.0,0.06936002,-0.01938009,20.5,1961.0,117.03,17.924353298611113,263.63521875000004,1726.72,0.06936002,-0.01938009,-9.81,0.0,0.0,0.0
49.849990000000005,49.87999,49.89,49.7,49.829995,16.44389835,-0.1999817,0.0397799,-0.01938009,22.09998,2006.0,119.42,17.884809027777777,266.77031250000005,1728.0,0.0397799,-0.01938009,-9.81,0.0,0.0,-0.1999817
101.93,101.94,101.79,101.3,101.74000000000001,33.574200000000005,-0.1000061,0.0397799,0.0,21.09998,2591.0,136.57,18.315542534722223,268.100953125,1729.28,0.0397799,0.0,-9.81,0.0,0.0,-0.1000061
102.98,103.04,102.91,102.62,102.8875,33.952875000000006,0.6000061,0.0397799,0.01937985,19.59998,2569.0,138.1,18.693359375,269.44076562500004,1730.56,0.0397799,0.01937985,-9.81,0.0,0.0,0.6000061
78.94,78.87999,78.81,78.45,78.7699975,25.994099175000002,-0.1999817,0.0397799,-0.009180069,15.59998,1955.0,99.24,19.382842881944445,269.80792187500003,1731.8400000000001,0.0397799,-0.009180069,-9.81,0.0,0.0,-0.1999817
52.62,52.61,52.58,52.53,52.585,17.35305,1.700012,-0.03978014,0.0,17.20001,1472.0,127.1,18.909991319444444,264.37196874999995,1733.1200000000001,-0.03978014,0.0,-9.81,0.0,0.0,1.700012
74.42,74.39,74.11,73.72,74.16,24.4728,-0.2999877999999999,0.06936002,-0.009180069,16.0,2330.0,102.31,18.18819444444444,253.12628125,1734.4,0.06936002,-0.009180069,-9.81,0.0,0.0,-0.2999877999999999
79.28999,79.20999,79.44,78.89999,79.2099925,26.139297525,0.2000122,0.0,0.0,15.0,1991.0,107.8,18.035564236111114,227.579859375,1735.68,0.0,0.0,-9.81,0.0,0.0,0.2000122
29.75999,29.5,29.7,29.52,29.6199975,9.774599175,-2.100006,0.0,0.0,28.5,1601.0,120.24,18.54538628472222,243.915171875,1736.96,0.0,0.0,-9.81,0.0,0.0,-2.100006
98.08,98.09999,98.01999,97.45999,97.9149925,32.311947525,-0.2999878,-0.01938009,0.0,20.70001,2442.0,149.7,19.07292534722222,246.834546875,1738.24,-0.01938009,0.0,-9.81,0.0,0.0,-0.2999878
68.12,67.84999,67.89,67.42999,67.822495,22.381423350000002,-3.5,0.02957988,-0.1193398999999999,0.0,1751.0,90.11,19.162534722222222,247.31,1739.52,0.02957988,-0.1193398999999999,-9.81,0.0,0.0,-3.5
67.92999,67.76999,68.14999,67.55,67.8499925,22.390497525,-3.3999940000000004,-0.03978014,-0.12954,0.0,1645.0,90.66,19.40302517361111,248.26051562499998,1740.8,-0.03978014,-0.12954,-9.81,0.0,0.0,-3.3999940000000004
77.44,77.44,77.31,76.91,77.275,25.500750000000004,0.2000122,0.04997993,0.01937985,14.09998,2168.0,115.69,18.197035590277775,241.1566875,1742.08,0.04997993,0.01937985,-9.81,0.0,0.0,0.2000122
111.08,110.71,111.14,110.45,110.845,36.57885,-1.199982,-0.04997993,-0.04997993,25.09998,2748.0,129.16,18.56046875,223.325125,1743.3600000000001,-0.04997993,-0.04997993,-9.81,0.0,0.0,-1.199982
22.85,22.74,22.82,22.79,22.799999999999997,7.523999999999999,-0.3999939,-0.04997993,0.0,0.0,1292.0,94.55,16.709210069444445,225.876984375,1744.64,-0.04997993,0.0,-9.81,0.0,0.0,-0.3999939
108.27,108.12,108.34,107.8,108.13250000000001,35.683725,-0.3999939,-0.05915999,-0.009180069,22.29999,2677.0,121.88,16.93998263888889,227.04803125,1745.92,-0.05915999,-0.009180069,-9.81,0.0,0.0,-0.3999939
34.14,34.2,34.179990000000004,34.12,34.1599975,11.272799175000001,1.0,0.0,0.009180069,14.89996,1464.0,111.62,17.42107204861111,235.866515625,1747.2,0.0,0.009180069,-9.81,0.0,0.0,1.0
107.59,107.53,107.62,107.23,107.4925,35.472525000000005,0.0,-0.009180069,0.01937985,20.5,2661.0,110.55,17.692651909722223,238.47501562500003,1748.48,-0.009180069,0.01937985,-9.81,0.0,0.0,0.0
76.83,76.78,76.89,76.37,76.7175,25.316775,-0.5,-0.009180069,0.0,15.89996,1909.0,131.16,18.653324652777776,268.564984375,1749.76,-0.009180069,0.0,-9.81,0.0,0.0,-0.5
28.11,27.93,27.98,28.0,28.005,9.24165,-0.7999878,-0.01938009,-0.05915999,28.70001,1140.0,111.15,18.32519097222222,276.42784374999997,1751.04,-0.01938009,-0.05915999,-9.81,0.0,0.0,-0.7999878
108.46,108.2,108.51,107.82,108.2475,35.721675000000005,-0.7999878,-0.01938009,-0.02958012,22.5,2683.0,77.78,18.869891493055555,170.921640625,1752.32,-0.01938009,-0.02958012,-9.81,0.0,0.0,-0.7999878
51.03999,51.25,51.11,51.12999,51.132495,16.87372335,0.8999939,0.02957988,0.01937985,0.0,1620.0,94.11,18.178741319444445,178.04065625,1753.6000000000001,0.02957988,0.01937985,-9.81,0.0,0.0,0.8999939
104.72,104.51,104.73,103.94,104.47500000000001,34.47675,-1.899994,-0.009180069,-0.05915999,26.59998,2590.0,75.2,18.647196180555554,170.67509374999997,1754.88,-0.009180069,-0.05915999,-9.81,0.0,0.0,-1.899994
30.31,29.539990000000003,30.23999,29.42,29.877495,9.85957335,-7.899994,-0.02958012,-0.16014,60.5,1202.0,115.12,18.060868055555556,177.97426562500002,1756.16,-0.02958012,-0.16014,-9.81,0.0,0.0,-7.899994
53.98,53.98999,53.95,53.81,53.9324975,17.797724175,-0.3999939,0.01937985,0.0,0.0,1719.0,93.84,18.23264322916667,179.11553125,1757.44,0.01937985,0.0,-9.81,0.0,0.0,-0.3999939
55.25999,55.19,55.00999,55.06999,55.1324925,18.193722525000002,-0.7999878,0.009180069,-0.02958012,0.0,1764.0,93.66,18.098059895833334,179.55006250000002,1758.72,0.009180069,-0.02958012,-9.81,0.0,0.0,-0.7999878
102.35,102.1,102.3,101.87,102.155,33.71115,-0.2999878,-0.02958012,0.0,21.5,2535.0,77.6,16.0185546875,175.990375,1760.0,-0.02958012,0.0,-9.81,0.0,0.0,-0.2999878
34.27,34.45,34.319990000000004,34.39999,34.359995,11.33879835,1.100006,-0.05915999,0.02957988,14.89996,1377.0,111.96,18.460568576388887,168.22560937500003,1761.28,-0.05915999,0.02957988,-9.81,0.0,0.0,1.100006
97.84999,97.90999,97.73,97.7,97.797495,32.27317335,1.399994,-0.14994,0.07956004,16.5,2435.0,79.11,18.186024305555556,165.53501562500003,1762.56,-0.14994,0.07956004,-9.81,0.0,0.0,1.399994
42.17999,42.2,42.03,42.03999,42.112494999999996,13.89712335,0.3999939,0.0,-0.02958012,19.29999,1278.0,113.17,18.34161892361111,264.489140625,1763.8400000000001,0.0,-0.02958012,-9.81,0.0,0.0,0.3999939
43.849990000000005,43.56,43.75,42.98999,43.537495,14.367373350000001,-6.399994,0.08976007,-0.09996009,0.0,1844.0,94.64,17.954357638888887,268.321578125,1765.1200000000001,0.08976007,-0.09996009,-9.81,0.0,0.0,-6.399994
41.58,41.55,41.53,41.37,41.5075,13.697475,-0.5,-0.04997993,-0.02958012,0.0,1230.0,94.0,17.25509548611111,290.055828125,1766.4,-0.04997993,-0.02958012,-9.81,0.0,0.0,-0.5
107.34,107.43,107.28,106.79,107.21000000000001,35.37930000000001,1.200012,0.01937985,0.01937985,17.20001,2657.0,72.23,17.230868055555554,291.975390625,1767.68,0.01937985,0.01937985,-9.81,0.0,0.0,1.200012
77.81999,77.90999000000001,77.92999,77.67999,77.83499,25.685546700000003,0.2000122,-0.009180069,0.01937985,15.0,1927.0,136.01,17.358441840277777,289.01328125,1768.96,-0.009180069,0.01937985,-9.81,0.0,0.0,0.2000122
19.74,18.32,19.52,18.45,19.0075,6.272475,-12.5,-0.009180069,-0.07956004,115.4,1203.0,120.52,16.525881076388888,212.884984375,1770.24,-0.009180069,-0.07956004,-9.81,0.0,0.0,-12.5
39.67,39.50999,39.73999,39.39999,39.5799925,13.061397525000002,-2.299988,-0.01938009,-0.03978014,0.0,1117.0,95.75,16.23882378472222,222.30684375,1771.52,-0.01938009,-0.03978014,-9.81,0.0,0.0,-2.299988
36.25,36.31,36.77,36.48999,36.454997500000005,12.030149175000002,-4.0,-0.03978014,-0.08976007,0.0,1410.0,95.96,15.906788194444443,227.14015625000002,1772.8,-0.03978014,-0.08976007,-9.81,0.0,0.0,-4.0
14.62,14.57,14.57,14.49,14.5625,4.805625,-0.1999817,-0.01938009,0.01937985,22.39996,1261.0,119.09,15.791467013888887,222.13496874999998,1774.08,-0.01938009,0.01937985,-9.81,0.0,0.0,-0.1999817
42.84,42.52,42.709990000000005,42.41,42.619997500000004,14.064599175000001,-2.899994,-0.04997993,-0.1091398999999999,0.0,1650.0,90.88,16.690703125,226.51371875,1775.3600000000001,-0.04997993,-0.1091398999999999,-9.81,0.0,0.0,-2.899994
100.34,100.3,100.37,99.95999,100.2424975,33.080024175,-0.1000061,0.01937985,0.01937985,21.09998,2497.0,78.61,17.276983506944443,230.423578125,1776.64,0.01937985,0.01937985,-9.81,0.0,0.0,-0.1000061
82.39,82.37,82.45,81.98999,82.29999749999999,27.158999174999998,-0.5,0.0,-0.009180069,17.09998,2050.0,131.14,17.653784722222223,225.82375000000002,1777.92,0.0,-0.009180069,-9.81,0.0,0.0,-0.5
74.44,74.55,74.55,74.23,74.44250000000001,24.566025000000003,0.6000061,-0.02958012,0.02957988,13.20001,1831.0,128.45,18.38990017361111,146.7358125,1779.2,-0.02958012,0.02957988,-9.81,0.0,0.0,0.6000061
74.23,74.28999,74.22,73.8,74.1349975,24.464549175000002,-0.1999817,0.0,0.009180069,15.39996,1860.0,127.07,18.669075520833335,235.99834375,1780.48,0.0,0.009180069,-9.81,0.0,0.0,-0.1999817
64.98,64.91,65.03,64.75,64.91749999999999,21.422774999999998,0.1000061,0.04997993,0.0,0.0,1981.0,90.37,19.660221354166666,240.30931249999998,1781.76,0.04997993,0.0,-9.81,0.0,0.0,0.1000061
106.59,106.41,106.5,105.97,106.3675,35.101275,-0.3999939,-0.05915999,0.0,21.5,2644.0,86.06,16.389722222222222,230.76128125000002,1783.04,-0.05915999,0.0,-9.81,0.0,0.0,-0.3999939
106.37,106.41,106.25,105.74,106.1925,35.043525,0.0,0.02957988,0.01937985,20.59998,2641.0,89.23,18.642352430555555,213.517796875,1784.32,0.02957988,0.01937985,-9.81,0.0,0.0,0.0
77.5,77.61,77.59,77.16,77.465,25.563450000000003,0.1000061,-0.03978014,0.009180069,14.79999,1856.0,124.18,18.182977430555553,188.14254687500002,1785.6000000000001,-0.03978014,0.009180069,-9.81,0.0,0.0,0.1000061
25.66,26.0,25.7,25.98,25.835,8.52555,3.0,-0.01938009,0.07956004,2.200012,1317.0,115.7,16.596041666666665,146.410125,1786.88,-0.01938009,0.07956004,-9.81,0.0,0.0,3.0
29.429990000000004,29.50999,29.42,29.34,29.424995000000003,9.71024835,-0.7999878,0.0,0.0397799,24.59998,1429.0,114.24,15.963346354166665,148.26135937499998,1788.16,0.0,0.0397799,-9.81,0.0,0.0,-0.7999878
95.03999,94.81,94.84999,94.23999,94.7349925,31.262547525000002,-0.1999817,0.05915999,0.0,22.39996,2919.0,113.89,14.34601996527778,77.12334375,1789.44,0.05915999,0.0,-9.81,0.0,0.0,-0.1999817
81.50999,81.62,81.37,81.14999,81.412495,26.866123350000002,0.2000122,0.05915999,0.0,13.79999,2030.0,125.94,14.492721354166665,128.151390625,1790.72,0.05915999,0.0,-9.81,0.0,0.0,0.2000122
77.03,77.23,77.25,77.03999,77.1374975,25.455374175,1.200012,0.0,0.04997993,12.29999,1916.0,125.46,16.15181423611111,179.07446875,1792.0,0.0,0.04997993,-9.81,0.0,0.0,1.200012
45.84,46.62999,45.709990000000005,46.62,46.199995,15.24599835,9.0,-0.04997993,0.1897199,0.0,1344.0,60.65,15.870243055555555,163.51314062499998,1793.28,-0.04997993,0.1897199,-9.81,0.0,0.0,9.0
75.03,75.09999,75.17999,74.72,75.007495,24.752473350000002,0.0,-0.009180069,0.0,14.79999,2051.0,124.98,17.344418402777777,140.504765625,1794.56,-0.009180069,0.0,-9.81,0.0,0.0,0.0
78.98999,79.0,78.89999,78.58,78.867495,26.026273350000004,0.7000122,0.009180069,0.01937985,13.20001,1966.0,124.36,15.17587673611111,138.372765625,1795.8400000000001,0.009180069,0.01937985,-9.81,0.0,0.0,0.7000122
111.29,111.25,111.52,110.78,111.21000000000001,36.6993,0.3000183,-0.04997993,0.0,21.5,2756.0,108.77,14.092808159722221,136.17715625,1797.1200000000001,-0.04997993,0.0,-9.81,0.0,0.0,0.3000183
13.3,15.34,12.77,14.79,14.049999999999999,4.6365,23.30002,0.1193398999999999,0.1091398999999999,0.0,1304.0,111.41,15.493250868055554,131.978546875,1798.4,0.1193398999999999,0.1091398999999999,-9.81,0.0,0.0,23.30002
81.08,81.11,81.28,80.65999000000001,81.0324975,26.740724175000004,0.0,-0.009180069,0.0,15.59998,2008.0,122.4,17.226401909722224,171.189703125,1799.68,-0.009180069,0.0,-9.81,0.0,0.0,0.0
79.22,79.14,79.34,78.87,79.14250000000001,26.117025000000005,-0.6999816999999999,0.009180069,-0.03978014,17.0,1958.0,121.36,16.506336805555556,189.920125,1800.96,0.009180069,-0.03978014,-9.81,0.0,0.0,-0.6999816999999999
78.72,78.70999,78.83,78.42,78.66999750000001,25.961099175000005,0.2000122,-0.02958012,0.0,14.09998,1944.0,121.02,15.725668402777778,185.842109375,1802.24,-0.02958012,0.0,-9.81,0.0,0.0,0.2000122
79.34999,79.37,79.34999,78.78,79.21249499999999,26.14012335,0.1000061,0.01937985,0.0,14.29999,2075.0,119.52,17.237890625,168.31518749999998,1803.52,0.01937985,0.0,-9.81,0.0,0.0,0.1000061
108.68,108.84,108.34,108.05,108.4775,35.797575,1.399994,-0.02958012,0.04997993,17.39996,2709.0,81.63,18.01257378472222,169.67746875,1804.8,-0.02958012,0.04997993,-9.81,0.0,0.0,1.399994
108.72,108.6,108.7,108.19,108.5525,35.822325,1.200012,0.0,0.0397799,18.09998,2762.0,80.06,18.27012152777778,168.120140625,1806.08,0.0,0.0397799,-9.81,0.0,0.0,1.200012
33.05,33.069990000000004,32.98,32.929990000000004,33.007495,10.89247335,0.7000122,0.04997993,0.009180069,17.59998,1400.0,118.53,18.15859375,162.385359375,1807.3600000000001,0.04997993,0.009180069,-9.81,0.0,0.0,0.7000122
105.05,105.09,104.87,104.28,104.82249999999999,34.591425,0.1000061,-0.05915999,0.0,22.09998,2599.0,72.05,18.443702256944444,155.502078125,1808.64,-0.05915999,0.0,-9.81,0.0,0.0,0.1000061
32.48999,32.53999,32.429990000000004,32.55,32.5024925,10.725822525000002,1.399994,0.009180069,-0.01938009,17.39996,1378.0,120.14,18.50053385416667,201.93840625,1809.92,0.009180069,-0.01938009,-9.81,0.0,0.0,1.399994
54.19,54.06,54.19,53.94,54.095,17.85135,-0.8999939,-0.01938009,0.0,0.0,1702.0,57.04,17.112547743055554,159.7480625,1811.2,-0.01938009,0.0,-9.81,0.0,0.0,-0.8999939
105.26,105.06,105.19,104.49,105.0,34.65,-1.600006,-0.009180069,-0.04997993,24.89996,2603.0,75.85,17.975086805555556,172.88503125,1812.48,-0.009180069,-0.04997993,-9.81,0.0,0.0,-1.600006
53.42,53.31999,53.19,53.12999,53.264995,17.57744835,0.3999939,-0.02958012,0.02957988,0.0,1634.0,57.28,16.7673828125,95.127453125,1813.76,-0.02958012,0.02957988,-9.81,0.0,0.0,0.3999939
12.39999,12.38,12.47,12.39,12.409997500000001,4.095299175000001,0.1000061,-0.16014,0.009180069,14.79999,1259.0,125.82,15.966875000000002,178.134828125,1815.04,-0.16014,0.009180069,-9.81,0.0,0.0,0.1000061
110.11,110.2,110.2,109.69,110.05,36.3165,0.6000061,-0.05915999,-0.009180069,19.89996,2739.0,76.15,17.2812109375,156.87985937500002,1816.32,-0.05915999,-0.009180069,-9.81,0.0,0.0,0.6000061
24.49,24.74,24.38,24.67,24.57,8.1081,3.5,0.12954,0.0397799,3.5,2138.0,124.51,17.956766493055554,153.066609375,1817.6000000000001,0.12954,0.0397799,-9.81,0.0,0.0,3.5
25.57999,24.89,25.43999,24.68,25.147495,8.29867335,-7.299988000000001,0.0,-0.06936002,61.59998,1435.0,125.04,18.001857638888886,157.01675,1818.88,0.0,-0.06936002,-9.81,0.0,0.0,-7.299988000000001
26.88,26.52,26.93,26.43,26.689999999999998,8.8077,-3.799988,-0.01938009,0.0,37.39996,1452.0,127.32,18.439891493055555,185.491859375,1820.16,-0.01938009,0.0,-9.81,0.0,0.0,-3.799988
2.989998,3.099998,2.970001,3.079994,3.0349977499999996,1.0015492575,1.399994,-0.09996009,0.0397799,0.0,904.0,127.51,17.183953993055553,184.73207812500002,1821.44,-0.09996009,0.0397799,-9.81,0.0,0.0,1.399994
0.0,0.0,0.0,0.0,0.0,0.0,0.1000061,0.009180069,0.05915999,0.0,773.0,132.2,17.252530381944442,181.249765625,1822.72,0.009180069,0.05915999,-9.81,0.0,0.0,0.1000061
108.3,108.36,108.36,107.83,108.21249999999999,35.710125,0.8000183000000001,-0.009180069,0.01937985,18.79999,2684.0,49.22,17.629153645833334,175.415609375,1824.0,-0.009180069,0.01937985,-9.81,0.0,0.0,0.8000183000000001
56.16,56.28,56.03999,56.00999,56.122495,18.52042335,1.100006,0.0397799,0.01937985,0.0,2276.0,59.83,17.316167534722222,159.2653125,1825.28,0.0397799,0.01937985,-9.81,0.0,0.0,1.100006
57.91,57.92999,57.75999,57.8,57.84999500000001,19.090498350000004,0.0,0.0,0.04997993,0.0,1848.0,59.92,17.896080729166666,148.028578125,1826.56,0.0,0.04997993,-9.81,0.0,0.0,0.0
31.75,31.66,31.56999,31.539990000000003,31.629995,10.437898350000001,0.0,0.16014,-0.02958012,21.59998,2741.0,140.4,18.6263671875,147.092390625,1827.8400000000001,0.16014,-0.02958012,-9.81,0.0,0.0,0.0
29.22,29.16,29.129990000000003,29.06999,29.144995,9.617848350000001,0.2000122,0.01937985,-0.01938009,20.20001,1385.0,143.76,18.739188368055554,141.7210625,1829.1200000000001,0.01937985,-0.01938009,-9.81,0.0,0.0,0.2000122
28.179990000000004,28.179990000000004,28.19,28.14,28.172495,9.29692335,-0.1000061,0.0,-0.01938009,22.0,1127.0,143.99,18.528411458333334,143.68704687500002,1830.4,0.0,-0.01938009,-9.81,0.0,0.0,-0.1000061
96.84,96.98,96.70999,96.56,96.7724975,31.934924175000003,1.5,-0.03978014,0.05915999,15.09998,2387.0,42.16,18.205390625,228.03803125000002,1831.68,-0.03978014,0.05915999,-9.81,0.0,0.0,1.5
79.03999,78.98999,78.94,78.65999000000001,78.9074925,26.039472525,-0.3999939,0.0,-0.009180069,16.0,1965.0,97.56,18.86343315972222,225.33856250000002,1832.96,0.0,-0.009180069,-9.81,0.0,0.0,-0.3999939
93.23999,93.19,93.17,92.78999,93.097495,30.72217335,1.0,0.0,0.0,18.79999,2530.0,43.03,19.04021267361111,225.299875,1834.24,0.0,0.0,-9.81,0.0,0.0,1.0
27.82,28.09999,27.82999,28.16,27.977494999999998,9.23257335,3.300018,-0.01938009,0.08976007,3.299988,1131.0,144.6,18.6876953125,222.641703125,1835.52,-0.01938009,0.08976007,-9.81,0.0,0.0,3.300018
25.84,26.04,25.92,25.92,25.93,8.5569,0.7000122,-0.02958012,0.06936002,14.5,1197.0,145.03,17.809704861111108,221.330484375,1836.8,-0.02958012,0.06936002,-9.81,0.0,0.0,0.7000122
64.95,64.81999,65.2,64.92,64.9724975,21.440924175000003,-2.0,0.05915999,-0.03978014,0.0,2032.0,59.1,18.962408854166668,222.414203125,1838.08,0.05915999,-0.03978014,-9.81,0.0,0.0,-2.0
36.05,36.94,35.87999,36.92999,36.449995,12.028498350000001,10.60001,0.009180069,0.1897199,0.0,1602.0,58.45,15.998168402777777,204.578671875,1839.3600000000001,0.009180069,0.1897199,-9.81,0.0,0.0,10.60001
31.539990000000003,31.75999,31.5,31.45999,31.564992500000002,10.416447525,1.100006,-0.12954,0.1091398999999999,0.0,1094.0,60.38,15.508828125,195.394765625,1840.64,-0.12954,0.1091398999999999,-9.81,0.0,0.0,1.100006
94.34,94.28,94.14,93.81999,94.1449975,31.067849175000003,0.2000122,0.009180069,0.0,20.0,2337.0,48.33,16.295004340277778,183.470515625,1841.92,0.009180069,0.0,-9.81,0.0,0.0,0.2000122
81.56,81.56,81.58,81.09999,81.4499975,26.878499174999998,0.0,0.009180069,0.0,15.09998,2030.0,94.97,17.564756944444444,177.13009375000001,1843.2,0.009180069,0.0,-9.81,0.0,0.0,0.0
94.89999,94.78999,94.62999,94.31999,94.65999000000001,31.237796700000004,0.5,0.0,0.0,19.59998,2355.0,49.42,17.892374131944443,182.835796875,1844.48,0.0,0.0,-9.81,0.0,0.0,0.5
89.55,89.53999,89.5,88.98999,89.394995,29.50034835,-0.6000061,0.04997993,0.0,21.5,2222.0,51.9,19.198667534722226,188.586828125,1845.76,0.04997993,0.0,-9.81,0.0,0.0,-0.6000061
91.69,91.56,91.62,91.14,91.5025,30.195825,-0.7999878,0.0,-0.01938009,22.29999,2287.0,56.15,19.740694444444443,185.03981249999998,1847.04,0.0,-0.01938009,-9.81,0.0,0.0,-0.7999878
51.59,51.50999,51.42999,51.41,51.484995,16.99004835,0.0,0.0,0.0,21.20001,1639.0,110.04,20.307248263888887,187.782203125,1848.32,0.0,0.0,-9.81,0.0,0.0,0.0
53.62,53.75,53.41,53.53999,53.579997500000005,17.681399175000003,3.5,0.04997993,0.07956004,7.099976,1874.0,109.24,20.519609374999998,187.2150625,1849.6000000000001,0.04997993,0.07956004,-9.81,0.0,0.0,3.5
71.03,71.08,71.36,71.0,71.1175,23.468775000000004,0.5,-0.05915999,0.009180069,0.0,1755.0,87.59,20.06955295138889,184.754171875,1850.88,-0.05915999,0.009180069,-9.81,0.0,0.0,0.5
79.64,79.62999,79.76999,79.3,79.584995,26.263048350000002,-0.2999877999999999,0.0,0.02957988,14.5,1979.0,90.83,19.928216145833336,188.482734375,1852.16,0.0,0.02957988,-9.81,0.0,0.0,-0.2999877999999999
52.53,52.48,52.42,52.31999,52.4374975,17.304374175,1.100006,-0.009180069,0.009180069,17.39996,1618.0,118.26,20.738294270833332,198.76737500000002,1853.44,-0.009180069,0.009180069,-9.81,0.0,0.0,1.100006
86.28,86.17999,86.44,85.7,86.1499975,28.429499175,-0.6999816999999999,-0.04997993,0.0,17.0,2103.0,72.44,18.653190104166665,181.543875,1854.72,-0.04997993,0.0,-9.81,0.0,0.0,-0.6999816999999999
65.51999,65.39999,65.48,65.47,65.46749500000001,21.604273350000007,0.8999939,-0.1091398999999999,0.07956004,0.0,1595.0,91.23,18.284422743055554,170.970765625,1856.0,-0.1091398999999999,0.07956004,-9.81,0.0,0.0,0.8999939
92.39999,92.39999,92.56,92.12999,92.3724925,30.482922525000003,0.0,0.009180069,-0.01938009,21.20001,2838.0,86.59,17.996775173611113,176.413796875,1857.28,0.009180069,-0.01938009,-9.81,0.0,0.0,0.0
33.209990000000005,34.67,33.02,34.36,33.814997500000004,11.158949175000002,15.5,0.01937985,0.2101199999999999,0.0,1615.0,92.19,17.385828993055554,156.457203125,1858.56,0.01937985,0.2101199999999999,-9.81,0.0,0.0,15.5
79.69,79.73999,80.0,79.64999,79.769995,26.32409835,-0.1000061,-0.1795201,0.01937985,14.79999,1966.0,68.25,17.767352430555555,161.32043750000003,1859.8400000000001,-0.1795201,0.01937985,-9.81,0.0,0.0,-0.1000061
49.73,49.77,49.53999,49.48999,49.632495,16.37872335,0.2000122,0.1193398999999999,-0.01938009,0.0,2064.0,93.36,17.063641493055556,154.79720312499998,1861.1200000000001,0.1193398999999999,-0.01938009,-9.81,0.0,0.0,0.2000122
31.34,31.48999,31.50999,31.50999,31.4624925,10.382622525,1.5,0.09995985,0.009180069,12.70001,1849.0,122.76,17.49495659722222,177.396765625,1862.4,0.09995985,0.009180069,-9.81,0.0,0.0,1.5
95.70999,95.67999,95.58,95.17,95.53499500000001,31.526548350000006,0.0,0.0,-0.009180069,20.89996,2380.0,94.42,18.27400607638889,186.955484375,1863.68,0.0,-0.009180069,-9.81,0.0,0.0,0.0
65.69,65.59999,65.61,65.20999,65.527495,21.624073350000003,-2.100006,0.08976007,-0.01938009,0.0,2654.0,97.19,18.449891493055553,182.86707812499998,1864.96,0.08976007,-0.01938009,-9.81,0.0,0.0,-2.100006
72.87,73.06,72.75,72.72,72.85,24.040499999999998,3.100006,0.04997993,0.12954,10.0,2257.0,67.09,18.740998263888887,184.85171875,1866.24,0.04997993,0.12954,-9.81,0.0,0.0,3.100006
19.16,19.46999,19.09,19.38,19.274997499999998,6.360749175,3.800018,-0.09996009,0.01937985,0.0,1209.0,126.3,18.54753472222222,180.59403125,1867.52,-0.09996009,0.01937985,-9.81,0.0,0.0,3.800018
8.919998,8.669998,8.860000999999999,8.610000999999999,8.764999499999998,2.8924498349999994,-2.399994,-0.2101199999999999,-0.02958012,64.79999000000001,1252.0,126.47,17.77394965277778,180.660109375,1868.8,-0.2101199999999999,-0.02958012,-9.81,0.0,0.0,-2.399994
1.389999,1.419998,1.360001,1.419998,1.3974989999999998,0.46117466999999995,1.300018,0.009180069,0.0,0.0,845.0,126.36,17.028815104166668,179.79760937499998,1870.08,0.009180069,0.0,-9.81,0.0,0.0,1.300018
77.14,77.16,77.14999,76.72,77.0424975,25.424024175,-0.1000061,0.0,-0.02958012,16.59998,1910.0,67.43,17.482760416666665,173.208390625,1871.3600000000001,0.0,-0.02958012,-9.81,0.0,0.0,-0.1000061
82.33,82.37,82.12,81.67999,82.1249975,27.101249175000003,-0.1999817,0.04997993,-0.01938009,16.59998,2609.0,67.82,19.71513454861111,162.86846875,1872.64,0.04997993,-0.01938009,-9.81,0.0,0.0,-0.1999817
81.45,81.47,81.45,81.19,81.39,26.858700000000002,0.1000061,-0.01938009,-0.009180069,14.0,2120.0,67.85,19.587890625,159.33596874999998,1873.92,-0.01938009,-0.009180069,-9.81,0.0,0.0,0.1000061
101.86,101.96,101.96,101.56,101.835,33.60555,0.5,-0.04997993,0.0,20.09998,2550.0,76.36,17.944418402777778,153.251328125,1875.2,-0.04997993,0.0,-9.81,0.0,0.0,0.5
100.84,100.68,100.74,100.35,100.6525,33.215325,-0.1000061,-0.05915999,0.0,21.70001,2498.0,75.05,17.79187934027778,151.37201562500002,1876.48,-0.05915999,0.0,-9.81,0.0,0.0,-0.1000061
97.65999,97.47,97.59,97.31,97.5074975,32.177474175,-0.2999878,-0.04997993,0.02957988,20.89996,2420.0,72.78,17.589227430555553,144.168625,1877.76,-0.04997993,0.02957988,-9.81,0.0,0.0,-0.2999878
6.669998,6.549995,6.729996000000001,6.559997999999999,6.62749675,2.1870739275,-1.199982,-0.2295001,0.0,57.39996,1205.0,125.2,14.944396701388888,231.485453125,1879.04,-0.2295001,0.0,-9.81,0.0,0.0,-1.199982
100.76,100.68,100.68,100.24,100.59,33.194700000000005,0.0,0.01937985,0.02957988,20.70001,2502.0,67.49,16.61731770833333,150.762921875,1880.32,0.01937985,0.02957988,-9.81,0.0,0.0,0.0
66.87999,66.67,66.47,66.55,66.6424975,21.992024175,-0.2999877999999999,0.06936002,0.02957988,0.0,2720.0,98.34,17.1816015625,150.23031249999997,1881.6000000000001,0.06936002,0.02957988,-9.81,0.0,0.0,-0.2999877999999999
13.07999,10.93999,12.38,10.18999,11.6474925,3.843672525,-23.10001,0.1193398999999999,-0.1999198999999999,303.4,1782.0,123.6,17.6898828125,71.42124999999999,1882.88,0.1193398999999999,-0.1999198999999999,-9.81,0.0,0.0,-23.10001
32.19,32.319990000000004,32.069990000000004,32.12999,32.1774925,10.618572525000001,1.399994,0.07956004,-0.009180069,14.29999,2140.0,123.83,15.702013888888889,76.014546875,1884.16,0.07956004,-0.009180069,-9.81,0.0,0.0,1.399994
100.81,100.74,100.79,100.22,100.64000000000001,33.211200000000005,-0.2999878,0.009180069,0.0,21.20001,2507.0,72.61,16.946883680555555,140.255203125,1885.44,0.009180069,0.0,-9.81,0.0,0.0,-0.2999878
47.14,47.09,47.05,46.98,47.065,15.53145,0.6000061,0.01937985,-0.009180069,19.5,1905.0,123.9,18.660737847222222,134.237296875,1886.72,0.01937985,-0.009180069,-9.81,0.0,0.0,0.6000061
100.25,100.25,100.18,99.87,100.1375,33.045375,1.0,0.0,0.05915999,19.0,2492.0,77.53,19.23064236111111,137.895953125,1888.0,0.0,0.05915999,-9.81,0.0,0.0,1.0
83.8,83.81,84.00999,83.62,83.80999750000001,27.657299175000006,0.6000061,-0.03978014,0.009180069,12.79999,2041.0,73.14,19.131349826388885,143.56314062500002,1889.28,-0.03978014,0.009180069,-9.81,0.0,0.0,0.6000061
52.42,52.48999,52.17999,52.03999,52.282492500000004,17.253222525,-3.199982,0.07956004,-0.08976007,0.0,2132.0,97.16,19.647005208333333,116.07092187500001,1890.56,0.07956004,-0.08976007,-9.81,0.0,0.0,-3.199982
56.11,56.41,56.22,56.37,56.2775,18.571575000000003,3.800018,-0.03978014,0.08976007,0.0,1609.0,95.58,19.1722265625,153.14301562499998,1891.8400000000001,-0.03978014,0.08976007,-9.81,0.0,0.0,3.800018
55.92,56.67,55.81,56.44,56.21,18.549300000000002,8.800018,-0.03978014,0.2101199999999999,0.0,1723.0,94.07,18.86232638888889,143.27310937500002,1893.1200000000001,-0.03978014,0.2101199999999999,-9.81,0.0,0.0,8.800018
89.75,89.67999,89.65999000000001,89.00999,89.52499250000001,29.543247525000005,-0.1000061,0.0,-0.009180069,15.39996,2471.0,68.22,18.435052083333332,192.22301562500002,1894.4,0.0,-0.009180069,-9.81,0.0,0.0,-0.1000061
88.03999,88.03999,88.28,87.78999,88.0374925,29.052372525000003,0.0,-0.02958012,-0.009180069,14.89996,2147.0,67.42,18.807018229166665,165.937796875,1895.68,-0.02958012,-0.009180069,-9.81,0.0,0.0,0.0
99.47,99.47,99.34,98.89,99.29249999999999,32.766525,0.1000061,0.0397799,0.02957988,19.0,2470.0,91.51,19.606349826388886,114.711171875,1896.96,0.0397799,0.02957988,-9.81,0.0,0.0,0.1000061
26.91,26.46,26.54,26.61,26.63,8.7879,0.6000061,-0.1999198999999999,0.009180069,18.0,1107.0,119.09,18.487287326388888,113.61999999999999,1898.24,-0.1999198999999999,0.009180069,-9.81,0.0,0.0,0.6000061
14.14,12.57,14.00999,12.32,13.2599975,4.375799175,-16.19998,-0.02958012,-0.1999198999999999,206.9,1238.0,118.93,17.027217881944445,121.348921875,1899.52,-0.02958012,-0.1999198999999999,-9.81,0.0,0.0,-16.19998
86.89999,86.75999,87.00999,86.15999000000001,86.70749,28.613471700000005,-1.399994,0.0397799,-0.05915999,18.59998,2163.0,65.55,16.96414496527778,141.884359375,1900.8,0.0397799,-0.05915999,-9.81,0.0,0.0,-1.399994
57.849990000000005,57.98,58.03,57.81,57.9174975,19.112774175000002,0.0,0.0,-0.01938009,0.0,1470.0,89.67,17.734110243055554,149.084609375,1902.08,0.0,-0.01938009,-9.81,0.0,0.0,0.0
19.7,19.74,19.8,19.48,19.68,6.494400000000001,-1.699982,-0.1091398999999999,-0.05915999,35.20001,1177.0,111.14,16.84607638888889,145.72875,1903.3600000000001,-0.1091398999999999,-0.05915999,-9.81,0.0,0.0,-1.699982
86.23999,86.17,86.25999,85.78999,86.1149925,28.417947525000002,-0.5,0.009180069,-0.03978014,17.0,2140.0,69.34,18.206193576388888,203.46607812500002,1904.64,0.009180069,-0.03978014,-9.81,0.0,0.0,-0.5
20.53,20.39,20.57999,20.17,20.4174975,6.737774175,-2.699982,-0.1693201,-0.05915999,45.29999,1255.0,109.03,17.422595486111113,165.33026562499998,1905.92,-0.1693201,-0.05915999,-9.81,0.0,0.0,-2.699982
15.43,13.3,15.07,13.23,14.2575,4.704975,-19.89999,-0.13974,-0.1999198999999999,219.1,1263.0,108.69,17.089131944444446,128.95303125,1907.2,-0.13974,-0.1999198999999999,-9.81,0.0,0.0,-19.89999
79.73,79.84,79.84,79.64999,79.76499749999999,26.322449175,0.1000061,-0.02958012,0.0,14.59998,1931.0,68.37,16.721922743055558,151.95856250000003,1908.48,-0.02958012,0.0,-9.81,0.0,0.0,0.1000061
61.14999,61.14,60.92,60.98,61.0474975,20.145674175,0.1000061,0.0,0.009180069,0.0,1868.0,94.22,16.389578993055558,157.635875,1909.76,0.0,0.009180069,-9.81,0.0,0.0,0.1000061
53.61,53.16,53.22,52.78,53.1925,17.553525,-6.0,-0.04997993,-0.14994,0.0,1642.0,96.12,15.05084201388889,210.11309375,1911.04,-0.04997993,-0.14994,-9.81,0.0,0.0,-6.0
83.64,83.61,83.55,83.25,83.5125,27.559125,0.2000122,0.0397799,0.0,21.09998,2513.0,105.57,15.868962673611112,165.098265625,1912.32,0.0397799,0.0,-9.81,0.0,0.0,0.2000122
59.81999,60.19,59.48,59.56,59.762497499999995,19.721624175,4.200012,-0.02958012,0.1091398999999999,0.0,1843.0,94.71,16.311649305555555,170.31371875000002,1913.6000000000001,-0.02958012,0.1091398999999999,-9.81,0.0,0.0,4.200012
82.47,82.7,82.65999000000001,82.34999,82.544995,27.239848350000003,0.8999939,-0.02958012,0.01937985,13.70001,1980.0,67.24,16.59549045138889,175.107375,1914.88,-0.02958012,0.01937985,-9.81,0.0,0.0,0.8999939
85.39999,85.37,85.53999,85.20999,85.3799925,28.175397525,-0.1000061,-0.04997993,0.0,21.0,2142.0,105.35,16.976423611111112,170.53821875000003,1916.16,-0.04997993,0.0,-9.81,0.0,0.0,-0.1000061
85.67,85.67,85.62999,85.14,85.5274975,28.224074175,0.3999939,0.009180069,0.009180069,14.59998,2122.0,67.08,17.613624131944444,174.895328125,1917.44,0.009180069,0.009180069,-9.81,0.0,0.0,0.3999939
11.25999,11.23,11.14999,11.12,11.189995,3.69269835,0.3000183,0.07956004,0.009180069,21.79999,1047.0,110.45,16.83240451388889,179.032875,1918.72,0.07956004,0.009180069,-9.81,0.0,0.0,0.3000183
85.69,85.72,85.70999,85.34999,85.617495,28.253773350000003,0.3999939,-0.009180069,0.0,19.79999,2137.0,104.31,17.208051215277777,89.45142187500001,1920.0,-0.009180069,0.0,-9.81,0.0,0.0,0.3999939
85.03,85.03,84.81999,84.42,84.82499750000001,27.992249175000005,0.8000183000000001,-0.04997993,0.0,19.59998,2097.0,103.43,17.0633984375,170.83821874999998,1921.28,-0.04997993,0.0,-9.81,0.0,0.0,0.8000183000000001
9.970001,12.06,9.299995,11.28,10.652498999999999,3.5153246699999996,24.10001,0.0,0.0,0.0,992.0,113.64,17.200399305555557,154.825578125,1922.56,0.0,0.0,-9.81,0.0,0.0,24.10001
83.17999,83.17999,83.23,83.09,83.169995,27.44609835,1.200012,-0.009180069,0.02957988,17.79999,2062.0,101.35,17.749852430555556,146.02534375000002,1923.8400000000001,-0.009180069,0.02957988,-9.81,0.0,0.0,1.200012
23.49,23.81,23.56,23.89999,23.6899975,7.8176991750000004,4.100006,0.0,0.04997993,0.0,1396.0,111.71,15.424631076388888,139.56618749999998,1925.1200000000001,0.0,0.04997993,-9.81,0.0,0.0,4.100006
24.91,25.00999,25.04,24.93,24.972497500000003,8.240924175000002,0.7000122,-0.01938009,-0.009180069,18.20001,1260.0,110.8,16.377977430555557,135.13190625,1926.4,-0.01938009,-0.009180069,-9.81,0.0,0.0,0.7000122
25.07,25.18999,25.05,25.18999,25.124995,8.29124835,0.6000061,-0.02958012,0.0,18.39996,1250.0,110.5,16.229800347222223,135.46803125,1927.68,-0.02958012,0.0,-9.81,0.0,0.0,0.6000061
80.78,81.00999,80.78999,80.78,80.83999499999999,26.677198349999998,2.5,-0.02958012,0.07956004,13.29999,2023.0,101.28,16.649075520833332,129.7388125,1928.96,-0.02958012,0.07956004,-9.81,0.0,0.0,2.5
51.12999,50.849990000000005,50.91,50.66,50.887495,16.79287335,-1.100006,0.01937985,0.009180069,0.0,2114.0,89.68,16.814045138888886,134.17978125000002,1930.24,0.01937985,0.009180069,-9.81,0.0,0.0,-1.100006
91.92999,91.95,91.83,91.44,91.7874975,30.289874175,0.6000061,0.0,0.009180069,12.39996,2343.0,68.58,15.576280381944443,138.773109375,1931.52,0.0,0.009180069,-9.81,0.0,0.0,0.6000061
72.61,73.28999,72.62,73.11,72.9074975,24.059474175000002,5.800018,0.02957988,0.1897199,0.0,2231.0,110.42,16.521740451388887,224.64296875,1932.8,0.02957988,0.1897199,-9.81,0.0,0.0,5.800018
48.64,48.0,48.66,48.0,48.325,15.947250000000002,-4.799988,-0.14994,-0.1795201,0.0,1441.0,80.89,14.3128125,219.58596875,1934.08,-0.14994,-0.1795201,-9.81,0.0,0.0,-4.799988
37.78999,37.959990000000005,38.16,38.14,38.012495,12.544123350000001,0.3999939,-0.04997993,0.0,0.0,1498.0,76.5,13.672039930555556,211.250359375,1935.3600000000001,-0.04997993,0.0,-9.81,0.0,0.0,0.3999939
0.0,0.0,0.0,0.0,0.0,0.0,0.1000061,0.0,-0.02958012,0.0,784.0,109.97,13.131953125,202.94970312499998,1936.64,0.0,-0.02958012,-9.81,0.0,0.0,0.1000061
75.59999,75.64,75.73,75.62,75.6474975,24.963674175,0.8999939,-0.03978014,0.0397799,18.5,1836.0,101.64,11.7306640625,181.40871875,1937.92,-0.03978014,0.0397799,-9.81,0.0,0.0,0.8999939
1.5,1.5,1.470001,1.509995,1.494999,0.49334967,0.5,0.01937985,0.01937985,0.0,913.0,71.05,11.112973090277777,213.915265625,1939.2,0.01937985,0.01937985,-9.81,0.0,0.0,0.5
76.42,76.31,76.48999,75.84999,76.26749500000001,25.168273350000003,-1.299988,0.01937985,-0.05915999,19.79999,1903.0,69.56,14.63743923611111,208.708953125,1940.48,0.01937985,-0.05915999,-9.81,0.0,0.0,-1.299988
83.37,83.36,83.28999,83.0,83.2549975,27.474149175,0.3000183,0.06936002,0.0,19.89996,2554.0,108.77,11.954205729166667,191.7746875,1941.76,0.06936002,0.0,-9.81,0.0,0.0,0.3000183
2.9599990000000003,2.809998,2.949997,2.769997,2.87249775,0.9479242575,-1.799988,-0.07956004,0.0,55.39996,925.0,61.85,11.396063368055556,193.27607812500003,1943.04,-0.07956004,0.0,-9.81,0.0,0.0,-1.799988
83.78999,83.87999,83.64999,83.36,83.6699925,27.611097525,0.1000061,0.0397799,0.0,19.59998,2365.0,110.7,11.84396267361111,195.85254687500003,1944.32,0.0397799,0.0,-9.81,0.0,0.0,0.1000061
0.0,0.0,0.0,0.0,0.0,0.0,0.0,0.009180069,-0.009180069,95.5,757.0,111.01,11.55483940972222,193.48328125,1945.6000000000001,0.009180069,-0.009180069,-9.81,0.0,0.0,0.0
0.0,0.0,0.0,0.0,0.0,0.0,-0.1000061,0.009180069,-0.009180069,95.5,789.0,110.92,11.463628472222222,193.551234375,1946.88,0.009180069,-0.009180069,-9.81,0.0,0.0,-0.1000061
8.379997,8.290001,8.439995,8.25,8.33999825,2.7521994225000004,-1.600006,0.13974,-0.02958012,0.0,1341.0,62.48,12.150091145833333,192.73529687500002,1948.16,0.13974,-0.02958012,-9.81,0.0,0.0,-1.600006
81.11,81.09,80.89999,80.73,80.9574975,26.715974175000003,0.1000061,0.05915999,0.02957988,19.89996,2490.0,118.9,14.8348046875,121.5874375,1949.44,0.05915999,0.02957988,-9.81,0.0,0.0,0.1000061
79.47,79.31999,79.50999,79.03,79.332495,26.17972335,-0.3999939,0.0,-0.01938009,17.39996,2658.0,71.65,15.362743055555555,123.59159375000002,1950.72,0.0,-0.01938009,-9.81,0.0,0.0,-0.3999939
60.05,60.06999,60.0,59.81999,59.984995,19.795048350000002,-0.3999939,0.1091398999999999,-0.05915999,0.0,2416.0,65.11,15.209609375000001,122.074609375,1952.0,0.1091398999999999,-0.05915999,-9.81,0.0,0.0,-0.3999939
77.20999,77.14999,77.37,77.03999,77.1924925,25.473522525,-0.5,-0.01938009,-0.02958012,17.20001,2145.0,71.94,15.374088541666666,122.33365625000002,1953.28,-0.01938009,-0.02958012,-9.81,0.0,0.0,-0.5
2.220001,2.509995,2.169998,2.329994,2.3074969999999997,0.7614740099999999,-1.799988,0.0,-0.01938009,0.0,884.0,110.05,15.659947916666667,177.84171874999998,1954.56,0.0,-0.01938009,-9.81,0.0,0.0,-1.799988
2.869995,3.720001,2.409996,3.329994,3.0824964999999995,1.017223845,-10.19998,0.04997993,0.02957988,0.0,900.0,109.9,16.327478298611112,195.419234375,1955.8400000000001,0.04997993,0.02957988,-9.81,0.0,0.0,-10.19998
72.11,71.91,72.09999,71.73,71.9624975,23.747624175000002,-0.8999939,0.0,-0.06936002,0.0,2244.0,63.55,17.877057291666667,158.1734375,1957.1200000000001,0.0,-0.06936002,-9.81,0.0,0.0,-0.8999939
19.32999,19.48,19.64999,19.45,19.477495,6.42757335,-1.5,0.1193398999999999,0.01937985,25.09998,1789.0,110.63,17.97990017361111,162.673546875,1958.4,0.1193398999999999,0.01937985,-9.81,0.0,0.0,-1.5
70.17999,70.78,69.78,70.53,70.3174975,23.204774175,7.800018,0.01937985,0.26928,0.0,2130.0,61.55,17.882769097222223,153.35057812500003,1959.68,0.01937985,0.26928,-9.81,0.0,0.0,7.800018
87.87,87.84,87.67,87.45,87.7075,28.943475,0.1000061,-0.009180069,-0.02958012,21.29999,2178.0,123.85,18.05292534722222,137.729078125,1960.96,-0.009180069,-0.02958012,-9.81,0.0,0.0,0.1000061
74.09999,73.47,74.17,73.33,73.7674975,24.343274175,-6.0,-0.06936002,-0.1897202,0.0,1763.0,60.52,17.887782118055558,132.45271875,1962.24,-0.06936002,-0.1897202,-9.81,0.0,0.0,-6.0
24.87,25.57999,24.85,25.46,25.189997500000004,8.312699175000002,7.5,0.0,0.06936002,0.0,1467.0,111.31,18.25630642361111,135.894546875,1963.52,0.0,0.06936002,-9.81,0.0,0.0,7.5
77.3,77.09,77.26999,76.92999,77.14749499999999,25.458673349999998,-0.1999817,-0.03978014,-0.009180069,16.20001,1913.0,73.05,18.686453993055554,135.852828125,1964.8,-0.03978014,-0.009180069,-9.81,0.0,0.0,-0.1999817
77.09,76.95999,76.67,76.5,76.8049975,25.345649175000002,-1.100006,0.009180069,0.01937985,0.0,1949.0,59.22,18.599835069444445,131.484578125,1966.08,0.009180069,0.01937985,-9.81,0.0,0.0,-1.100006
87.56999,87.42,87.51999,87.12,87.40749500000001,28.844473350000005,-0.1000061,-0.03978014,-0.01938009,21.5,2671.0,127.08,18.3829296875,136.975890625,1967.3600000000001,-0.03978014,-0.01938009,-9.81,0.0,0.0,-0.1000061
78.92999,78.92,79.05,78.69,78.8974975,26.036174175000003,-0.2999877999999999,0.0,-0.02958012,16.70001,1967.0,73.78,16.26055989583333,120.78253125,1968.64,0.0,-0.02958012,-9.81,0.0,0.0,-0.2999877999999999
28.8,28.81,28.67,28.67,28.7375,9.483375,0.5,-0.02958012,0.0,19.0,1270.0,107.31,15.68611111111111,117.446265625,1969.92,-0.02958012,0.0,-9.81,0.0,0.0,0.5
16.49,17.82,16.689989999999998,18.11,17.2774975,5.701574175,13.300020000000002,-0.2101199999999999,0.1999198999999999,0.0,1191.0,105.44,14.202916666666667,198.10628125,1971.2,-0.2101199999999999,0.1999198999999999,-9.81,0.0,0.0,13.300020000000002
42.37999,42.23,42.23999,41.98,42.207494999999994,13.928473349999999,-1.100006,0.1795198999999999,-0.009180069,0.0,2424.0,59.26,15.983906249999999,188.95771875,1972.48,0.1795198999999999,-0.009180069,-9.81,0.0,0.0,-1.100006
29.20999,29.129990000000003,29.19,29.039990000000003,29.142492500000003,9.617022525000001,-0.1000061,0.009180069,0.0397799,19.09998,1738.0,105.55,16.85953559027778,194.658453125,1973.76,0.009180069,0.0397799,-9.81,0.0,0.0,-0.1000061
80.50999,80.51999,80.45999,80.34,80.4574925,26.550972525000002,0.8000183000000001,-0.02958012,0.02957988,18.20001,1986.0,145.89,16.895577256944442,180.52976562499998,1975.04,-0.02958012,0.02957988,-9.81,0.0,0.0,0.8000183000000001
83.31,83.22,82.92999,82.70999,83.042495,27.404023350000003,0.0,0.04997993,0.0,19.29999,2584.0,146.33,17.627877604166667,180.974125,1976.32,0.04997993,0.0,-9.81,0.0,0.0,0.0
75.94,76.0,75.87,75.39999,75.8024975,25.014824175,0.1000061,0.05915999,0.0,14.09998,2338.0,77.84,17.845703125,178.896421875,1977.6000000000001,0.05915999,0.0,-9.81,0.0,0.0,0.1000061
77.55,77.50999,77.20999,77.2,77.367495,25.531273350000003,0.8000183000000001,0.01937985,0.0397799,11.09998,2369.0,78.04,17.920625,175.14096875,1978.88,0.01937985,0.0397799,-9.81,0.0,0.0,0.8000183000000001
25.95,25.56,25.86,25.86,25.8075,8.516475000000002,-0.8999939,0.0397799,0.0,26.09998,1884.0,108.92,18.7341796875,160.748328125,1980.16,0.0397799,0.0,-9.81,0.0,0.0,-0.8999939
76.72,76.75999,76.81,76.56,76.7124975,25.315124175,0.5,0.0,0.01937985,13.29999,1981.0,79.13,19.04669270833333,157.046625,1981.44,0.0,0.01937985,-9.81,0.0,0.0,0.5
62.47,62.64,62.23999,62.209990000000005,62.389995,20.58869835,-0.6999816999999999,-0.2101199999999999,-0.01938009,0.0,1463.0,63.57,18.18956597222222,132.50773437499998,1982.72,-0.2101199999999999,-0.01938009,-9.81,0.0,0.0,-0.6999816999999999
27.31,28.179990000000004,27.18999,28.00999,27.6724925,9.131922525,9.200012,0.02957988,0.1193398999999999,0.0,1639.0,110.8,17.244014756944445,125.449625,1984.0,0.02957988,0.1193398999999999,-9.81,0.0,0.0,9.200012
42.59,42.55,42.48999,42.33,42.4899975,14.021699175,-0.2999877999999999,0.04997993,-0.01938009,0.0,1757.0,64.05,17.33230902777778,123.27360937499999,1985.28,0.04997993,-0.01938009,-9.81,0.0,0.0,-0.2999877999999999
28.62,28.00999,28.69,27.91,28.3074975,9.341474175,-7.0,-0.16014,-0.1193398999999999,59.39996,1146.0,108.91,16.187256944444446,121.55415625,1986.56,-0.16014,-0.1193398999999999,-9.81,0.0,0.0,-7.0
87.67999,87.56999,87.45999,87.01999,87.43249,28.852721700000004,-1.5,0.009180069,0.0,23.5,2171.0,143.65,15.256914062499998,126.925,1987.8400000000001,0.009180069,0.0,-9.81,0.0,0.0,-1.5
89.03,88.81999,89.0,88.34999,88.799995,29.30399835,-1.699982,-0.01938009,-0.02958012,24.79999,2210.0,142.69,17.201176215277776,126.32503125,1989.1200000000001,-0.01938009,-0.02958012,-9.81,0.0,0.0,-1.699982
90.05,89.70999,90.03,89.61,89.8499975,29.650499175,-1.0,-0.02958012,0.0,22.39996,2236.0,142.04,16.8281640625,130.575515625,1990.4,-0.02958012,0.0,-9.81,0.0,0.0,-1.0
84.83,84.87,84.78999,84.12,84.6524975,27.935324174999998,-0.2999877999999999,0.009180069,0.0,15.39996,2367.0,80.95,16.680733506944446,129.979578125,1991.68,0.009180069,0.0,-9.81,0.0,0.0,-0.2999877999999999
86.51999,86.31,86.40999000000001,86.03999,86.3199925,28.485597525,-0.1000061,-0.03978014,0.0,15.70001,2143.0,80.88,15.207782118055555,130.521265625,1992.96,-0.03978014,0.0,-9.81,0.0,0.0,-0.1000061
85.01999,84.95,84.95999,84.56999,84.8749925,28.008747525000004,0.3000183,-0.009180069,0.009180069,14.20001,2109.0,80.9,14.9087109375,129.90364062499998,1994.24,-0.009180069,0.009180069,-9.81,0.0,0.0,0.3000183
94.97,94.78,94.76999,94.34,94.71499750000001,31.255949175000005,-1.100006,0.02957988,-0.009180069,22.89996,2345.0,147.19,16.465672743055556,157.6076875,1995.52,0.02957988,-0.009180069,-9.81,0.0,0.0,-1.100006
79.48,79.45999,79.53999,79.03,79.37749500000001,26.194573350000006,-0.1999817,-0.01938009,0.0,15.5,2039.0,81.6,13.69607204861111,160.309203125,1996.8,-0.01938009,0.0,-9.81,0.0,0.0,-0.1999817
77.75999,77.69,77.69,77.37,77.6274975,25.617074175000003,0.2000122,0.0,0.0,14.89996,2015.0,81.72,14.043042534722222,159.061859375,1998.0800000000002,0.0,0.0,-9.81,0.0,0.0,0.2000122
0.0,0.0,0.0,0.0,0.0,0.0,0.0,0.02957988,0.0,25.20001,839.0,111.46,13.66509982638889,161.2550625,1999.3600000000001,0.02957988,0.0,-9.81,0.0,0.0,0.0
79.31,79.25999,79.59999,79.05,79.304995,26.170648350000004,0.0,-0.02958012,0.0,14.79999,1905.0,81.86,14.287795138888889,158.772140625,2000.64,-0.02958012,0.0,-9.81,0.0,0.0,0.0
0.0,0.0,0.0,0.0,0.0,0.0,0.0,0.02957988,0.0,25.20001,782.0,111.45,13.757374131944443,158.65448437499998,2001.92,0.02957988,0.0,-9.81,0.0,0.0,0.0
90.50999,90.56,90.48999,90.17999,90.43499249999999,29.843547524999998,0.3000183,0.0,0.0397799,18.59998,2238.0,158.5,16.288033854166667,182.803234375,2003.2,0.0,0.0397799,-9.81,0.0,0.0,0.3000183
26.05,26.56,26.04,26.73,26.345000000000002,8.693850000000001,7.399994,0.01937985,0.12954,0.0,1562.0,112.01,14.69306423611111,182.66315625000001,2004.48,0.01937985,0.12954,-9.81,0.0,0.0,7.399994
47.37999,47.17999,47.27,47.03999,47.217492500000006,15.581772525000003,-2.100006,0.0,-0.04997993,0.0,1480.0,60.75,16.141657986111113,170.766375,2005.76,0.0,-0.04997993,-9.81,0.0,0.0,-2.100006
20.77,20.88,20.45,20.36,20.615,6.80295,2.399994,0.12954,0.009180069,1.799988,1955.0,114.03,16.527421875,170.94265625000003,2007.04,0.12954,0.009180069,-9.81,0.0,0.0,2.399994
77.06999,77.03999,76.8,76.42999,76.8349925,25.355547525000002,0.0,0.05915999,0.0,15.29999,2413.0,82.94,16.7201171875,168.02475,2008.32,0.05915999,0.0,-9.81,0.0,0.0,0.0
12.86,13.11,12.86,13.00999,12.9599975,4.276799175,3.200012,-0.09996009,0.01937985,0.0,1259.0,115.37,15.54822482638889,166.962625,2009.6000000000001,-0.09996009,0.01937985,-9.81,0.0,0.0,3.200012
0.0,0.0,0.0,0.0,0.0,0.0,0.2000122,0.009180069,0.0,0.0,793.0,115.06,14.125855034722223,169.713390625,2010.88,0.009180069,0.0,-9.81,0.0,0.0,0.2000122
47.28,48.59,47.53,48.48,47.97,15.8301,11.5,-0.2397001,0.3202798,0.0,1280.0,89.04,13.160672743055555,157.55078125,2012.16,-0.2397001,0.3202798,-9.81,0.0,0.0,11.5
101.66,101.72,101.86,101.56,101.7,33.561,0.8999939,-0.05915999,0.0,17.5,2522.0,164.38,13.371723090277778,151.2019375,2013.44,-0.05915999,0.0,-9.81,0.0,0.0,0.8999939
43.81999,43.77,43.75999,43.66,43.752495,14.438323350000001,0.2000122,0.009180069,-0.009180069,21.09998,1761.0,113.75,12.478480902777779,132.672375,2014.72,0.009180069,-0.009180069,-9.81,0.0,0.0,0.2000122
103.94,104.01,103.61,103.35,103.72749999999999,34.230075,1.800018,0.02957988,0.05915999,16.89996,2579.0,165.45,12.839131944444443,133.553625,2016.0,0.02957988,0.05915999,-9.81,0.0,0.0,1.800018
104.1,104.23,103.78,103.38,103.8725,34.277925,1.399994,-0.01938009,0.07956004,15.70001,2593.0,166.01,13.493819444444444,128.61112500000002,2017.28,-0.01938009,0.07956004,-9.81,0.0,0.0,1.399994
101.34,101.43,101.29,101.06,101.28,33.4224,2.100006,-0.02958012,0.06936002,14.20001,2521.0,167.04,13.575590277777778,117.14454687500002,2018.56,-0.02958012,0.06936002,-9.81,0.0,0.0,2.100006
38.27,36.25999,38.28999,36.05,37.217495,12.28177335,-21.19998,-0.05915999,-0.34986,99.89996,1435.0,89.1,13.273984375000001,114.90901562500001,2019.8400000000001,-0.05915999,-0.34986,-9.81,0.0,0.0,-21.19998
100.62,100.56,100.55,100.33,100.515,33.16995,1.200012,0.0,0.0397799,15.70001,2496.0,167.59,13.663333333333332,122.68376562499999,2021.1200000000001,0.0,0.0397799,-9.81,0.0,0.0,1.200012
100.88,101.07,100.85,100.57,100.84249999999999,33.278025,2.300018,-0.02958012,0.05915999,14.89996,2493.0,167.88,13.672048611111112,129.82051562499998,2022.4,-0.02958012,0.05915999,-9.81,0.0,0.0,2.300018
37.73,36.48,37.61,35.89,36.927499999999995,12.186074999999999,-16.0,0.08976007,-0.27948,81.5,1588.0,89.71,13.533194444444444,135.74465625000002,2023.68,0.08976007,-0.27948,-9.81,0.0,0.0,-16.0
26.39,27.11,26.39,27.11,26.75,8.8275,8.0,0.0,0.08976007,0.0,1154.0,74.95,14.356371527777778,131.88815625,2024.96,0.0,0.08976007,-9.81,0.0,0.0,8.0
0.9599991,0.9700012,0.9599991,0.9700012,0.9650001500000001,0.31845004950000005,0.1000061,0.01937985,0.009180069,0.0,882.0,91.2,10.366818576388889,144.05043750000002,2026.24,0.01937985,0.009180069,-9.81,0.0,0.0,0.1000061
15.43999,15.64,15.45,15.45,15.4949975,5.113349175000001,0.8000183000000001,-0.03978014,-0.04997993,0.0,1247.0,77.17,10.247968749999998,137.77640624999998,2027.52,-0.03978014,-0.04997993,-9.81,0.0,0.0,0.8000183000000001
108.96,108.95,108.9,108.52,108.8325,35.914725,0.0,0.01937985,-0.02958012,21.5,2692.0,173.04,14.146779513888891,138.04642187500002,2028.8,0.01937985,-0.02958012,-9.81,0.0,0.0,0.0
36.31999,36.28999,36.42,36.14999,36.294992500000006,11.977347525000003,-0.1000061,0.009180069,-0.009180069,20.70001,1502.0,108.0,14.418459201388888,134.32206250000002,2030.0800000000002,0.009180069,-0.009180069,-9.81,0.0,0.0,-0.1000061
42.19,42.3,42.16,42.14999,42.199997499999995,13.925999175,0.5,-0.01938009,0.0,0.0,1677.0,78.09,14.552964409722222,127.416453125,2031.3600000000001,-0.01938009,0.0,-9.81,0.0,0.0,0.5
106.5,106.54,106.38,105.86,106.32000000000001,35.08560000000001,0.0,0.02957988,-0.02958012,21.59998,2651.0,174.17,15.331783854166666,134.666296875,2032.64,0.02957988,-0.02958012,-9.81,0.0,0.0,0.0
35.42,33.78,35.319990000000004,33.569990000000004,34.522495000000006,11.392423350000003,-18.19998,-0.009180069,-0.29988,95.0,1429.0,91.63,14.549848090277777,165.56171875,2033.92,-0.009180069,-0.29988,-9.81,0.0,0.0,-18.19998
34.72,34.599990000000005,34.64999,34.52,34.622495,11.42542335,-1.0,-0.04997993,-0.02958012,28.59998,1370.0,106.72,14.334309895833332,205.193171875,2035.2,-0.04997993,-0.02958012,-9.81,0.0,0.0,-1.0
33.98999,33.45,33.97,33.50999,33.729995,11.13089835,-5.299988,0.01937985,-0.09996009,47.39996,1511.0,106.61,14.405121527777776,161.123296875,2036.48,0.01937985,-0.09996009,-9.81,0.0,0.0,-5.299988
0.0,0.0,0.0,0.0,0.0,0.0,0.0,0.0,-0.009180069,0.0,889.0,73.13,12.040052083333332,173.20465625,2037.76,0.0,-0.009180069,-9.81,0.0,0.0,0.0
2.5,2.43,2.43,2.389999,2.4374997499999997,0.8043749175,-0.3999939,0.06936002,-0.009180069,0.0,1000.0,73.18,11.294800347222221,171.5058125,2039.04,0.06936002,-0.009180069,-9.81,0.0,0.0,-0.3999939
25.05,25.13,25.13,25.04,25.0875,8.278875,0.2000122,-0.009180069,-0.009180069,0.0,1765.0,73.55,9.94654513888889,165.1695,2040.32,-0.009180069,-0.009180069,-9.81,0.0,0.0,0.2000122
0.0,0.0,0.0,0.0,0.0,0.0,-0.3999939,0.009180069,0.0,1.0,907.0,89.89,8.282330729166667,163.015046875,2041.6000000000001,0.009180069,0.0,-9.81,0.0,0.0,-0.3999939
91.28999,91.34999,91.26999,90.95999,91.21749000000001,30.101771700000004,0.3999939,0.0,0.0,19.5,2269.0,170.03,10.307877604166666,235.34332812499997,2042.88,0.0,0.0,-9.81,0.0,0.0,0.3999939
30.95,30.75,30.84999,30.62,30.792497500000003,10.161524175000002,-1.299988,0.009180069,-0.01938009,0.0,1329.0,76.72,10.463745659722221,183.61509375,2044.16,0.009180069,-0.01938009,-9.81,0.0,0.0,-1.299988
92.95,92.89,92.89,92.53999,92.8174975,30.629774175,0.2000122,-0.04997993,0.01937985,19.39996,2272.0,163.64,12.145577256944442,223.7429375,2045.44,-0.04997993,0.01937985,-9.81,0.0,0.0,0.2000122
39.2,38.31,39.209990000000005,38.03999,38.689995,12.767698350000002,-9.699982,0.09995985,-0.1693201,49.39996,1616.0,89.97,12.056740451388889,241.92770312500002,2046.72,0.09995985,-0.1693201,-9.81,0.0,0.0,-9.699982
92.15999,92.12999,92.09,91.81,92.04749500000001,30.375673350000007,0.0,-0.009180069,-0.009180069,21.0,2285.0,160.0,13.418142361111112,197.89496875000003,2048.0,-0.009180069,-0.009180069,-9.81,0.0,0.0,0.0
66.34999,66.39999,66.5,66.14999,66.3499925,21.895497525,-0.1000061,-0.02958012,0.0,15.09998,1978.0,86.37,15.286779513888888,167.24401562499997,2049.28,-0.02958012,0.0,-9.81,0.0,0.0,-0.1000061
42.8,42.83,42.81999,42.61,42.76499749999999,14.112449174999998,0.7000122,0.02957988,0.0,0.0,1779.0,77.83,14.596362847222222,149.907453125,2050.56,0.02957988,0.0,-9.81,0.0,0.0,0.7000122
0.0,0.0,0.0,0.0,0.0,0.0,0.3999939,0.0,-0.009180069,0.0,845.0,101.39,13.757096354166666,144.981984375,2051.84,0.0,-0.009180069,-9.81,0.0,0.0,0.3999939
95.78,95.7,95.72,95.28,95.62,31.554600000000004,0.0,-0.01938009,0.0,21.39996,2373.0,149.44,14.465295138888887,172.549984375,2053.12,-0.01938009,0.0,-9.81,0.0,0.0,0.0
3.479996,3.559998,3.529999,3.519997,3.5224975,1.1624241750000002,-0.1000061,-0.04997993,-0.009180069,19.29999,1029.0,101.24,14.094583333333333,194.24418749999998,2054.4,-0.04997993,-0.009180069,-9.81,0.0,0.0,-0.1000061
5.299995,5.309998,5.309998,5.299995,5.3049965,1.750648845,0.0,-0.02958012,-0.009180069,11.59998,931.0,101.28,13.803381076388888,192.343015625,2055.68,-0.02958012,-0.009180069,-9.81,0.0,0.0,0.0
58.53999,58.72,58.81999,58.67,58.687495,19.36687335,1.700012,-0.02958012,0.06936002,6.200012,1728.0,84.35,13.80689236111111,194.84681250000003,2056.96,-0.02958012,0.06936002,-9.81,0.0,0.0,1.700012
96.78999,96.75999,96.81999,96.28999,96.66499,31.899446700000002,-0.3999939,0.0,-0.01938009,22.39996,2406.0,146.78,13.876792534722224,195.760671875,2058.2400000000002,0.0,-0.01938009,-9.81,0.0,0.0,-0.3999939
94.95,94.89999,94.95999,94.58,94.847495,31.29967335,-0.1000061,-0.04997993,0.0,20.29999,2336.0,146.26,14.083428819444443,198.020609375,2059.52,-0.04997993,0.0,-9.81,0.0,0.0,-0.1000061
94.25999,94.17999,94.26999,93.70999,94.10499,31.054646700000003,-0.5,0.02957988,0.0,21.20001,2479.0,145.42,13.58203125,207.450515625,2060.8,0.02957988,0.0,-9.81,0.0,0.0,-0.5
2.290001,2.379997,2.2099990000000003,2.279999,2.289999,0.75569967,1.0,0.1795198999999999,-0.06936002,11.5,1296.0,101.64,11.924809027777776,165.033671875,2062.08,0.1795198999999999,-0.06936002,-9.81,0.0,0.0,1.0
88.28999,88.14999,88.17,87.53,88.03499500000001,29.051548350000004,-2.199982,0.02957988,-0.05915999,26.5,2550.0,144.3,12.909644097222222,169.06120312500002,2063.36,0.02957988,-0.05915999,-9.81,0.0,0.0,-2.199982
48.599990000000005,48.59,48.55,48.25999,48.499995,16.00499835,0.1000061,0.01937985,0.04997993,13.70001,1641.0,82.32,13.675928819444444,173.280140625,2064.64,0.01937985,0.04997993,-9.81,0.0,0.0,0.1000061
31.70999,31.66,31.62,31.48999,31.619995000000003,10.434598350000002,0.0,-0.05915999,-0.06936002,24.5,1238.0,101.18,15.997513020833335,254.57542187500002,2065.92,-0.05915999,-0.06936002,-9.81,0.0,0.0,0.0
27.14,27.07999,27.219990000000003,27.13,27.142494999999997,8.95702335,0.8999939,-0.1091398999999999,-0.04997993,16.39996,1080.0,101.1,15.376714409722222,250.41539062500001,2067.2,-0.1091398999999999,-0.04997993,-9.81,0.0,0.0,0.8999939
105.29,104.99,105.6,104.89,105.1925,34.713525,-1.100006,0.009180069,-0.009180069,23.70001,2620.0,143.22,15.80056423611111,255.78582812500002,2068.48,0.009180069,-0.009180069,-9.81,0.0,0.0,-1.100006
59.16,59.11,59.12,58.95,59.084999999999994,19.49805,0.2000122,-0.01938009,0.0,14.79999,1788.0,81.11,16.07444878472222,255.30253125000002,2069.76,-0.01938009,0.0,-9.81,0.0,0.0,0.2000122
103.08,102.86,103.0,102.37,102.8275,33.933075,-1.399994,0.0,-0.02958012,23.89996,2556.0,142.86,15.816328124999998,193.76389062500002,2071.04,0.0,-0.02958012,-9.81,0.0,0.0,-1.399994
100.51,100.42,100.53,100.01,100.3675,33.121275000000004,-1.5,-0.04997993,-0.02958012,24.5,2497.0,142.93,15.429249131944445,173.97310937500004,2072.32,-0.04997993,-0.02958012,-9.81,0.0,0.0,-1.5
98.89,98.8,98.87,98.25,98.7025,32.571825000000004,-1.100006,0.0,-0.01938009,23.29999,2460.0,142.94,14.376197916666666,174.446765625,2073.6,0.0,-0.01938009,-9.81,0.0,0.0,-1.100006
100.62,100.61,100.39,99.92,100.385,33.127050000000004,-0.1000061,0.04997993,0.0397799,21.89996,2507.0,143.03,13.488094618055555,175.2749375,2074.88,0.04997993,0.0397799,-9.81,0.0,0.0,-0.1000061
28.81999,28.91,28.72,28.629990000000003,28.769995,9.494098350000002,0.5,0.0,0.0,0.0,1720.0,63.41,14.886163194444443,150.201734375,2076.16,0.0,0.0,-9.81,0.0,0.0,0.5
61.67,61.73,61.72,61.53,61.6625,20.348625000000002,0.1000061,-0.009180069,0.009180069,14.09998,1713.0,79.22,16.60036458333333,228.56382812500001,2077.44,-0.009180069,0.009180069,-9.81,0.0,0.0,0.1000061
35.86,35.5,35.67,35.37999,35.6024975,11.748824175,-1.899994,-0.009180069,-0.1091398999999999,31.5,1439.0,97.48,16.15309027777778,231.540671875,2078.7200000000003,-0.009180069,-0.1091398999999999,-9.81,0.0,0.0,-1.899994
36.14999,36.099990000000005,36.00999,36.03,36.0724925,11.903922525000002,0.0,0.0,0.009180069,18.70001,1513.0,97.17,16.046861979166668,153.439109375,2080.0,0.0,0.009180069,-9.81,0.0,0.0,0.0
29.67,29.649990000000003,30.02,29.52,29.7149975,9.805949175,0.3999939,0.0,0.009180069,0.0,1406.0,62.09,15.235720486111111,139.7100625,2081.28,0.0,0.009180069,-9.81,0.0,0.0,0.3999939
58.87,58.98,59.0,58.64,58.8725,19.427925000000002,-0.1999817,0.04997993,-0.01938009,16.29999,2166.0,78.64,15.055555555555557,144.554109375,2082.56,0.04997993,-0.01938009,-9.81,0.0,0.0,-0.1999817
28.53,28.64,28.45999,28.59,28.554997500000002,9.423149175,1.600006,-0.02958012,0.04997993,0.0,1135.0,61.69,13.297921006944442,224.29948437500002,2083.84,-0.02958012,0.04997993,-9.81,0.0,0.0,1.600006
102.39,102.55,102.22,102.09,102.3125,33.763125,1.700012,0.0,0.06936002,17.59998,2551.0,141.89,13.442499999999999,155.2149375,2085.12,0.0,0.06936002,-9.81,0.0,0.0,1.700012
57.51999,57.5,57.25,56.94,57.3024975,18.909824175,0.1000061,0.09995985,0.009180069,16.89996,2355.0,81.17,13.770421006944446,168.26240625,2086.4,0.09995985,0.009180069,-9.81,0.0,0.0,0.1000061
17.66,17.64999,17.75999,17.56,17.657495,5.82697335,-0.5,-0.009180069,-0.04997993,0.0,1181.0,61.74,13.87955295138889,165.53290625,2087.68,-0.009180069,-0.04997993,-9.81,0.0,0.0,-0.5
23.66,23.00999,23.62,22.93,23.3049975,7.690649175,-7.799988000000001,0.02957988,-0.13974,71.39996,1901.0,98.13,14.073333333333332,194.37485937500003,2088.96,0.02957988,-0.13974,-9.81,0.0,0.0,-7.799988000000001
33.12,32.95,32.91,32.69,32.9175,10.862775,-1.100006,-0.009180069,-0.009180069,26.89996,1442.0,96.75,15.66415798611111,248.57,2090.2400000000002,-0.009180069,-0.009180069,-9.81,0.0,0.0,-1.100006
51.00999,51.01999,51.11,50.8,50.984995,16.82504835,0.7000122,0.0,0.01937985,13.29999,1654.0,83.95,15.882122395833331,249.96534375000002,2091.52,0.0,0.01937985,-9.81,0.0,0.0,0.7000122
47.209990000000005,47.33,47.11,47.23,47.2199975,15.582599175,1.399994,-0.009180069,0.0397799,0.0,1480.0,60.49,15.652842881944444,251.40873437500002,2092.8,-0.009180069,0.0397799,-9.81,0.0,0.0,1.399994
93.22,93.17,93.11,92.86,93.09,30.719700000000003,1.200012,0.0,0.04997993,17.0,2311.0,127.53,16.7338671875,241.5736875,2094.08,0.0,0.04997993,-9.81,0.0,0.0,1.200012
56.349990000000005,56.41,56.33,56.39,56.3699975,18.602099175,0.6000061,-0.02958012,0.0,0.0,1731.0,60.13,16.17984809027778,151.901265625,2095.36,-0.02958012,0.0,-9.81,0.0,0.0,0.6000061
54.81999,54.81,54.72,54.58,54.732497499999994,18.061724175,0.5,0.01937985,0.0,0.0,1750.0,60.91,15.481354166666666,148.638875,2096.64,0.01937985,0.0,-9.81,0.0,0.0,0.5
49.78,49.78,49.959990000000005,49.59,49.7774975,16.426574175000002,-0.7999878,0.0397799,-0.06936002,19.79999,1655.0,77.71,8.36107204861111,160.363734375,2097.92,0.0397799,-0.06936002,-9.81,0.0,0.0,-0.7999878
54.06999,53.98,54.09,53.87999,54.004995,17.82164835,0.0,0.01937985,-0.01938009,0.0,1763.0,62.34,8.55158420138889,164.201546875,2099.2,0.01937985,-0.01938009,-9.81,0.0,0.0,0.0
56.19,56.209990000000005,56.25,56.19,56.2099975,18.549299175,0.3999939,0.0,0.009180069,0.0,1785.0,61.8,8.571267361111111,159.04590625000003,2100.48,0.0,0.009180069,-9.81,0.0,0.0,0.3999939
0.0,0.0,0.0,0.0,0.0,0.0,0.0,-0.04997993,0.0,0.0,785.0,101.36,8.210681423611112,164.94020312499998,2101.76,-0.04997993,0.0,-9.81,0.0,0.0,0.0
6.1100010000000005,6.099998,6.119994999999999,6.059998,6.097498,2.01217434,0.0,-0.09996009,-0.009180069,5.599976,1025.0,96.41,7.4045703125,159.91346875,2103.04,-0.09996009,-0.009180069,-9.81,0.0,0.0,0.0
0.0,0.0,0.0,0.0,0.0,0.0,0.0,-0.04997993,-0.009180069,0.0,779.0,101.4,7.349713541666667,160.467671875,2104.32,-0.04997993,-0.009180069,-9.81,0.0,0.0,0.0
0.0,0.0,0.0,0.0,0.0,0.0,0.0,-0.04997993,-0.009180069,0.0,792.0,101.46,8.247486979166666,142.1611875,2105.6,-0.04997993,-0.009180069,-9.81,0.0,0.0,0.0
0.0,0.0,0.0,0.0,0.0,0.0,0.0,-0.04997993,-0.009180069,0.0,791.0,101.49,8.193059895833333,138.25634374999998,2106.88,-0.04997993,-0.009180069,-9.81,0.0,0.0,0.0
55.12999,54.2,55.12,53.89,54.5849975,18.013049175000003,-9.699982,-0.02958012,-0.2397001,54.5,1767.0,96.96,7.651623263888888,147.35084375,2108.16,-0.02958012,-0.2397001,-9.81,0.0,0.0,-9.699982
14.36,15.2,14.34,15.13,14.7575,4.869975,9.0,-0.04997993,0.14994,0.0,1248.0,90.66,7.062925347222223,163.97784375,2109.44,-0.04997993,0.14994,-9.81,0.0,0.0,9.0
19.5,18.95,19.49,18.89999,19.2099975,6.339299175000001,-6.5,0.1897199,-0.04997993,0.0,1706.0,55.97,8.569756944444444,158.869890625,2110.7200000000003,0.1897199,-0.04997993,-9.81,0.0,0.0,-6.5
35.23999,35.55,35.179990000000004,35.37,35.334995,11.660548350000001,3.800018,0.0397799,0.06936002,0.0,1470.0,74.79,9.394448784722222,243.40821875,2112.0,0.0397799,0.06936002,-9.81,0.0,0.0,3.800018
57.37999,57.19,57.34,56.87,57.1949975,18.874349175,-2.100006,0.0,-0.02958012,26.59998,1985.0,98.71,9.293663194444445,237.20903125,2113.28,0.0,-0.02958012,-9.81,0.0,0.0,-2.100006
51.92999,51.75999,51.73999,51.59,51.7549925,17.079147525,-0.5,0.009180069,-0.03978014,0.0,2195.0,56.01,12.131158854166666,238.484375,2114.56,0.009180069,-0.03978014,-9.81,0.0,0.0,-0.5
49.03999,49.09,48.87999,48.89,48.97499500000001,16.161748350000003,0.8999939,0.0,0.009180069,0.0,1582.0,56.27,12.449539930555556,138.312703125,2115.84,0.0,0.009180069,-9.81,0.0,0.0,0.8999939
14.42,14.39999,14.53,14.45,14.449997499999998,4.768499175,-0.2999877999999999,0.0,-0.02958012,27.29999,1247.0,97.9,11.591636284722222,143.279875,2117.12,0.0,-0.02958012,-9.81,0.0,0.0,-0.2999877999999999
42.44,42.53,42.37999,42.5,42.4624975,14.012624175,1.100006,-0.03978014,0.0,0.0,1251.0,56.25,10.237829861111111,152.25798437499998,2118.4,-0.03978014,0.0,-9.81,0.0,0.0,1.100006
49.34,50.11,49.02,49.75,49.555,16.35315,9.399994,0.1193398999999999,0.2193,0.0,2838.0,104.16,9.653389756944446,235.088796875,2119.68,0.1193398999999999,0.2193,-9.81,0.0,0.0,9.399994
8.129997,8.139999000000001,8.059998,8.029999,8.08999825,2.6696994225000004,-0.1999817,0.07956004,-0.009180069,0.0,1237.0,56.02,10.401471354166667,255.121140625,2120.96,0.07956004,-0.009180069,-9.81,0.0,0.0,-0.1999817
26.61,26.59,26.399990000000003,26.38,26.4949975,8.743349175,0.0,0.06936002,0.0,0.0,1619.0,55.12,12.182699652777778,301.91285937500004,2122.2400000000002,0.06936002,0.0,-9.81,0.0,0.0,0.0
44.52,44.42999,44.53,44.31999,44.449994999999994,14.668498349999998,-0.1000061,-0.03978014,0.0,15.5,1295.0,76.14,11.490690104166667,281.15296875,2123.52,-0.03978014,0.0,-9.81,0.0,0.0,-0.1000061
38.5,38.39,38.78,38.709990000000005,38.594997500000005,12.736349175000003,0.8999939,-0.14994,0.009180069,10.39996,1161.0,76.37,11.291736111111112,240.78582812500002,2124.8,-0.14994,0.009180069,-9.81,0.0,0.0,0.8999939
1.099998,1.029999,1.079994,1.019997,1.0574970000000001,0.34897401000000006,0.6000061,0.0397799,-0.01938009,57.0,914.0,99.45,10.607999131944446,216.017515625,2126.08,0.0397799,-0.01938009,-9.81,0.0,0.0,0.6000061
38.14,38.12,37.95,37.95,38.04,12.5532,0.6000061,-0.01938009,0.0,0.0,1596.0,53.35,11.699487847222223,234.736640625,2127.36,-0.01938009,0.0,-9.81,0.0,0.0,0.6000061
0.0,0.0,0.0,0.0,0.0,0.0,0.8000183000000001,0.009180069,0.0,0.0,812.0,99.61,11.86556423611111,270.971375,2128.64,0.009180069,0.0,-9.81,0.0,0.0,0.8000183000000001
36.12,35.98,36.14,35.87999,36.0299975,11.889899175,-2.199982,-0.04997993,-0.03978014,0.0,1419.0,52.82,14.33515625,255.49492187500002,2129.92,-0.04997993,-0.03978014,-9.81,0.0,0.0,-2.199982
17.14999,17.00999,17.12,17.06,17.084995,5.63804835,-0.6000061,-0.09996009,0.01937985,0.0,1252.0,52.35,13.481783854166665,259.799890625,2131.2,-0.09996009,0.01937985,-9.81,0.0,0.0,-0.6000061
96.15999,96.15999,96.12999,95.67999,96.03249,31.6907217,0.0,0.0,0.0,21.0,2978.0,125.99,13.25,274.0068125,2132.48,0.0,0.0,-9.81,0.0,0.0,0.0
15.39999,15.56,15.54,15.53,15.5074975,5.117474175,0.8000183000000001,0.05915999,0.009180069,8.399963,1401.0,99.08,12.957309027777779,281.3035625,2133.76,0.05915999,0.009180069,-9.81,0.0,0.0,0.8000183000000001
0.0,0.0,0.0,0.0,0.0,0.0,-0.1000061,0.0,0.009180069,0.0,782.0,54.61,12.724058159722222,271.21515625000006,2135.04,0.0,0.009180069,-9.81,0.0,0.0,-0.1000061
72.41,72.34,72.59,72.01999,72.33999750000001,23.872199175000006,0.0,-0.04997993,0.0,14.39996,1763.0,74.75,12.822912326388888,270.91021875,2136.32,-0.04997993,0.0,-9.81,0.0,0.0,0.0
15.36,14.13,15.18,14.07,14.685,4.84605,-12.19998,0.06936002,0.0,111.1,1384.0,97.58,10.880572916666667,292.82828125000003,2137.6,0.06936002,0.0,-9.81,0.0,0.0,-12.19998
2.329994,2.339996,2.309998,2.339996,2.3299960000000004,0.7688986800000002,-0.1000061,-0.14994,-0.009180069,5.700012,956.0,73.33,8.009895833333333,290.38806250000005,2138.88,-0.14994,-0.009180069,-9.81,0.0,0.0,-0.1000061
22.04,22.05,21.93,21.93,21.987500000000004,7.255875000000001,0.3000183,-0.05915999,0.02957988,17.20001,1279.0,95.91,8.444344618055556,292.27728125,2140.16,-0.05915999,0.02957988,-9.81,0.0,0.0,0.3000183
7.099997999999999,6.829994,7.059997999999999,6.799995,6.9474962499999995,2.2926737624999998,-2.5,-0.06936002,-0.009180069,75.0,1155.0,96.06,7.270316840277777,295.75687500000004,2141.44,-0.06936002,-0.009180069,-9.81,0.0,0.0,-2.5
21.12,21.2,21.23,21.31,21.215,7.0009500000000005,1.0,0.02957988,0.009180069,12.0,1751.0,97.41,7.905347222222222,303.92475,2142.7200000000003,0.02957988,0.009180069,-9.81,0.0,0.0,1.0
92.59,92.47,92.45,92.28,92.44749999999999,30.507675,0.1000061,-0.009180069,0.0,20.89996,2295.0,176.12,9.230516493055557,300.426953125,2144.0,-0.009180069,0.0,-9.81,0.0,0.0,0.1000061
10.82,10.99,10.81,10.92,10.885000000000002,3.592050000000001,1.5,-0.13974,0.01937985,0.0,1257.0,97.62,9.851723090277778,309.789015625,2145.28,-0.13974,0.01937985,-9.81,0.0,0.0,1.5
87.98,87.98999,87.92999,87.62999,87.88249250000001,29.001222525000006,0.3000183,0.0397799,-0.009180069,20.89996,2895.0,184.4,11.32493923611111,296.24535937499996,2146.56,0.0397799,-0.009180069,-9.81,0.0,0.0,0.3000183
46.59,46.459990000000005,46.53999,46.44,46.507495000000006,15.347473350000003,-1.100006,-0.01938009,-0.01938009,0.0,1402.0,57.95,13.835703125000002,302.875359375,2147.84,-0.01938009,-0.01938009,-9.81,0.0,0.0,-1.100006
84.87,84.95999,84.78999,84.62,84.809995,27.987298350000003,1.800018,0.0397799,0.07956004,13.39996,2096.0,196.37,13.35455295138889,304.3509375,2149.12,0.0397799,0.07956004,-9.81,0.0,0.0,1.800018
42.599990000000005,42.64,42.23,42.31,42.4449975,14.006849175000001,0.2000122,0.1193398999999999,0.0,12.0,1779.0,72.88,14.579986979166666,296.624375,2150.4,0.1193398999999999,0.0,-9.81,0.0,0.0,0.2000122
17.16,17.23,17.09,17.14,17.155,5.661150000000001,0.8999939,-0.12954,-0.04997993,16.5,1251.0,96.56,14.126519097222221,294.62292187500003,2151.68,-0.12954,-0.04997993,-9.81,0.0,0.0,0.8999939
77.5,77.31,77.59,77.06,77.36500000000001,25.530450000000005,-1.5,-0.08976007,-0.02958012,24.89996,1892.0,197.03,14.548229166666667,294.1278125,2152.96,-0.08976007,-0.02958012,-9.81,0.0,0.0,-1.5
69.89,69.86,69.86,69.7,69.8275,23.043075,0.8000183000000001,-0.2295001,0.05915999,19.39996,1718.0,198.27,13.808780381944445,294.08387500000003,2154.2400000000002,-0.2295001,0.05915999,-9.81,0.0,0.0,0.8000183000000001
25.74,25.43,25.68,25.43999,25.572497499999997,8.438924175,-1.899994,-0.21012,0.0,31.39996,1286.0,200.34,10.681124131944443,293.8165,2155.52,-0.21012,0.0,-9.81,0.0,0.0,-1.899994
19.89,21.2,19.85,20.91,20.462500000000002,6.752625000000001,13.70001,0.1091398999999999,0.07956004,0.0,1868.0,96.33,9.063841145833333,266.712734375,2156.8,0.1091398999999999,0.07956004,-9.81,0.0,0.0,13.70001
29.129990000000003,29.06,28.95,29.03,29.0424975,9.584024175,0.7000122,0.0,-0.01938009,17.70001,1190.0,96.14,9.312335069444444,265.89687499999997,2158.08,0.0,-0.01938009,-9.81,0.0,0.0,0.7000122
27.34,27.3,27.25,27.32,27.302500000000002,9.009825000000001,2.0,-0.04997993,0.0,11.39996,1105.0,96.02,8.706032986111111,262.64471875,2159.36,-0.04997993,0.0,-9.81,0.0,0.0,2.0
14.95,15.57,14.97,15.55,15.260000000000002,5.035800000000001,6.5,-0.02958012,0.05915999,0.0,1267.0,56.66,8.671414930555557,280.07582812500004,2160.64,-0.02958012,0.05915999,-9.81,0.0,0.0,6.5
39.31999,39.87999,39.23999,39.75,39.5474925,13.050672525,6.100006,-0.14994,0.12954,0.0,1137.0,70.26,8.662682291666666,272.38262499999996,2161.92,-0.14994,0.12954,-9.81,0.0,0.0,6.100006
35.03999,34.19,35.06,34.03999,34.582495,11.412223350000001,-9.100006,0.0,-0.08976007,52.5,1559.0,68.89,10.032374131944444,251.95346875,2163.2,0.0,-0.08976007,-9.81,0.0,0.0,-9.100006
41.87,41.84999000000001,42.03,41.66,41.8524975,13.811324175,-0.5,-0.009180069,-0.01938009,22.39996,1711.0,198.77,11.990091145833333,231.2150625,2164.48,-0.009180069,-0.01938009,-9.81,0.0,0.0,-0.5
17.89999,17.71999,17.91,17.82,17.837494999999997,5.8863733499999995,-0.7999878,-0.14994,-0.009180069,29.20001,1172.0,95.83,11.442651909722223,230.02501562499998,2165.76,-0.14994,-0.009180069,-9.81,0.0,0.0,-0.7999878
45.8,45.87,45.73,45.709990000000005,45.777497499999996,15.106574174999999,-0.1000061,-0.009180069,-0.009180069,0.0,1444.0,54.72,10.887135416666666,232.96896875,2167.04,-0.009180069,-0.009180069,-9.81,0.0,0.0,-0.1000061
43.8,43.87999,43.53999,43.66,43.719995000000004,14.427598350000002,1.300018,0.0397799,0.0,16.70001,1454.0,198.26,10.88728732638889,233.06098437500003,2168.32,0.0397799,0.0,-9.81,0.0,0.0,1.300018
36.03,36.06,36.03999,35.97,36.0249975,11.888249175,0.3999939,-0.03978014,-0.01938009,19.89996,1437.0,95.73,10.400468749999998,184.486609375,2169.6,-0.03978014,-0.01938009,-9.81,0.0,0.0,0.3999939
29.379990000000003,28.36,29.289990000000003,28.34,28.842495000000003,9.518023350000002,-9.600006,-0.07956004,-0.2193,80.39996,1141.0,95.62,7.929019097222222,184.66317187500002,2170.88,-0.07956004,-0.2193,-9.81,0.0,0.0,-9.600006
8.169998,8.110000999999999,8.110000999999999,8.07,8.114999999999998,2.6779499999999996,-0.1999817,0.12954,0.01937985,19.39996,1212.0,198.53,7.372491319444445,196.16582812500002,2172.16,0.12954,0.01937985,-9.81,0.0,0.0,-0.1999817
36.53999,37.33,36.37,37.17,36.8524975,12.161324175,9.200012,-0.2397001,0.1795198999999999,0.0,1189.0,72.87,6.9473654513888885,191.271125,2173.44,-0.2397001,0.1795198999999999,-9.81,0.0,0.0,9.200012
32.39,32.47,32.39999,32.349990000000005,32.402495,10.692823350000001,0.2000122,0.0,0.0,20.0,1407.0,96.65,6.313910590277779,189.35996874999998,2174.7200000000003,0.0,0.0,-9.81,0.0,0.0,0.2000122
21.02,21.56,20.93999,21.34,21.2149975,7.000949175,5.100006,0.02957988,0.09995985,0.0,1358.0,54.26,6.460217013888888,180.81896875,2176.0,0.02957988,0.09995985,-9.81,0.0,0.0,5.100006
32.569990000000004,32.05,32.42,31.87,32.2274975,10.635074175,-4.399994,0.04997993,-0.03978014,0.0,1400.0,53.92,7.407756076388889,194.9149375,2177.28,0.04997993,-0.03978014,-9.81,0.0,0.0,-4.399994
43.42999,44.61,43.05,44.19,43.8199975,14.460599175,14.300020000000002,0.06936002,0.36006,0.0,1832.0,72.03,7.269904513888888,190.74534375000002,2178.56,0.06936002,0.36006,-9.81,0.0,0.0,14.300020000000002
26.74,27.66,27.13,27.63,27.29,9.005700000000001,6.399994,0.009180069,0.1091398999999999,0.0,1663.0,53.7,8.479787326388887,198.861703125,2179.84,0.009180069,0.1091398999999999,-9.81,0.0,0.0,6.399994
40.77,40.98999,40.69,40.87,40.8299975,13.473899175,3.100006,0.13974,0.04997993,7.799988000000001,2338.0,95.86,11.776375868055556,178.95081249999998,2181.12,0.13974,0.04997993,-9.81,0.0,0.0,3.100006
10.75,10.81,10.68,10.72,10.74,3.5442,0.3999939,-0.1693201,-0.009180069,19.5,1256.0,95.26,11.022886284722222,108.29184375,2182.4,-0.1693201,-0.009180069,-9.81,0.0,0.0,0.3999939
76.31,76.47,76.31999,76.06999,76.292495,25.176523350000004,-0.2999877999999999,0.04997993,0.01937985,14.89996,1974.0,70.58,11.26111111111111,109.19875,2183.68,0.04997993,0.01937985,-9.81,0.0,0.0,-0.2999877999999999
27.1,26.50999,27.32999,26.67,26.902495,8.87782335,-8.299988,-0.08976007,-0.1795201,20.29999,1077.0,53.39,10.980533854166666,112.174328125,2184.96,-0.08976007,-0.1795201,-9.81,0.0,0.0,-8.299988
57.28,57.28999,57.11,56.92999,57.152495,18.86032335,0.0,0.01937985,0.0,21.59998,1830.0,189.56,11.719743923611112,114.61115625,2186.2400000000002,0.01937985,0.0,-9.81,0.0,0.0,0.0
61.09999000000001,61.23999,61.00999,61.0,61.0874925,20.158872525000003,1.5,-0.04997993,0.04997993,15.79999,1474.0,185.43,13.291783854166665,115.3625625,2187.52,-0.04997993,0.04997993,-9.81,0.0,0.0,1.5
33.14,32.959990000000005,33.00999,32.98,33.022495,10.89742335,-1.0,0.0,0.01937985,0.0,1403.0,54.2,12.323138020833333,115.0020625,2188.8,0.0,0.01937985,-9.81,0.0,0.0,-1.0
31.789990000000003,32.02,31.75,31.98,31.8849975,10.522049175000001,0.8999939,0.009180069,0.06936002,0.0,1381.0,54.34,12.067486979166665,117.893953125,2190.08,0.009180069,0.06936002,-9.81,0.0,0.0,0.8999939
0.0,0.0,0.0,0.0,0.0,0.0,0.0,0.0,-0.009180069,0.0,804.0,94.87,11.483498263888889,114.33029687500002,2191.36,0.0,-0.009180069,-9.81,0.0,0.0,0.0
32.5,32.599990000000005,32.25,32.23,32.3949975,10.690349175000001,2.100006,-0.02958012,0.009180069,0.0,1249.0,54.01,10.312317708333333,240.700359375,2192.64,-0.02958012,0.009180069,-9.81,0.0,0.0,2.100006
31.39,29.81,31.179990000000004,29.44,30.4549975,10.050149175000001,-18.19998,0.07956004,-0.2193,98.5,1773.0,94.99,11.379071180555556,261.330078125,2193.92,0.07956004,-0.2193,-9.81,0.0,0.0,-18.19998
28.91,28.66,28.73,28.66,28.74,9.4842,-0.7999878,0.0,-0.02958012,0.0,1177.0,53.83,13.662730034722223,255.63909375000003,2195.2000000000003,0.0,-0.02958012,-9.81,0.0,0.0,-0.7999878
28.039990000000003,28.09999,28.129990000000003,28.25,28.1299925,9.282897525000001,1.300018,0.0,0.01937985,0.0,1188.0,53.76,13.576718750000001,251.50740625,2196.48,0.0,0.01937985,-9.81,0.0,0.0,1.300018
46.78,46.39999,46.78999,46.25,46.554995000000005,15.363148350000003,-3.600006,-0.02958012,-0.03978014,31.0,1451.0,166.04,11.98734375,260.64321875,2197.76,-0.02958012,-0.03978014,-9.81,0.0,0.0,-3.600006
60.59,60.75999,60.58,60.42999,60.589995,19.99469835,1.200012,-0.2193,0.0397799,10.70001,1473.0,81.88,10.934822048611112,176.355140625,2199.04,-0.2193,0.0397799,-9.81,0.0,0.0,1.200012
42.28999,41.97,42.12999,41.78,42.042495,13.874023350000002,-2.399994,0.06936002,-0.009180069,28.89996,2662.0,154.52,9.936927083333334,186.58529687499998,2200.32,0.06936002,-0.009180069,-9.81,0.0,0.0,-2.399994
51.95999000000001,52.14,51.92,51.95,51.9924975,17.157524175,1.700012,-0.04997993,0.0397799,15.39996,1509.0,151.7,12.784848090277778,204.0299375,2201.6,-0.04997993,0.0397799,-9.81,0.0,0.0,1.700012
41.23999,41.17999,41.16,40.98999,41.142492499999996,13.577022524999999,-0.3999939,0.04997993,0.0,0.0,1699.0,54.58,12.780559895833333,201.288015625,2202.88,0.04997993,0.0,-9.81,0.0,0.0,-0.3999939
47.11,47.02,47.0,47.03,47.04,15.523200000000001,0.0,-0.02958012,0.009180069,0.0,1442.0,54.42,13.904019097222221,177.89637499999998,2204.16,-0.02958012,0.009180069,-9.81,0.0,0.0,0.0
52.08,52.08,52.01999,51.81999,51.999995,17.15999835,0.0,0.0,-0.02958012,22.39996,1663.0,101.49,12.774648437499998,181.95817187499998,2205.44,0.0,-0.02958012,-9.81,0.0,0.0,0.0
51.11,51.06999,51.09,50.92999,51.049995,16.84649835,0.0,0.009180069,-0.009180069,20.79999,1607.0,101.85,12.021215277777777,181.74325000000002,2206.7200000000003,0.009180069,-0.009180069,-9.81,0.0,0.0,0.0
47.69,47.64,47.64999,47.64999,47.657495,15.72697335,0.0,-0.03978014,-0.009180069,0.0,1428.0,54.93,10.943250868055555,179.67542187499998,2208.0,-0.03978014,-0.009180069,-9.81,0.0,0.0,0.0
10.32999,10.32,10.34,10.32,10.3274975,3.408074175,0.2000122,-0.2601001,-0.009180069,21.59998,1258.0,138.03,9.577152777777776,181.372046875,2209.28,-0.2601001,-0.009180069,-9.81,0.0,0.0,0.2000122
42.69,42.42,42.55,42.58,42.56,14.044800000000002,-1.299988,0.01937985,-0.01938009,0.0,1355.0,54.63,8.911510416666665,188.86181249999998,2210.56,0.01937985,-0.01938009,-9.81,0.0,0.0,-1.299988
55.03,55.01999,54.81,54.62,54.869997500000004,18.107099175000002,1.200012,0.06936002,0.02957988,10.29999,2217.0,79.37,8.620824652777777,190.637890625,2211.84,0.06936002,0.02957988,-9.81,0.0,0.0,1.200012
27.399990000000003,28.05,27.38,27.92,27.6874975,9.136874175,7.5,-0.01938009,0.09995985,0.0,1125.0,81.84,5.027881944444444,151.765453125,2213.12,-0.01938009,0.09995985,-9.81,0.0,0.0,7.5
33.94,32.39999,33.77,32.06,33.0424975,10.904024175000002,-17.29999,0.07956004,-0.2499001,90.09998,1420.0,82.62,8.789956597222222,204.16498437500002,2214.4,0.07956004,-0.2499001,-9.81,0.0,0.0,-17.29999
38.53999,38.58,38.5,38.52,38.5349975,12.716549175,1.700012,0.009180069,0.009180069,15.09998,1554.0,137.0,9.335885416666667,216.23440625,2215.68,0.009180069,0.009180069,-9.81,0.0,0.0,1.700012
57.51999,57.36,57.53,57.25,57.4149975,18.946949175,-1.100006,0.01937985,0.009180069,17.20001,2414.0,85.92,11.196011284722223,157.733515625,2216.96,0.01937985,0.009180069,-9.81,0.0,0.0,-1.100006
57.06999,56.86,56.98,56.73,56.909997499999996,18.780299175,-1.299988,-0.009180069,0.009180069,16.89996,1878.0,86.58,11.4969140625,170.24395312500002,2218.2400000000002,-0.009180069,0.009180069,-9.81,0.0,0.0,-1.299988
51.98999,52.17,52.12999,52.00999,52.07499249999999,17.184747525,0.2000122,-0.12954,0.0,20.59998,1579.0,132.02,11.004839409722223,197.765984375,2219.52,-0.12954,0.0,-9.81,0.0,0.0,0.2000122
32.569990000000004,33.17,32.53999,33.069990000000004,32.8374925,10.836372525000002,6.700011999999999,0.02957988,0.12954,0.0,1898.0,104.72,9.811753472222222,202.16815624999998,2220.8,0.02957988,0.12954,-9.81,0.0,0.0,6.700011999999999
24.14,24.66,24.14999,24.46999,24.354995,8.03714835,6.399994,-0.01938009,0.08976007,0.0,1344.0,90.88,9.677504340277777,191.36073437500002,2222.08,-0.01938009,0.08976007,-9.81,0.0,0.0,6.399994
26.50999,26.55,26.399990000000003,26.28,26.434995,8.723548350000002,0.0,0.14994,0.0,16.09998,2393.0,90.93,10.565785590277779,190.650765625,2223.36,0.14994,0.0,-9.81,0.0,0.0,0.0
61.31,61.45999000000001,61.22,61.34,61.3324975,20.239724175000003,2.100006,-0.01938009,0.02957988,13.5,1875.0,126.29,10.591775173611111,196.14446875000002,2224.64,-0.01938009,0.02957988,-9.81,0.0,0.0,2.100006
28.09,26.96,27.98,26.62,27.4125,9.046125000000002,-12.89999,0.04997993,-0.1091398999999999,76.5,1354.0,92.37,9.236783854166667,225.03168749999998,2225.92,0.04997993,-0.1091398999999999,-9.81,0.0,0.0,-12.89999
50.17999,50.2,50.099990000000005,49.98,50.114995,16.53794835,0.3000183,0.0397799,0.01937985,19.29999,1584.0,113.3,14.048780381944443,300.38078125000004,2227.2000000000003,0.0397799,0.01937985,-9.81,0.0,0.0,0.3000183
57.91,57.959990000000005,58.11,57.709990000000005,57.922495,19.11442335,-1.5,0.05915999,-0.009180069,18.79999,1850.0,95.4,14.056167534722222,308.328234375,2228.48,0.05915999,-0.009180069,-9.81,0.0,0.0,-1.5
57.09,57.099990000000005,57.08,56.959990000000005,57.057495,18.828973350000002,1.0,-0.02958012,0.04997993,12.29999,1724.0,95.86,13.248802083333334,306.88220312500005,2229.76,-0.02958012,0.04997993,-9.81,0.0,0.0,1.0
56.05,56.09,56.12999,55.8,56.017497500000005,18.485774175000003,0.6000061,0.0,0.0,13.29999,1730.0,98.47,13.094144965277778,210.558890625,2231.04,0.0,0.0,-9.81,0.0,0.0,0.6000061
56.50999,56.48,56.67999,56.5,56.542495,18.659023350000002,0.1000061,0.009180069,0.009180069,20.09998,1774.0,118.71,13.230516493055553,204.28781250000003,2232.32,0.009180069,0.009180069,-9.81,0.0,0.0,0.1000061
53.64,53.62999,53.53,53.33,53.532497500000005,17.665724175,1.700012,0.06936002,0.01937985,10.5,1802.0,102.53,10.603207465277777,270.16768750000006,2233.6,0.06936002,0.01937985,-9.81,0.0,0.0,1.700012
50.83,50.81,50.81,50.50999,50.7399975,16.744199175000002,0.0,-0.02958012,0.0,13.89996,1508.0,103.81,11.798211805555557,313.67125,2234.88,-0.02958012,0.0,-9.81,0.0,0.0,0.0
50.39,50.31,50.28999,50.09,50.2699975,16.589099175,-0.1999817,0.0,-0.009180069,21.70001,1611.0,123.54,11.789739583333333,297.44773437500004,2236.16,0.0,-0.009180069,-9.81,0.0,0.0,-0.1999817
28.539990000000003,28.45999,28.56,28.41,28.492495,9.402523350000001,-0.6999816999999999,0.0,0.0397799,16.59998,1726.0,163.99,9.829266493055556,211.94984374999999,2237.44,0.0,0.0397799,-9.81,0.0,0.0,-0.6999816999999999
22.89,25.82999,23.18999,25.52,24.357494999999997,8.03797335,24.89999,-0.3100801,0.3896399,0.0,1010.0,160.86,8.014830729166667,231.629046875,2238.7200000000003,-0.3100801,0.3896399,-9.81,0.0,0.0,24.89999
51.36,51.26999,51.23999,51.23,51.274995,16.92074835,0.2000122,0.01937985,0.01937985,18.79999,1640.0,126.35,9.302018229166666,216.349859375,2240.0,0.01937985,0.01937985,-9.81,0.0,0.0,0.2000122
23.91,24.21,23.89,24.23,24.060000000000002,7.939800000000001,4.100006,0.1693199,0.0,0.0,2162.0,64.88,10.311336805555555,218.62259375000002,2241.28,0.1693199,0.0,-9.81,0.0,0.0,4.100006
25.86,25.81,25.85,25.71,25.807500000000005,8.516475000000002,-0.2999878,-0.01938009,-0.01938009,24.29999,1410.0,158.92,10.807790798611112,215.65087499999998,2242.56,-0.01938009,-0.01938009,-9.81,0.0,0.0,-0.2999878
34.64,34.73999,34.44,34.569990000000004,34.597494999999995,11.417173349999999,1.0,0.07956004,0.07956004,0.0,1982.0,64.06,11.529813368055557,211.87929687499997,2243.84,0.07956004,0.07956004,-9.81,0.0,0.0,1.0
30.47,30.45999,30.36,30.3,30.3974975,10.031174175,-0.3999939,0.1193398999999999,0.0,23.0,1845.0,155.72,12.023923611111112,207.844265625,2245.12,0.1193398999999999,0.0,-9.81,0.0,0.0,-0.3999939
49.39,49.22,49.36,49.00999,49.2449975,16.250849175,-1.199982,0.0,0.0,25.09998,1550.0,126.46,11.469700520833333,211.427203125,2246.4,0.0,0.0,-9.81,0.0,0.0,-1.199982
20.28,20.48,20.21,20.39999,20.3424975,6.713024175,2.800018,-0.02958012,0.009180069,0.2000122,1175.0,158.37,11.238155381944445,208.726296875,2247.68,-0.02958012,0.009180069,-9.81,0.0,0.0,2.800018
64.39,64.31,64.34,64.12,64.28999999999999,21.2157,-0.7999878,-0.03978014,0.01937985,19.29999,1901.0,104.33,8.252673611111112,208.284453125,2248.96,-0.03978014,0.01937985,-9.81,0.0,0.0,-0.7999878
14.7,14.64999,14.95,14.92,14.804997499999999,4.885649175,-0.1000061,0.12954,-0.009180069,19.0,1763.0,177.91,8.703693576388888,160.724609375,2250.2400000000002,0.12954,-0.009180069,-9.81,0.0,0.0,-0.1000061
0.0,0.0,0.0,0.0,0.0,0.0,-1.899994,-0.009180069,-0.009180069,412.8,870.0,59.09,8.196592881944444,164.5204375,2251.52,-0.009180069,-0.009180069,-9.81,0.0,0.0,-1.899994
34.41,34.48,34.33,34.349990000000005,34.3924975,11.349524174999999,0.5,0.1091398999999999,0.009180069,17.09998,1460.0,218.76,8.216506076388889,165.64353125000002,2252.8,0.1091398999999999,0.009180069,-9.81,0.0,0.0,0.5
32.23,32.31,32.03999,31.95,32.1324975,10.603724175,0.2000122,0.04997993,0.0,19.0,1420.0,213.08,6.9652300347222225,92.91717187500001,2254.08,0.04997993,0.0,-9.81,0.0,0.0,0.2000122
36.09999000000001,36.06,33.709990000000005,34.03999,34.97749250000001,11.542572525000004,-1.100006,-0.03978014,0.0,24.0,1749.0,203.82,11.376666666666667,111.54346875,2255.36,-0.03978014,0.0,-9.81,0.0,0.0,-1.100006
41.77,41.53999,42.03999,41.59,41.734995,13.77254835,-1.799988,-0.05915999,-0.03978014,26.0,1645.0,195.32,10.833554687500001,185.880140625,2256.64,-0.05915999,-0.03978014,-9.81,0.0,0.0,-1.799988
35.86,33.75,35.61,33.02,34.56,11.404800000000002,-25.19998,0.05915999,-0.3998401,123.8,1432.0,94.03,10.657296006944446,179.40759375,2257.92,0.05915999,-0.3998401,-9.81,0.0,0.0,-25.19998
41.12999,41.41,41.0,41.06999,41.152494999999995,13.580323349999999,3.0,0.1091398999999999,0.07956004,3.0,1728.0,93.96,10.820863715277778,169.20776562499998,2259.2000000000003,0.1091398999999999,0.07956004,-9.81,0.0,0.0,3.0
51.42999,51.48999,51.41,51.51999,51.462492499999996,16.982622525,1.600006,-0.009180069,0.02957988,15.09998,1507.0,121.6,10.383315972222222,160.082078125,2260.48,-0.009180069,0.02957988,-9.81,0.0,0.0,1.600006
38.14,38.25999,38.09999000000001,38.12,38.15499500000001,12.591148350000003,1.899994,-0.03978014,0.0397799,13.20001,1539.0,188.28,10.308554687500001,153.04853125,2261.76,-0.03978014,0.0397799,-9.81,0.0,0.0,1.899994
35.27,35.37999,35.31,35.12999,35.272495,11.63992335,-0.8999939,-0.3202801,-0.01938009,25.5,1066.0,179.31,13.331840277777777,229.92410937500003,2263.04,-0.3202801,-0.01938009,-9.81,0.0,0.0,-0.8999939
42.709990000000005,42.78,42.47,42.66,42.6549975,14.076149175000001,1.0,-0.009180069,0.02957988,0.0,1366.0,56.67,12.434596354166667,246.4198125,2264.32,-0.009180069,0.02957988,-9.81,0.0,0.0,1.0
65.56,65.56999,65.62999,65.34,65.52499500000002,21.623248350000008,1.0,0.0397799,0.009180069,12.39996,2029.0,105.61,11.085507812500001,318.776296875,2265.6,0.0397799,0.009180069,-9.81,0.0,0.0,1.0
23.13,23.32,23.04,23.24,23.1825,7.650225000000001,2.700012,-0.03978014,0.0397799,1.599976,1273.0,162.64,10.587947048611111,245.62404687499998,2266.88,-0.03978014,0.0397799,-9.81,0.0,0.0,2.700012
65.48999,65.55,65.55,65.20999,65.449995,21.59849835,1.200012,0.0,0.02957988,11.09998,1705.0,107.01,11.208671875,245.253578125,2268.16,0.0,0.02957988,-9.81,0.0,0.0,1.200012
30.86,30.84999,30.81999,30.86,30.847495,10.17967335,0.3000183,-0.02958012,-0.03978014,22.39996,1227.0,155.56,11.077465277777778,334.49043750000004,2269.44,-0.02958012,-0.03978014,-9.81,0.0,0.0,0.3000183
27.64,27.82999,27.68,27.82,27.7424975,9.155024175,1.700012,-0.02958012,0.0,14.09998,1116.0,155.32,10.3698828125,333.96265625,2270.7200000000003,-0.02958012,0.0,-9.81,0.0,0.0,1.700012
9.409996,9.220001,9.32,9.110001,9.2649995,3.0574498350000003,-1.5,0.06936002,-0.03978014,45.89996,1398.0,116.51,9.411137152777776,246.571921875,2272.0,0.06936002,-0.03978014,-9.81,0.0,0.0,-1.5
45.55,45.44,45.48999,45.44,45.479997499999996,15.008399175,0.0,0.0,0.0,0.0,1447.0,55.72,8.964288194444446,248.484484375,2273.28,0.0,0.0,-9.81,0.0,0.0,0.0
43.81,43.7,43.91,43.83,43.8125,14.458125,-0.6000061,-0.02958012,-0.01938009,0.0,1310.0,55.58,9.622469618055554,312.55192187499995,2274.56,-0.02958012,-0.01938009,-9.81,0.0,0.0,-0.6000061
43.12999,43.14,42.98,43.05,43.074997499999995,14.214749175,0.8000183000000001,0.0397799,0.01937985,0.0,1426.0,55.42,9.085473090277777,331.91975,2275.84,0.0397799,0.01937985,-9.81,0.0,0.0,0.8000183000000001
16.25,16.25999,16.09,16.1,16.174997500000003,5.337749175000002,0.1000061,-0.13974,0.0,20.70001,1205.0,118.56,6.316436631944444,257.47231250000004,2277.12,-0.13974,0.0,-9.81,0.0,0.0,0.1000061
43.5,43.349990000000005,43.39,43.22,43.3649975,14.310449175,-0.5,-0.01938009,-0.009180069,0.0,1362.0,57.22,7.743780381944445,182.43451562500002,2278.4,-0.01938009,-0.009180069,-9.81,0.0,0.0,-0.5
0.0,0.0,0.0,0.0,0.0,0.0,0.1000061,0.0397799,-0.009180069,17.0,785.0,119.02,7.182191840277778,182.830015625,2279.68,0.0397799,-0.009180069,-9.81,0.0,0.0,0.1000061
0.0,0.0,0.0,0.0,0.0,0.0,0.0,0.0397799,-0.009180069,17.0,809.0,119.06,8.147287326388888,180.861265625,2280.96,0.0397799,-0.009180069,-9.81,0.0,0.0,0.0
0.0,0.0,0.0,0.0,0.0,0.0,0.0,0.0397799,-0.009180069,17.0,799.0,119.07,8.156792534722221,181.265765625,2282.2400000000002,0.0397799,-0.009180069,-9.81,0.0,0.0,0.0
67.64,67.42,67.64999,67.23999,67.487495,22.27087335,-2.299988,-0.01938009,-0.02958012,20.29999,2078.0,106.29,6.567513020833333,182.313546875,2283.52,-0.01938009,-0.02958012,-9.81,0.0,0.0,-2.299988
0.0,0.0,0.0,0.0,0.0,0.0,0.0,0.0397799,-0.009180069,17.0,784.0,118.42,7.898211805555555,183.083203125,2284.8,0.0397799,-0.009180069,-9.81,0.0,0.0,0.0
72.89999,72.91,73.01999,72.58,72.852495,24.041323350000003,0.2000122,0.0,-0.01938009,14.79999,1794.0,103.11,10.232864583333333,205.04828125,2286.08,0.0,-0.01938009,-9.81,0.0,0.0,0.2000122
0.0,0.0,0.0,0.0,0.0,0.0,-0.1000061,0.01937985,0.009180069,12.20001,788.0,120.2,9.877443576388888,176.1554375,2287.36,0.01937985,0.009180069,-9.81,0.0,0.0,-0.1000061
74.23,74.33,74.45999,74.33,74.3374975,24.531374175,0.8999939,-0.01938009,0.0,13.0,1849.0,101.81,9.584249131944444,216.013078125,2288.64,-0.01938009,0.0,-9.81,0.0,0.0,0.8999939
27.18,27.21,27.35,27.18,27.230000000000004,8.9859,-0.1999817,-0.03978014,0.0,21.59998,1408.0,137.95,11.27265625,200.365953125,2289.92,-0.03978014,0.0,-9.81,0.0,0.0,-0.1999817
37.87,38.7,37.81999,38.50999,38.22499499999999,12.614248349999999,8.700012,0.1091398999999999,0.16014,0.0,1624.0,67.24,9.562925347222222,184.86251562500001,2291.2000000000003,0.1091398999999999,0.16014,-9.81,0.0,0.0,8.700012
31.70999,31.629990000000003,31.72,31.61,31.667495,10.45027335,-0.1000061,-0.06936002,-0.03978014,22.79999,1249.0,121.82,9.286484375,184.23615625000002,2292.48,-0.06936002,-0.03978014,-9.81,0.0,0.0,-0.1000061
56.62,56.51999,56.8,56.62,56.6399975,18.691199175,0.0,-0.01938009,0.0,14.59998,1510.0,107.38,7.8068663194444445,182.08140625,2293.76,-0.01938009,0.0,-9.81,0.0,0.0,0.0
58.31999,58.34,58.2,57.97,58.207497499999995,19.208474175,0.3999939,0.05915999,0.0,13.89996,1888.0,107.55,7.648823784722222,180.283671875,2295.04,0.05915999,0.0,-9.81,0.0,0.0,0.3999939
27.18999,28.12,27.34,27.93999,27.647495,9.12367335,7.700011999999999,-0.1999198999999999,0.1897199,0.0,1248.0,107.86,5.845959201388888,180.34196874999998,2296.32,-0.1999198999999999,0.1897199,-9.81,0.0,0.0,7.700011999999999
17.439989999999998,17.32999,17.34,17.17,17.319995,5.71559835,-0.8999939,0.1897199,-0.03978014,29.29999,1542.0,124.66,5.474965277777778,176.90459375,2297.6,0.1897199,-0.03978014,-9.81,0.0,0.0,-0.8999939
19.59,19.5,19.5,19.41,19.5,6.4350000000000005,-0.1999817,0.12954,-0.01938009,23.89996,1818.0,124.77,5.574774305555556,174.513640625,2298.88,0.12954,-0.01938009,-9.81,0.0,0.0,-0.1999817
42.31999,41.53999,42.39,41.41,41.914995000000005,13.831948350000003,-9.5,0.04997993,-0.2295001,0.0,1738.0,75.71,5.978745659722222,179.228546875,2300.16,0.04997993,-0.2295001,-9.81,0.0,0.0,-9.5
10.97,9.729996,10.72,9.540001,10.23999925,3.3791997525000004,-14.0,0.01937985,-0.08976007,196.3,1038.0,108.83,6.161462673611111,196.55237499999998,2301.44,0.01937985,-0.08976007,-9.81,0.0,0.0,-14.0
35.459990000000005,35.5,35.42,35.33,35.4274975,11.691074175,-0.2999877999999999,0.1091398999999999,-0.03978014,23.0,2055.0,123.98,6.229253472222222,214.340390625,2302.7200000000003,0.1091398999999999,-0.03978014,-9.81,0.0,0.0,-0.2999877999999999
40.69,40.67,40.62,40.50999,40.622497499999994,13.405424174999998,0.0,0.06936002,-0.02958012,21.09998,1834.0,123.6,6.581336805555555,203.765625,2304.0,0.06936002,-0.02958012,-9.81,0.0,0.0,0.0
0.9000014999999999,0.8199996999999999,0.8099976,0.909996,0.8599986999999999,0.283799571,-0.2999878,0.0,0.0,70.89996,837.0,136.04,6.706922743055555,207.85346875,2305.28,0.0,0.0,-9.81,0.0,0.0,-0.2999878
3.2099990000000003,3.540001,3.159996,3.479996,3.347498,1.10467434,-3.699982,0.0,0.0,0.0,844.0,108.06,9.626232638888888,135.46973437499997,2306.56,0.0,0.0,-9.81,0.0,0.0,-3.699982
48.22,48.08,48.17999,47.94,48.104997499999996,15.874649175,-1.100006,-0.03978014,-0.01938009,0.0,1455.0,68.5,9.631944444444445,208.369875,2307.84,-0.03978014,-0.01938009,-9.81,0.0,0.0,-1.100006
42.28999,42.25999,42.14,42.03,42.179995000000005,13.919398350000002,-0.1000061,0.05915999,0.0,0.0,1765.0,73.58,13.382491319444444,208.904609375,2309.12,0.05915999,0.0,-9.81,0.0,0.0,-0.1000061
48.03,47.97,47.959990000000005,47.83,47.9474975,15.822674175,-0.3999939,0.01937985,-0.02958012,22.89996,1586.0,115.46,11.749592013888888,113.37334375,2310.4,0.01937985,-0.02958012,-9.81,0.0,0.0,-0.3999939
52.92999,52.92999,52.75,52.86,52.867495000000005,17.446273350000002,0.8000183000000001,0.04997993,0.009180069,0.0,1674.0,76.77,14.402174479166666,221.909859375,2311.68,0.04997993,0.009180069,-9.81,0.0,0.0,0.8000183000000001
11.8,11.75,11.52,11.68,11.6875,3.856875,0.5,-0.2397001,0.0,16.20001,1267.0,118.57,8.4363671875,207.77571875,2312.96,-0.2397001,0.0,-9.81,0.0,0.0,0.5
56.42999,56.53,56.28,56.14999,56.347495,18.59467335,0.0,0.01937985,0.0,0.0,1822.0,81.05,7.870577256944444,205.14828125,2314.2400000000002,0.01937985,0.0,-9.81,0.0,0.0,0.0
0.0,0.0,0.0,0.0,0.0,0.0,0.0,-0.04997993,-0.009180069,20.89996,783.0,133.74,9.448446180555557,190.89290624999998,2315.52,-0.04997993,-0.009180069,-9.81,0.0,0.0,0.0
0.0,0.0,0.0,0.0,0.0,0.0,0.0,-0.04997993,0.0,20.89996,788.0,133.56,9.405915798611112,191.381796875,2316.8,-0.04997993,0.0,-9.81,0.0,0.0,0.0
0.0,0.0,0.0,0.0,0.0,0.0,0.0,-0.04997993,-0.009180069,20.89996,783.0,133.3,7.949205729166667,191.536203125,2318.08,-0.04997993,-0.009180069,-9.81,0.0,0.0,0.0
55.23,55.34,54.92,54.89,55.095,18.181350000000002,0.8999939,0.1091398999999999,0.009180069,0.0,2238.0,81.5,8.03033420138889,191.27809374999998,2319.36,0.1091398999999999,0.009180069,-9.81,0.0,0.0,0.8999939
67.37999,67.37,67.12999,67.12,67.24999500000001,22.192498350000005,0.2000122,0.08976007,0.009180069,0.0,2722.0,87.01,9.61203125,191.5675,2320.64,0.08976007,0.009180069,-9.81,0.0,0.0,0.2000122
100.69,100.56,100.69,99.98999,100.4824975,33.159224175,-0.6000061,-0.06936002,0.0,0.0,2493.0,81.96,17.24189670138889,205.314453125,2321.92,-0.06936002,0.0,-9.81,0.0,0.0,-0.6000061
45.34,45.62999,45.75999,45.92999,45.664992500000004,15.069447525000003,2.399994,0.04997993,0.0397799,12.39996,1841.0,122.62,17.013324652777776,211.7493125,2323.2000000000003,0.04997993,0.0397799,-9.81,0.0,0.0,2.399994
69.83,69.66,69.81,69.64,69.735,23.01255,-0.2999877999999999,-0.04997993,0.0397799,0.0,1711.0,90.05,15.35880642361111,212.71896875,2324.48,-0.04997993,0.0397799,-9.81,0.0,0.0,-0.2999877999999999
48.41,48.36,48.31,48.17,48.3125,15.943125,0.6000061,0.05915999,0.0,18.5,1500.0,125.95,12.001571180555555,205.69568750000002,2325.76,0.05915999,0.0,-9.81,0.0,0.0,0.6000061
49.87999,49.91,49.69,49.87999,49.839994999999995,16.44719835,1.600006,0.0397799,0.01937985,15.09998,2019.0,126.56,10.535429687499999,177.646421875,2327.04,0.0397799,0.01937985,-9.81,0.0,0.0,1.600006
75.23999,75.17,75.20999,74.87,75.122495,24.79042335,-0.6000061,0.07956004,0.009180069,0.0,3090.0,81.61,11.856019965277778,37.670921875000005,2328.32,0.07956004,0.009180069,-9.81,0.0,0.0,-0.6000061
96.98999,96.81999,96.56,96.36,96.682495,31.905223350000004,1.100006,-0.04997993,0.04997993,0.0,2393.0,70.25,16.358480902777778,34.57484375,2329.6,-0.04997993,0.04997993,-9.81,0.0,0.0,1.100006
37.62999,37.55,37.52,37.349990000000005,37.512495,12.37912335,-0.6999816999999999,0.05915999,-0.009180069,23.70001,1591.0,123.08,20.97685329861111,202.40828125000002,2330.88,0.05915999,-0.009180069,-9.81,0.0,0.0,-0.6999816999999999
46.42,46.12999,46.209990000000005,45.95,46.17749500000001,15.238573350000003,-1.299988,-0.009180069,-0.009180069,25.89996,1693.0,122.18,15.261059027777778,195.51753125,2332.16,-0.009180069,-0.009180069,-9.81,0.0,0.0,-1.299988
52.41,52.28999,52.31,52.06999,52.269995,17.24909835,-0.2999877999999999,-0.009180069,0.0,22.0,1719.0,119.84,11.827942708333333,182.195546875,2333.44,-0.009180069,0.0,-9.81,0.0,0.0,-0.2999877999999999
33.45,33.05,33.36,32.89999,33.189997500000004,10.952699175000001,-3.899994,0.16014,-0.009180069,0.0,1922.0,61.68,12.098810763888888,50.797078125,2334.7200000000003,0.16014,-0.009180069,-9.81,0.0,0.0,-3.899994
43.03,42.599990000000005,43.14,42.78,42.8874975,14.152874175000001,-2.0,-0.12954,-0.01938009,28.39996,1296.0,114.24,12.261467013888888,56.362484375,2336.0,-0.12954,-0.01938009,-9.81,0.0,0.0,-2.0
10.18999,10.27,10.14999,10.23,10.209995,3.3692983499999998,0.8000183000000001,-0.05915999,-0.009180069,12.79999,1247.0,113.58,3.373736979166667,81.629171875,2337.28,-0.05915999,-0.009180069,-9.81,0.0,0.0,0.8000183000000001
10.18,10.17,10.25999,10.13,10.184997500000001,3.3610491750000007,-0.1000061,-0.26928,-0.009180069,0.0,1256.0,63.78,3.5486328125,51.634828125,2338.56,-0.26928,-0.009180069,-9.81,0.0,0.0,-0.1000061
0.0,0.0,0.0,0.0,0.0,0.0,0.0,-0.02958012,0.0,0.0,791.0,63.71,0.2488628472222222,75.593546875,2339.84,-0.02958012,0.0,-9.81,0.0,0.0,0.0
0.0,0.0,0.0,0.0,0.0,0.0,0.0,-0.009180069,0.02957988,90.0,787.0,111.23,0.014596354166666662,75.26599999999999,2341.12,-0.009180069,0.02957988,-9.81,0.0,0.0,0.0
0.0,0.0,0.0,0.0,0.0,0.0,0.0,-0.009180069,0.01937985,90.0,793.0,111.29,0.015256076388888883,77.2695,2342.4,-0.009180069,0.01937985,-9.81,0.0,0.0,0.0
0.0,0.0,0.0,0.0,0.0,0.0,0.0,-0.02958012,-0.009180069,0.0,777.0,63.24,0.014370659722222217,75.26599999999999,2343.68,-0.02958012,-0.009180069,-9.81,0.0,0.0,0.0
0.0,0.0,0.0,0.0,0.0,0.0,0.0,-0.009180069,0.01937985,90.0,793.0,111.4,0.7856293402777776,76.22142187499999,2344.96,-0.009180069,0.01937985,-9.81,0.0,0.0,0.0
0.0,0.0,0.0,0.0,0.0,0.0,-0.1999817,-0.009180069,0.02957988,90.0,793.0,111.47,0.3343446180555556,76.30349999999999,2346.2400000000002,-0.009180069,0.02957988,-9.81,0.0,0.0,-0.1999817
32.679990000000004,34.12999,32.64,34.02,33.367495,11.01127335,16.0,0.06936002,0.2396998,0.0,1470.0,110.9,5.4335763888888895,53.8070625,2347.52,0.06936002,0.2396998,-9.81,0.0,0.0,16.0
31.64,29.789990000000003,31.62,29.48,30.632497500000003,10.108724175,-21.5,-0.01938009,-0.3202801,127.9,1340.0,109.58,4.617326388888889,55.267171875,2348.8,-0.01938009,-0.3202801,-9.81,0.0,0.0,-21.5
38.75,38.86,38.87999,38.8,38.8224975,12.811424174999999,0.3999939,0.08976007,0.009180069,18.39996,1650.0,108.53,6.1098046875000005,59.4331875,2350.08,0.08976007,0.009180069,-9.81,0.0,0.0,0.3999939
56.59,56.599990000000005,56.66,56.459990000000005,56.577495,18.67057335,0.0,0.0,-0.009180069,20.70001,1732.0,105.33,10.842803819444445,53.312078125,2351.36,0.0,-0.009180069,-9.81,0.0,0.0,0.0
29.679990000000004,29.66,29.64,29.679990000000004,29.664995,9.78944835,0.3000183,-0.01938009,0.0,0.0,1136.0,61.52,9.364027777777778,38.37853125,2352.64,-0.01938009,0.0,-9.81,0.0,0.0,0.3000183
33.73999,33.73,33.58,33.42,33.6174975,11.093774175,1.200012,-0.28968,0.01937985,15.89996,1030.0,103.81,2.934574652777778,37.483875,2353.92,-0.28968,0.01937985,-9.81,0.0,0.0,1.200012
13.62,14.2,13.66,14.21,13.922500000000001,4.594425,5.899994,0.0,0.06936002,0.0,1197.0,61.55,5.947934027777778,30.0979375,2355.2000000000003,0.0,0.06936002,-9.81,0.0,0.0,5.899994
28.72,26.73,28.45999,26.35,27.564997500000004,9.096449175000002,-21.60001,-0.01938009,-0.29988,139.1,1636.0,104.17,7.487465277777778,69.620015625,2356.48,-0.01938009,-0.29988,-9.81,0.0,0.0,-21.60001
43.25999,43.37999,43.19,43.14,43.242495000000005,14.270023350000002,0.7000122,-0.02958012,0.0,0.0,1315.0,62.42,11.922170138888887,40.91615625,2357.76,-0.02958012,0.0,-9.81,0.0,0.0,0.7000122
46.64,46.56999,46.56999,46.47,46.562495,15.36562335,-0.1999817,0.0,-0.009180069,0.0,2010.0,62.36,12.506970486111111,40.0230625,2359.04,0.0,-0.009180069,-9.81,0.0,0.0,-0.1999817
42.50999,42.55,42.48999,42.52,42.517495000000004,14.030773350000002,1.0,-0.01938009,0.0,16.59998,1287.0,108.11,10.944548611111111,39.9415625,2360.32,-0.01938009,0.0,-9.81,0.0,0.0,1.0
33.2,33.44,33.19,33.319990000000004,33.2874975,10.984874175,1.600006,-0.09996009,0.0,14.5,1344.0,108.26,9.955798611111113,38.255015625,2361.6,-0.09996009,0.0,-9.81,0.0,0.0,1.600006
7.019997,7.0,7.019997,7.009995,7.01249725,2.3141240925,0.0,-0.05915999,-0.009180069,19.89996,1068.0,108.52,5.698619791666666,35.88734375,2362.88,-0.05915999,-0.009180069,-9.81,0.0,0.0,0.0
42.22,42.23999,42.28,42.17999,42.229995,13.935898350000002,0.6000061,0.0397799,0.0,0.0,1775.0,61.91,5.761510416666667,36.07765625,2364.16,0.0397799,0.0,-9.81,0.0,0.0,0.6000061
14.75999,14.74,14.68999,14.66,14.712495,4.85512335,0.1000061,-0.01938009,-0.009180069,0.0,1256.0,61.62,5.223077256944444,32.724765624999996,2365.44,-0.01938009,-0.009180069,-9.81,0.0,0.0,0.1000061
22.48,22.46999,22.36,22.39999,22.427495,7.401073350000001,0.0,-0.01938009,-0.03978014,21.59998,1258.0,108.19,5.897330729166667,34.02146875,2366.7200000000003,-0.01938009,-0.03978014,-9.81,0.0,0.0,0.0
30.50999,30.39,30.56,30.5,30.4899975,10.061699175000001,-0.5,0.0,0.0,23.20001,1246.0,106.77,9.23025607638889,208.875015625,2368.0,0.0,0.0,-9.81,0.0,0.0,-0.5
40.78999,40.69,40.709990000000005,40.709990000000005,40.7249925,13.439247525,0.1000061,-0.01938009,-0.009180069,20.5,1634.0,102.42,16.12322048611111,153.06790625,2369.28,-0.01938009,-0.009180069,-9.81,0.0,0.0,0.1000061
40.66,40.67999,40.709990000000005,40.44,40.622495,13.405423350000001,-1.100006,-0.02958012,-0.06936002,25.5,1614.0,99.45,15.137265625,152.889984375,2370.56,-0.02958012,-0.06936002,-9.81,0.0,0.0,-1.100006
33.429990000000004,33.819990000000004,33.39,33.44,33.519995,11.06159835,1.399994,-0.1091398999999999,0.01937985,13.20001,1305.0,94.72,13.731944444444444,145.65734375,2371.84,-0.1091398999999999,0.01937985,-9.81,0.0,0.0,1.399994
0.0,0.0,0.0,0.0,0.0,0.0,0.0,-0.01938009,-0.009180069,10.20001,794.0,96.16,9.226597222222221,156.96390625,2373.12,-0.01938009,-0.009180069,-9.81,0.0,0.0,0.0
0.0,0.0,0.0,0.0,0.0,0.0,-0.1000061,-0.01938009,-0.009180069,10.20001,782.0,96.63,9.587317708333334,164.821734375,2374.4,-0.01938009,-0.009180069,-9.81,0.0,0.0,-0.1000061
0.0,0.0,0.0,0.0,0.0,0.0,0.0,-0.01938009,-0.009180069,10.20001,787.0,96.73,9.129114583333333,160.62165625,2375.68,-0.01938009,-0.009180069,-9.81,0.0,0.0,0.0
54.53,54.3,54.47,54.11,54.352500000000006,17.936325000000004,-1.299988,-0.04997993,0.02957988,0.0,1516.0,71.11,9.599596354166666,176.893125,2376.96,-0.04997993,0.02957988,-9.81,0.0,0.0,-1.299988
22.52,22.71,22.64,22.68999,22.6399975,7.471199175000001,1.399994,0.08976007,0.02957988,9.799988,2097.0,97.76,9.970855034722224,173.19354687499998,2378.2400000000002,0.08976007,0.02957988,-9.81,0.0,0.0,1.399994
30.69,30.66,30.73999,30.66,30.6874975,10.126874175000001,-0.1000061,-0.1091398999999999,0.0,22.09998,1202.0,90.93,10.271692708333333,180.13404687500002,2379.52,-0.1091398999999999,0.0,-9.81,0.0,0.0,-0.1000061
51.19,51.14999,50.92,50.92999,51.047495000000005,16.845673350000002,0.1000061,0.12954,0.0,0.0,2134.0,70.86,10.564401041666667,152.10178125,2380.8,0.12954,0.0,-9.81,0.0,0.0,0.1000061
34.87,34.89999,34.83,34.81,34.8524975,11.501324175,0.5,0.0,0.009180069,17.29999,1475.0,90.0,9.490464409722222,121.006265625,2382.08,0.0,0.009180069,-9.81,0.0,0.0,0.5
31.879990000000003,31.789990000000003,32.09,31.70999,31.867492500000004,10.516272525000002,-3.5,-0.02958012,-0.06936002,37.79999,1257.0,88.81,10.936215277777777,189.252234375,2383.36,-0.02958012,-0.06936002,-9.81,0.0,0.0,-3.5
40.19,40.23999,40.14,40.25,40.204997500000005,13.267649175000003,0.8999939,0.09995985,-0.01938009,16.5,2277.0,89.28,13.244309895833332,149.09282812499998,2384.64,0.09995985,-0.01938009,-9.81,0.0,0.0,0.8999939
108.1,107.85,108.0,107.27,107.80499999999999,35.575649999999996,-1.699982,0.0,-0.01938009,0.0,2690.0,75.45,15.178988715277779,206.66003124999997,2385.92,0.0,-0.01938009,-9.81,0.0,0.0,-1.699982
109.48,109.22,109.43,108.74,109.2175,36.041775,-2.0,0.01937985,-0.03978014,0.0,2710.0,74.93,15.1435546875,208.72003124999998,2387.2000000000003,0.01937985,-0.03978014,-9.81,0.0,0.0,-2.0
95.84999,95.78,95.75999,95.31999,95.67749250000001,31.573572525000007,0.8000183000000001,0.02957988,0.009180069,0.0,2794.0,76.93,14.6187890625,203.186265625,2388.48,0.02957988,0.009180069,-9.81,0.0,0.0,0.8000183000000001
40.3,40.55,40.25,40.44,40.385,13.32705,2.200012,0.0397799,0.05915999,9.5,1638.0,93.11,20.328446180555556,189.4435,2389.76,0.0397799,0.05915999,-9.81,0.0,0.0,2.200012
98.94,98.89,98.92,98.48,98.8075,32.606475,0.2000122,0.0,0.0,0.0,2450.0,79.04,13.726636284722222,172.88390625,2391.04,0.0,0.0,-9.81,0.0,0.0,0.2000122
0.0,0.0,0.0,0.0,0.0,0.0,0.0,0.0,-0.01938009,15.0,792.0,94.46,12.998719618055556,173.13593749999998,2392.32,0.0,-0.01938009,-9.81,0.0,0.0,0.0
90.51999,90.59999,90.3,89.97,90.34749500000001,29.814673350000003,-0.2999877999999999,-0.05915999,-0.01938009,0.0,2186.0,78.3,12.127456597222222,169.774984375,2393.6,-0.05915999,-0.01938009,-9.81,0.0,0.0,-0.2999877999999999
0.0,0.0,0.0,0.0,0.0,0.0,-0.1999817,-0.009180069,-0.01938009,0.0,757.0,93.77,9.913003472222222,170.478953125,2394.88,-0.009180069,-0.01938009,-9.81,0.0,0.0,-0.1999817
45.8,45.11,45.73999,44.87,45.3799975,14.975399175000002,-6.899994,-0.03978014,-0.1693201,0.0,1370.0,76.78,5.962530381944445,164.11626562499998,2396.16,-0.03978014,-0.1693201,-9.81,0.0,0.0,-6.899994
62.39,62.50999,62.17,62.25,62.329997500000005,20.568899175000002,2.300018,0.12954,0.05915999,0.0,2513.0,76.26,9.611059027777777,189.379671875,2397.44,0.12954,0.05915999,-9.81,0.0,0.0,2.300018
84.00999,83.94,83.86,83.51999,83.83249500000001,27.664723350000003,-1.100006,0.09995985,0.01937985,0.0,3469.0,76.97,13.41771701388889,187.816109375,2398.7200000000003,0.09995985,0.01937985,-9.81,0.0,0.0,-1.100006
91.0,91.03,90.8,90.51999,90.8374975,29.976374175,0.1000061,0.06936002,0.05915999,0.0,2781.0,77.31,13.263854166666667,188.72178125,2400.0,0.06936002,0.05915999,-9.81,0.0,0.0,0.1000061
0.0,0.0,0.0,0.0,0.0,0.0,0.1000061,0.0,-0.009180069,9.099976,885.0,92.97,13.043780381944442,191.078390625,2401.28,0.0,-0.009180069,-9.81,0.0,0.0,0.1000061
6.6599960000000005,6.790000999999999,6.759995,6.769997,6.74499725,2.2258490925000003,0.8000183000000001,-0.05915999,0.0,0.0,1043.0,92.48,12.767630208333333,192.44525,2402.56,-0.05915999,0.0,-9.81,0.0,0.0,0.8000183000000001
86.61,86.58,86.67,86.14,86.5,28.545,0.0,0.009180069,-0.009180069,0.0,2157.0,79.79,12.113667534722222,189.5886875,2403.84,0.009180069,-0.009180069,-9.81,0.0,0.0,0.0
34.89,34.23,34.73,34.02,34.4675,11.374275,-7.299988000000001,0.08976007,-0.07956004,48.39996,1457.0,89.38,13.118446180555555,146.46498437500003,2405.12,0.08976007,-0.07956004,-9.81,0.0,0.0,-7.299988000000001
42.02,41.709990000000005,41.89999,41.67999,41.827492500000005,13.803072525000003,-2.199982,0.01937985,-0.02958012,27.20001,1815.0,91.3,18.89915798611111,224.273953125,2406.4,0.01937985,-0.02958012,-9.81,0.0,0.0,-2.199982
27.87,28.48,27.66,28.98,28.247500000000002,9.321675,14.5,-0.01938009,0.2295001,0.0,1907.0,83.85,8.816202256944443,180.88828125,2407.68,-0.01938009,0.2295001,-9.81,0.0,0.0,14.5
9.369995,9.339996,9.479996,9.43,9.404996749999999,3.1036489274999997,0.1000061,-0.03978014,-0.02958012,20.5,1321.0,93.82,6.710260416666667,143.72909375,2408.96,-0.03978014,-0.02958012,-9.81,0.0,0.0,0.1000061
6.079994,6.07,6.049995,6.049995,6.062495999999999,2.00062368,0.0,0.0,-0.01938009,20.09998,1016.0,92.65,8.176245659722223,109.614171875,2410.2400000000002,0.0,-0.01938009,-9.81,0.0,0.0,0.0
9.059998,9.049995,8.970001,9.0,9.0199985,2.9765995050000003,-0.1000061,0.05915999,-0.009180069,21.5,1406.0,92.75,6.701814236111112,113.01778125,2411.52,0.05915999,-0.009180069,-9.81,0.0,0.0,-0.1000061
5.720001,5.709999,5.779999,5.779999,5.7474995,1.896674835,-0.1000061,0.07956004,-0.01938009,22.70001,951.0,94.59,5.051558159722222,116.13309374999999,2412.8,0.07956004,-0.01938009,-9.81,0.0,0.0,-0.1000061
6.290001,6.290001,6.309998,6.279999,6.29249975,2.0765249175,0.0,0.02957988,-0.009180069,20.59998,1060.0,113.11,7.461362847222222,87.1673125,2414.08,0.02957988,-0.009180069,-9.81,0.0,0.0,0.0
74.45,74.41,74.37999,74.25,74.37249750000001,24.542924175000003,1.5,-0.27948,0.009180069,0.0,2970.0,100.33,9.369045138888888,75.7669375,2415.36,-0.27948,0.009180069,-9.81,0.0,0.0,1.5
58.05,58.37,57.98999,58.01999,58.107495,19.17547335,2.300018,0.0,0.06936002,0.0,1902.0,100.11,8.132348090277778,73.91121875,2416.64,0.0,0.06936002,-9.81,0.0,0.0,2.300018
61.03999,60.97,60.87,60.58,60.8649975,20.085449175,0.0,0.06936002,-0.02958012,0.0,1953.0,102.76,8.901566840277777,73.30228125000001,2417.92,0.06936002,-0.02958012,-9.81,0.0,0.0,0.0
0.0,0.0,0.0,0.0,0.0,0.0,-0.1000061,0.0,-0.01938009,17.29999,791.0,104.4,12.76552951388889,74.60067187499999,2419.2000000000003,0.0,-0.01938009,-9.81,0.0,0.0,-0.1000061
31.58,31.52,31.61,31.50999,31.5549975,10.413149175000001,-0.2999877999999999,0.04997993,-0.01938009,22.70001,1815.0,102.52,15.363068576388889,110.5809375,2420.48,0.04997993,-0.01938009,-9.81,0.0,0.0,-0.2999877999999999
25.3,25.46999,25.36,25.5,25.407497499999998,8.384474175,3.100006,-0.08976007,0.0397799,0.0,1038.0,102.04,14.991749131944443,100.59871874999999,2421.76,-0.08976007,0.0397799,-9.81,0.0,0.0,3.100006
31.95,31.98,31.97,31.929990000000004,31.957497500000002,10.545974175000001,0.3000183,0.009180069,-0.01938009,18.89996,1398.0,100.69,14.880429687500001,56.81215625,2423.04,0.009180069,-0.01938009,-9.81,0.0,0.0,0.3000183
29.03,28.899990000000003,29.06,28.98,28.992497500000002,9.567524175,0.0,-0.02958012,-0.01938009,22.29999,1170.0,100.67,14.311197916666666,205.279015625,2424.32,-0.02958012,-0.01938009,-9.81,0.0,0.0,0.0
19.46,19.38,19.55,19.3,19.4225,6.409425,-0.8999939,-0.14994,-0.04997993,30.29999,1181.0,100.67,11.049019097222223,199.34732812500005,2425.6,-0.14994,-0.04997993,-9.81,0.0,0.0,-0.8999939
29.59,29.7,30.20999,29.53,29.7574975,9.819974175,0.3999939,0.0397799,-0.08976007,20.20001,2462.0,96.84,15.249357638888888,254.724203125,2426.88,0.0397799,-0.08976007,-9.81,0.0,0.0,0.3999939
85.97,85.97,85.8,85.69,85.8575,28.332975,-0.2999877999999999,0.06936002,0.01937985,0.0,2640.0,130.48,13.046093749999999,253.34889062500002,2428.16,0.06936002,0.01937985,-9.81,0.0,0.0,-0.2999877999999999
87.67,87.36,87.47,86.87999,87.3449975,28.823849175000003,-1.299988,0.009180069,-0.04997993,0.0,2265.0,131.41,13.385885416666666,248.30134375,2429.44,0.009180069,-0.04997993,-9.81,0.0,0.0,-1.299988
11.18,13.8,10.27,13.03,12.07,3.9831000000000003,30.30002,0.05915999,0.06936002,0.0,1776.0,98.21,14.198194444444443,212.284515625,2430.7200000000003,0.05915999,0.06936002,-9.81,0.0,0.0,30.30002
42.8,42.849990000000005,42.67999,42.66,42.747495,14.106673350000001,0.1000061,0.0,0.0,19.29999,1731.0,97.21,16.191236979166668,206.36559375000002,2432.0,0.0,0.0,-9.81,0.0,0.0,0.1000061
41.72,41.62,41.62,41.7,41.665000000000006,13.749450000000003,-0.3999939,0.0,0.0,21.29999,1683.0,96.98,15.885655381944444,204.491578125,2433.28,0.0,0.0,-9.81,0.0,0.0,-0.3999939
81.44,81.19,81.25,80.69,81.1425,26.777025000000002,-2.0,0.02957988,-0.08976007,0.0,2014.0,131.23,12.883619791666668,203.323875,2434.56,0.02957988,-0.08976007,-9.81,0.0,0.0,-2.0
21.88,21.35,21.84,21.35,21.605000000000004,7.129650000000002,-4.600006,-0.1795201,-0.03978014,46.70001,1231.0,95.6,12.230985243055555,187.35810937500003,2435.84,-0.1795201,-0.03978014,-9.81,0.0,0.0,-4.600006
32.44,31.179990000000004,32.48999,31.2,31.827495000000003,10.503073350000001,-12.89999,-0.05915999,-0.1795201,85.5,1263.0,95.35,12.468420138888888,55.844984375,2437.12,-0.05915999,-0.1795201,-9.81,0.0,0.0,-12.89999
57.67999,57.75999,57.50999,57.56,57.6274925,19.017072525000003,1.100006,0.04997993,-0.01938009,0.0,1841.0,128.25,12.24837673611111,17.51915625,2438.4,0.04997993,-0.01938009,-9.81,0.0,0.0,1.100006
58.23999,58.41,58.12,58.14999,58.229995,19.215898350000003,2.100006,0.02957988,0.0,0.0,1857.0,129.37,12.13390625,40.882375,2439.68,0.02957988,0.0,-9.81,0.0,0.0,2.100006
30.06999,30.19,30.129990000000003,30.25999,30.162492500000003,9.953622525000002,1.200012,0.0397799,0.05915999,12.39996,1757.0,94.64,12.264210069444445,53.689671875,2440.96,0.0397799,0.05915999,-9.81,0.0,0.0,1.200012
0.0,0.0,0.0,0.0,0.0,0.0,-0.1000061,-0.03978014,-0.009180069,12.89996,802.0,98.09,7.645581597222222,31.641781249999998,2442.2400000000002,-0.03978014,-0.009180069,-9.81,0.0,0.0,-0.1000061
58.17999,58.37,58.11,58.23,58.222497499999996,19.213424175,2.899994,0.08976007,0.04997993,0.0,2360.0,138.96,8.377022569444446,24.032515625,2443.52,0.08976007,0.04997993,-9.81,0.0,0.0,2.899994
60.8,60.87,60.39,60.47,60.6325,20.008725000000002,0.6000061,-0.01938009,0.06936002,0.0,1867.0,143.37,8.555030381944444,61.194875,2444.8,-0.01938009,0.06936002,-9.81,0.0,0.0,0.6000061
60.97,61.05,61.55,60.61,61.045,20.14485,3.0,0.0,0.01937985,0.0,1524.0,144.56,8.555034722222222,193.56689062499998,2446.08,0.0,0.01937985,-9.81,0.0,0.0,3.0
62.12999,62.14999,62.01999,61.83,62.032492500000004,20.470722525000003,-0.3999939,0.0,-0.02958012,0.0,1557.0,144.75,8.787842881944444,193.059953125,2447.36,0.0,-0.02958012,-9.81,0.0,0.0,-0.3999939
66.42,66.28999,66.26999,65.75999,66.1849925,21.841047525000004,-2.199982,0.04997993,-0.08976007,0.0,2023.0,145.21,9.115776909722221,198.55504687500002,2448.64,0.04997993,-0.08976007,-9.81,0.0,0.0,-2.199982
0.0,0.0,0.0,0.0,0.0,0.0,0.0,-0.03978014,-0.009180069,12.89996,786.0,97.28,8.010659722222222,191.966546875,2449.92,-0.03978014,-0.009180069,-9.81,0.0,0.0,0.0
0.0,0.0,0.0,0.0,0.0,0.0,0.0,-0.03978014,-0.009180069,12.89996,792.0,97.32,7.518151041666666,27.87496875,2451.2000000000003,-0.03978014,-0.009180069,-9.81,0.0,0.0,0.0
0.0,0.0,0.0,0.0,0.0,0.0,0.0,-0.03978014,-0.009180069,12.89996,795.0,97.55,7.9880598958333335,198.97371875,2452.48,-0.03978014,-0.009180069,-9.81,0.0,0.0,0.0
67.06,66.95,67.00999,66.70999,66.932495,22.08772335,-0.2999877999999999,-0.009180069,-0.05915999,0.0,2112.0,158.46,9.359761284722222,196.9990625,2453.76,-0.009180069,-0.05915999,-9.81,0.0,0.0,-0.2999877999999999
0.0,0.0,0.0,0.0,0.0,0.0,0.0,-0.009180069,-0.009180069,12.89996,758.0,97.37,9.650872395833334,193.18542187499997,2455.04,-0.009180069,-0.009180069,-9.81,0.0,0.0,0.0
34.099990000000005,34.03,33.89999,33.91,33.984995,11.21504835,1.5,0.01937985,0.02957988,13.5,1439.0,96.18,13.515581597222223,68.596234375,2456.32,0.01937985,0.02957988,-9.81,0.0,0.0,1.5
65.84999,65.83,65.69,65.53999,65.727495,21.690073350000002,0.0,0.04997993,0.0,0.0,2047.0,168.06,14.125082465277778,60.528375,2457.6,0.04997993,0.0,-9.81,0.0,0.0,0.0
70.23999,70.31,70.00999,69.86,70.104995,23.134648350000003,1.300018,0.0397799,0.0397799,0.0,2152.0,169.38,14.537695312499999,54.921453125,2458.88,0.0397799,0.0397799,-9.81,0.0,0.0,1.300018
12.73,12.81,12.79,12.82999,12.7899975,4.220699175,0.3999939,0.1091398999999999,-0.01938009,14.29999,1904.0,92.02,11.91341579861111,192.7859375,2460.16,0.1091398999999999,-0.01938009,-9.81,0.0,0.0,0.3999939
15.71,16.00999,15.68999,16.07999,15.8724925,5.237922525,4.200012,-0.07956004,0.02957988,0.0,1269.0,92.05,12.022999131944445,167.86259374999997,2461.44,-0.07956004,0.02957988,-9.81,0.0,0.0,4.200012
16.79,17.39,16.8,17.31,17.0725,5.6339250000000005,5.5,-0.09996009,0.02957988,0.0,1670.0,90.27,11.492608506944443,158.445859375,2462.7200000000003,-0.09996009,0.02957988,-9.81,0.0,0.0,5.5
34.679990000000004,34.87999,34.59,34.64999,34.6999925,11.450997525,0.3999939,-0.13974,0.0397799,18.20001,1367.0,92.4,13.163819444444444,156.33243750000003,2464.0,-0.13974,0.0397799,-9.81,0.0,0.0,0.3999939
37.33,37.25999,37.28999,37.12999,37.2524925,12.293322525,-0.8999939,0.009180069,-0.01938009,23.79999,1578.0,89.03,16.26159722222222,36.866031250000006,2465.28,0.009180069,-0.01938009,-9.81,0.0,0.0,-0.8999939
76.53999,76.7,76.41,76.51999,76.542495,25.259023350000003,2.399994,-0.04997993,0.05915999,0.0,1861.0,184.89,16.098246527777775,164.9118125,2466.56,-0.04997993,0.05915999,-9.81,0.0,0.0,2.399994
78.64,78.59999,78.44,78.14999,78.457495,25.89097335,-0.1999817,-0.01938009,-0.009180069,0.0,1949.0,183.97,17.019583333333333,207.617359375,2467.84,-0.01938009,-0.009180069,-9.81,0.0,0.0,-0.1999817
43.14,43.12,43.11,43.03999,43.1024975,14.223824175,0.0,-0.01938009,-0.01938009,22.0,1284.0,80.05,16.183936631944444,207.312,2469.12,-0.01938009,-0.01938009,-9.81,0.0,0.0,0.0
63.25999,62.95,63.06,62.78999,63.014995,20.794948350000002,-2.5,0.009180069,-0.04997993,0.0,1623.0,184.62,9.455967881944446,66.1085625,2470.4,0.009180069,-0.04997993,-9.81,0.0,0.0,-2.5
63.5,63.48999,63.47,63.36,63.454997500000005,20.940149175000002,0.8999939,-0.03978014,0.009180069,0.0,1564.0,183.86,15.024583333333334,50.606468750000005,2471.68,-0.03978014,0.009180069,-9.81,0.0,0.0,0.8999939
46.56999,46.62,46.48999,46.5,46.544995,15.35984835,0.0,0.0,-0.009180069,20.89996,1644.0,81.41,16.37020833333333,46.170828125,2472.96,0.0,-0.009180069,-9.81,0.0,0.0,0.0
79.2,79.12999,79.08,78.95999,79.092495,26.10052335,-0.1999817,0.009180069,0.0,0.0,2448.0,180.59,16.642404513888888,40.427671875,2474.2400000000002,0.009180069,0.0,-9.81,0.0,0.0,-0.1999817
82.37999,82.48,82.33,82.08,82.3174975,27.164774175,-0.1000061,0.009180069,0.0,0.0,2047.0,179.31,16.355486111111112,39.41590625,2475.52,0.009180069,0.0,-9.81,0.0,0.0,-0.1000061
79.2,79.37,79.19,79.11,79.2175,26.141775000000003,1.600006,-0.02958012,0.06936002,0.0,1970.0,178.4,14.116302083333334,35.7044375,2476.8,-0.02958012,0.06936002,-9.81,0.0,0.0,1.600006
0.0,0.0,0.0,0.0,0.0,0.0,0.0,0.009180069,0.0,17.70001,793.0,87.4,11.5408984375,186.683921875,2478.08,0.009180069,0.0,-9.81,0.0,0.0,0.0
86.64999,86.7,86.47,86.39999,86.55499499999999,28.56314835,0.8000183000000001,-0.04997993,0.04997993,0.0,2084.0,174.51,11.974292534722222,186.48278125,2479.36,-0.04997993,0.04997993,-9.81,0.0,0.0,0.8000183000000001
90.70999,90.8,90.62,90.59,90.67999750000001,29.924399175000005,1.0,-0.06936002,0.0397799,0.0,2212.0,156.87,14.871805555555554,186.42614062500002,2480.64,-0.06936002,0.0397799,-9.81,0.0,0.0,1.0
93.05,93.03,93.03999,92.62,92.9349975,30.668549175,-0.2999877999999999,-0.06936002,-0.02958012,0.0,2265.0,150.04,16.400646701388887,193.20146875,2481.92,-0.06936002,-0.02958012,-9.81,0.0,0.0,-0.2999877999999999
27.78,26.27,27.43999,25.78,26.8174975,8.849774175,-16.39999,0.009180069,-0.26928,115.7,1727.0,87.81,16.92977864583333,217.666171875,2483.2000000000003,0.009180069,-0.26928,-9.81,0.0,0.0,-16.39999
66.26999,66.2,66.37,66.12,66.2399975,21.859199175,-0.2999877999999999,-0.03978014,-0.01938009,0.0,1612.0,128.03,9.688072916666666,230.07267187500003,2484.48,-0.03978014,-0.01938009,-9.81,0.0,0.0,-0.2999877999999999
67.47,67.34999,67.25999,67.12,67.29999500000001,22.208998350000005,-0.6000061,0.05915999,-0.03978014,0.0,2117.0,127.51,11.244813368055555,228.41342187499998,2485.76,0.05915999,-0.03978014,-9.81,0.0,0.0,-0.6000061
45.87999,45.72,45.75999,45.45,45.702495,15.08182335,-1.199982,0.1091398999999999,-0.08976007,16.09998,2095.0,112.6,15.270416666666666,97.56125,2487.04,0.1091398999999999,-0.08976007,-9.81,0.0,0.0,-1.199982
35.959990000000005,36.47,36.06999,36.41,36.227495,11.95507335,4.899994,-0.02958012,0.07956004,0.2999877999999999,1422.0,89.5,14.593111979166668,96.02949999999998,2488.32,-0.02958012,0.07956004,-9.81,0.0,0.0,4.899994
77.83,77.81,77.75999,77.39,77.6974975,25.640174175,-0.3999939,-0.009180069,0.0,0.0,1931.0,133.03,13.797738715277777,93.34757812500001,2489.6,-0.009180069,0.0,-9.81,0.0,0.0,-0.3999939
0.0,0.0,0.0,0.0,0.0,0.0,0.1000061,0.02957988,-0.01938009,11.20001,951.0,117.26,9.934513888888889,87.153859375,2490.88,0.02957988,-0.01938009,-9.81,0.0,0.0,0.1000061
78.50999,78.03999,78.3,77.53999,78.0974925,25.772172525000002,-5.199982,0.02957988,-0.14994,0.0,2410.0,132.22,10.109848090277778,89.7670625,2492.16,0.02957988,-0.14994,-9.81,0.0,0.0,-5.199982
31.48,31.48999,31.399990000000003,31.37,31.434995,10.37354835,0.2000122,-0.01938009,-0.009180069,19.29999,1242.0,88.28,9.43001736111111,90.568765625,2493.44,-0.01938009,-0.009180069,-9.81,0.0,0.0,0.2000122
30.84999,30.89,30.95,30.83,30.879997499999998,10.190399175,0.2000122,-0.009180069,-0.01938009,19.0,1266.0,87.96,8.63411892361111,92.75685937499999,2494.7200000000003,-0.009180069,-0.01938009,-9.81,0.0,0.0,0.2000122
0.0,0.0,0.0,0.0,0.0,0.0,0.1000061,0.009180069,-0.01938009,11.09998,855.0,116.65,7.870889756944445,95.133421875,2496.0,0.009180069,-0.01938009,-9.81,0.0,0.0,0.1000061
0.0,0.0,0.0,0.0,0.0,0.0,0.1000061,0.01937985,-0.009180069,11.09998,867.0,116.36,8.033368055555556,95.72334375,2497.28,0.01937985,-0.009180069,-9.81,0.0,0.0,0.1000061
38.0,37.97,37.92,37.84,37.932500000000005,12.517725000000002,-0.1000061,0.0,-0.009180069,21.29999,1598.0,84.75,7.740143229166666,115.172453125,2498.56,0.0,-0.009180069,-9.81,0.0,0.0,-0.1000061
22.31,22.92,22.17,22.85,22.5625,7.445625000000001,6.800018,0.0,0.04997993,0.0,1354.0,130.06,8.082300347222223,139.094203125,2499.84,0.0,0.04997993,-9.81,0.0,0.0,6.800018
32.3,32.25999,32.19,32.02,32.1924975,10.623524175000002,0.3000183,0.12954,-0.009180069,8.399963,1965.0,116.29,9.11579861111111,57.652875,2501.12,0.12954,-0.009180069,-9.81,0.0,0.0,0.3000183
45.06,45.11,45.09,44.73,44.997499999999995,14.849174999999999,0.0,0.01937985,-0.02958012,10.5,1871.0,113.98,7.843641493055555,68.778171875,2502.4,0.01937985,-0.02958012,-9.81,0.0,0.0,0.0
43.37999,43.52,43.37999,43.37999,43.4149925,14.326947525,0.8000183000000001,0.0397799,0.0,6.799988000000001,1576.0,114.23,7.803250868055555,69.387859375,2503.68,0.0397799,0.0,-9.81,0.0,0.0,0.8000183000000001
27.96,27.92,27.8,27.8,27.87,9.1971,-0.1000061,0.0,0.01937985,0.0,1375.0,129.6,9.355481770833332,57.525906250000006,2504.96,0.0,0.01937985,-9.81,0.0,0.0,-0.1000061
44.23,44.28999,44.27,44.209990000000005,44.249995000000006,14.602498350000003,1.200012,0.0,0.0,5.700012,1504.0,113.83,9.747513020833333,56.664828125,2506.2400000000002,0.0,0.0,-9.81,0.0,0.0,1.200012
31.129990000000003,30.789990000000003,31.02,30.64,30.894995,10.195348350000002,-3.0,0.08976007,-0.04997993,0.0,1335.0,131.13,9.483298611111111,58.334703125000004,2507.52,0.08976007,-0.04997993,-9.81,0.0,0.0,-3.0
37.209990000000005,37.17,37.14,37.09,37.1524975,12.260324175000001,0.3999939,0.009180069,-0.01938009,19.70001,1564.0,84.29,12.618402777777778,49.154734375000004,2508.8,0.009180069,-0.01938009,-9.81,0.0,0.0,0.3999939
23.39999,23.39,23.7,23.46,23.487497500000003,7.750874175000002,-0.8999939,0.0,-0.02958012,24.29999,1391.0,85.22,10.888958333333331,58.34584375,2510.08,0.0,-0.02958012,-9.81,0.0,0.0,-0.8999939
21.61,21.64,21.59,21.56,21.6,7.128000000000001,0.5,0.02957988,-0.01938009,19.0,1728.0,85.76,8.61,64.965484375,2511.36,0.02957988,-0.01938009,-9.81,0.0,0.0,0.5
23.31,24.64999,23.39,24.57999,23.982494999999997,7.914223349999999,13.89999,-0.09996009,0.2295001,0.0,1257.0,85.13,7.746102430555555,116.3323125,2512.64,-0.09996009,0.2295001,-9.81,0.0,0.0,13.89999
19.34,19.5,19.36,19.55,19.4375,6.414375000000001,1.800018,-0.04997993,0.0397799,0.0,1174.0,130.81,6.833619791666666,215.616859375,2513.92,-0.04997993,0.0397799,-9.81,0.0,0.0,1.800018
25.38,25.43,25.39,25.36,25.39,8.3787,0.8000183000000001,0.0,0.009180069,0.0,1656.0,132.12,10.185538194444444,109.551890625,2515.2000000000003,0.0,0.009180069,-9.81,0.0,0.0,0.8000183000000001
51.22,51.31999,51.3,51.09,51.2324975,16.906724175,1.0,0.04997993,0.0,8.299988,2065.0,107.53,11.23915798611111,108.70146875,2516.48,0.04997993,0.0,-9.81,0.0,0.0,1.0
27.02,27.06,26.93,26.91,26.979999999999997,8.9034,0.3999939,0.08976007,0.0,0.0,1670.0,132.87,11.559366319444443,101.50560937499999,2517.76,0.08976007,0.0,-9.81,0.0,0.0,0.3999939
47.56,47.56,47.59,47.48,47.5475,15.690675,0.3999939,-0.02958012,-0.009180069,19.39996,1429.0,85.41,11.168116319444444,103.38199999999999,2519.04,-0.02958012,-0.009180069,-9.81,0.0,0.0,0.3999939
44.55,44.48999,44.59,44.39,44.5049975,14.686649175000001,-0.1999817,0.0,-0.01938009,11.20001,1565.0,110.7,10.312135416666667,104.51929687500001,2520.32,0.0,-0.01938009,-9.81,0.0,0.0,-0.1999817
20.2,21.57,20.02,21.31,20.775,6.85575,13.89999,0.09995985,0.14994,0.0,1454.0,85.46,4.761449652777778,207.400421875,2521.6,0.09995985,0.14994,-9.81,0.0,0.0,13.89999
25.93,24.32999,25.87,24.17,25.074997500000002,8.274749175,-17.0,-0.009180069,-0.3294601,130.4,1554.0,85.97,3.0403993055555554,178.6098125,2522.88,-0.009180069,-0.3294601,-9.81,0.0,0.0,-17.0
1.900002,1.869995,1.879997,1.879997,1.8824977499999997,0.6212242575,-0.1000061,0.0397799,-0.02958012,0.0,898.0,133.52,6.539496527777778,74.136703125,2524.16,0.0397799,-0.02958012,-9.81,0.0,0.0,-0.1000061
11.57,11.66,11.59,11.6,11.605,3.8296500000000004,0.1000061,-0.03978014,-0.01938009,0.0,1184.0,132.54,7.1804427083333335,91.04332812499999,2525.44,-0.03978014,-0.01938009,-9.81,0.0,0.0,0.1000061
6.229996,6.32,6.189995,6.339996,6.26999675,2.0690989275000002,0.7000122,0.0,-0.01938009,0.0,994.0,132.61,7.3449913194444445,81.511984375,2526.7200000000003,0.0,-0.01938009,-9.81,0.0,0.0,0.7000122
26.28,25.86,26.32,25.88,26.085,8.60805,-3.699982,-0.03978014,-0.09996009,0.0,1426.0,130.81,11.041202256944445,221.672203125,2528.0,-0.03978014,-0.09996009,-9.81,0.0,0.0,-3.699982
34.2,34.25999,34.12999,34.19,34.194995,11.28434835,1.100006,0.0397799,0.0,5.0,1617.0,117.14,11.363758680555556,216.508984375,2529.28,0.0397799,0.0,-9.81,0.0,0.0,1.100006
36.09,36.03,36.06999,35.929990000000004,36.029995,11.889898350000001,-0.6999816999999999,0.02957988,-0.04997993,14.29999,1534.0,116.96,11.579153645833333,218.79168750000002,2530.56,0.02957988,-0.04997993,-9.81,0.0,0.0,-0.6999816999999999
35.98999,35.92,35.86,35.64,35.8524975,11.831324175,0.6000061,0.06936002,0.0,8.299988,1549.0,117.22,11.97842013888889,216.7503125,2531.84,0.06936002,0.0,-9.81,0.0,0.0,0.6000061
37.03,37.03999,37.099990000000005,36.89,37.014995,12.21494835,0.2000122,-0.03978014,0.0,9.299988,1437.0,116.81,11.71287326388889,220.436984375,2533.12,-0.03978014,0.0,-9.81,0.0,0.0,0.2000122
53.48,53.44,53.48999,53.22,53.4074975,17.624474175,0.0,0.0,-0.03978014,21.59998,1634.0,92.26,11.455256076388888,214.2304375,2534.4,0.0,-0.03978014,-9.81,0.0,0.0,0.0
26.55,27.25,26.45,27.13,26.845,8.85885,7.0,0.009180069,0.05915999,0.0,1587.0,129.48,10.407764756944445,199.045796875,2535.68,0.009180069,0.05915999,-9.81,0.0,0.0,7.0
34.75999,34.75999,34.75,34.61,34.719995,11.45759835,0.3000183,0.07956004,0.0,8.700012,1463.0,116.32,10.509496527777777,198.120828125,2536.96,0.07956004,0.0,-9.81,0.0,0.0,0.3000183
0.0,0.0,0.0,0.0,0.0,0.0,-0.1000061,0.05915999,-0.02958012,0.0,885.0,128.33,3.630733506944444,157.4451875,2538.2400000000002,0.05915999,-0.02958012,-9.81,0.0,0.0,-0.1000061
0.0,0.0,0.0,0.0,0.0,0.0,-0.1999817,0.02957988,-0.02958012,0.0,787.0,130.04,0.3391883680555555,159.193375,2539.52,0.02957988,-0.02958012,-9.81,0.0,0.0,-0.1999817
0.0,0.0,0.0,0.0,0.0,0.0,0.1000061,0.009180069,-0.009180069,0.0,873.0,118.15,0.11434461805555556,158.3186875,2540.8,0.009180069,-0.009180069,-9.81,0.0,0.0,0.1000061
0.0,0.0,0.0,0.0,0.0,0.0,0.0,0.02957988,-0.02958012,0.0,787.0,132.38,0.5723133680555557,158.9040625,2542.08,0.02957988,-0.02958012,-9.81,0.0,0.0,0.0
22.39999,24.03,22.13,23.71999,23.069995,7.61309835,19.60001,0.1193398999999999,0.1795198999999999,0.0,2102.0,117.99,4.399921875,132.0735625,2543.36,0.1193398999999999,0.1795198999999999,-9.81,0.0,0.0,19.60001
45.64,45.84,45.62999,45.62999,45.684995,15.07604835,1.100006,0.0397799,0.04997993,14.0,1887.0,91.12,9.560299479166666,170.580125,2544.64,0.0397799,0.04997993,-9.81,0.0,0.0,1.100006
15.79,13.32,15.21,12.62,14.235,4.69755,-27.19998,0.0,-0.1897202,216.6,1412.0,130.49,9.722096354166666,92.49242187500002,2545.92,0.0,-0.1897202,-9.81,0.0,0.0,-27.19998
56.14,56.06,56.01999,55.95,56.042497499999996,18.494024175,0.0,0.0,0.0,20.09998,1712.0,91.57,7.899383680555555,87.65721875,2547.2000000000003,0.0,0.0,-9.81,0.0,0.0,0.0
31.37,31.399990000000003,31.06,31.12,31.237497500000003,10.308374175,1.899994,0.06936002,0.02957988,0.0,1351.0,130.37,7.798346354166665,87.744328125,2548.48,0.06936002,0.02957988,-9.81,0.0,0.0,1.899994
26.54,27.05,26.18999,26.62,26.5999975,8.777999175000001,2.899994,-0.01938009,0.07956004,0.0,1071.0,130.74,7.638567708333333,78.860640625,2549.76,-0.01938009,0.07956004,-9.81,0.0,0.0,2.899994
25.84,26.89,25.64999,26.73,26.277497500000003,8.671574175000002,12.30002,0.1193398999999999,0.1193398999999999,0.0,1585.0,133.57,8.560815972222223,165.12349999999998,2551.04,0.1193398999999999,0.1193398999999999,-9.81,0.0,0.0,12.30002
56.75999,56.599990000000005,56.75,56.45,56.639995,18.69119835,-1.100006,0.0,-0.01938009,24.70001,1740.0,91.2,10.488975694444445,166.71468750000003,2552.32,0.0,-0.01938009,-9.81,0.0,0.0,-1.100006
19.05,19.38,18.89999,19.14999,19.119995,6.30959835,3.600006,0.0,-0.06936002,0.0,1753.0,137.53,9.372044270833333,159.387125,2553.6,0.0,-0.06936002,-9.81,0.0,0.0,3.600006
8.759995,9.049995,8.829994000000001,9.07,8.927496,2.94607368,3.3999940000000004,-0.2295001,0.0,0.0,1254.0,107.06,4.156935763888889,133.747265625,2554.88,-0.2295001,0.0,-9.81,0.0,0.0,3.3999940000000004
30.08,30.23999,30.149990000000003,30.23999,30.1774925,9.958572525000001,2.399994,0.07956004,-0.01938009,0.0,1777.0,138.64,3.461015625,133.746640625,2556.16,0.07956004,-0.01938009,-9.81,0.0,0.0,2.399994
2.269997,2.269997,2.25,2.279999,2.26749825,0.7482744225000001,0.0,-0.08976007,0.0,13.70001,869.0,86.32,3.274704861111111,134.782375,2557.44,-0.08976007,0.0,-9.81,0.0,0.0,0.0
13.6,13.57999,13.52,13.52,13.554997499999999,4.473149175,0.0,0.13974,-0.009180069,17.39996,1971.0,86.34,6.754205729166666,178.173015625,2558.7200000000003,0.13974,-0.009180069,-9.81,0.0,0.0,0.0
64.8,64.76999,64.83,64.53,64.7324975,21.361724175,-0.1999817,0.01937985,-0.02958012,9.599976,2015.0,103.45,12.413324652777778,198.9988125,2560.0,0.01937985,-0.02958012,-9.81,0.0,0.0,-0.1999817
19.0,19.07,18.93999,19.03,19.0099975,6.273299175000001,1.200012,0.09995985,0.01937985,0.0,1666.0,154.81,12.297730034722221,199.86184375000002,2561.28,0.09995985,0.01937985,-9.81,0.0,0.0,1.200012
40.14,39.91,40.06,39.86,39.9925,13.197525,-1.600006,-0.14994,0.0,26.79999,1188.0,83.55,11.288953993055557,157.121390625,2562.56,-0.14994,0.0,-9.81,0.0,0.0,-1.600006
37.06999,37.87999,37.03999,37.64999,37.40999,12.3452967,8.399994,-0.03978014,0.1693199,0.0,1407.0,98.83,6.729092881944444,102.8855,2563.84,-0.03978014,0.1693199,-9.81,0.0,0.0,8.399994
29.91,29.91,29.81,29.84999,29.869997499999997,9.857099175,0.8999939,-0.009180069,0.009180069,0.0,1279.0,164.7,6.4753515625,139.1980625,2565.12,-0.009180069,0.009180069,-9.81,0.0,0.0,0.8999939
44.099990000000005,44.06,44.12,43.78999,44.017495,14.52577335,0.1000061,0.1193398999999999,0.01937985,8.399963,1837.0,99.44,7.129214409722222,140.2431875,2566.4,0.1193398999999999,0.01937985,-9.81,0.0,0.0,0.1000061
0.0,0.0,0.0,0.0,0.0,0.0,-0.1000061,-0.01938009,0.01937985,16.79999,792.0,81.92,7.127782118055556,143.23815625,2567.68,-0.01938009,0.01937985,-9.81,0.0,0.0,-0.1000061
31.25999,31.34,31.039990000000003,31.179990000000004,31.204992500000003,10.297647525000002,1.0,0.09995985,0.0397799,0.0,1308.0,166.38,7.157790798611111,135.9909375,2568.96,0.09995985,0.0397799,-9.81,0.0,0.0,1.0
0.0,0.0,0.0,0.0,0.0,0.0,0.0,-0.01938009,0.01937985,16.79999,790.0,82.03,7.133081597222223,136.6766875,2570.2400000000002,-0.01938009,0.01937985,-9.81,0.0,0.0,0.0
0.0,0.0,0.0,0.0,0.0,0.0,0.0,-0.01938009,0.01937985,16.79999,789.0,82.31,5.416506076388888,141.03093750000002,2571.52,-0.01938009,0.01937985,-9.81,0.0,0.0,0.0
6.939995,6.939995,6.949997,6.959999000000001,6.9474965,2.292673845,0.0,0.14994,0.01937985,16.79999,1345.0,82.36,4.797808159722222,135.28300000000002,2572.8,0.14994,0.01937985,-9.81,0.0,0.0,0.0
26.55,26.11,26.18,25.92,26.19,8.642700000000001,-3.699982,-0.01938009,-0.04997993,0.0,1440.0,169.64,5.827348090277778,133.7140625,2574.08,-0.01938009,-0.04997993,-9.81,0.0,0.0,-3.699982
24.36,25.57,24.50999,25.48,24.9799975,8.243399175,11.89999,-0.09996009,0.13974,0.0,1016.0,113.29,7.245729166666667,160.43731250000002,2575.36,-0.09996009,0.13974,-9.81,0.0,0.0,11.89999
20.03,22.87,19.32999,22.32999,21.139995,6.97619835,31.5,-0.01938009,0.3100800999999999,0.0,1327.0,113.2,8.603754340277778,208.72926562499998,2576.64,-0.01938009,0.3100800999999999,-9.81,0.0,0.0,31.5
49.28,49.37999,49.27,49.25,49.2949975,16.267349175,1.0,0.0,0.009180069,17.29999,1501.0,80.48,10.65431857638889,202.015921875,2577.92,0.0,0.009180069,-9.81,0.0,0.0,1.0
43.08,43.14,43.19,43.14,43.1375,14.235375000000001,0.6000061,-0.02958012,0.009180069,5.399963,1258.0,108.33,10.522699652777778,97.366875,2579.2000000000003,-0.02958012,0.009180069,-9.81,0.0,0.0,0.6000061
53.50999,53.48999,53.599990000000005,53.42,53.5049925,17.656647525,-0.2999877999999999,-0.04997993,-0.009180069,0.0,1587.0,154.5,9.82494357638889,97.3498125,2580.48,-0.04997993,-0.009180069,-9.81,0.0,0.0,-0.2999877999999999
53.36,53.26999,53.41,53.23999,53.319995,17.59559835,-0.2999877999999999,-0.03978014,0.0,0.0,1595.0,153.0,9.330928819444445,91.066140625,2581.76,-0.03978014,0.0,-9.81,0.0,0.0,-0.2999877999999999
4.529999,4.529999,4.579994,4.549995,4.54749675,1.5006739275,-0.1999817,-0.1897202,0.0,10.20001,1037.0,111.25,6.291432291666666,215.2428125,2583.04,-0.1897202,0.0,-9.81,0.0,0.0,-0.1999817
48.39,48.48999,48.28999,48.3,48.367495000000005,15.961273350000003,1.0,-0.04997993,0.02957988,0.0,1422.0,148.14,9.245134548611112,210.052,2584.32,-0.04997993,0.02957988,-9.81,0.0,0.0,1.0
53.64,53.37999,53.55,53.19,53.439997500000004,17.635199175000004,-2.899994,0.0,-0.03978014,0.0,1745.0,145.25,10.234704861111112,121.78003125000001,2585.6,0.0,-0.03978014,-9.81,0.0,0.0,-2.899994
64.28999,64.17999,64.25999,64.09999,64.20749,21.188471700000004,0.3000183,0.06936002,-0.009180069,19.79999,2011.0,82.75,12.020486111111111,90.1524375,2586.88,0.06936002,-0.009180069,-9.81,0.0,0.0,0.3000183
21.99,21.78,21.86,21.68999,21.829997499999998,7.203899174999999,-1.699982,0.0,-0.009180069,18.29999,1368.0,145.67,12.905073784722223,201.45478125,2588.16,0.0,-0.009180069,-9.81,0.0,0.0,-1.699982
39.5,39.39999,39.66,39.62,39.5449975,13.049849175,0.3000183,0.04997993,0.0,8.700012,1705.0,140.09,13.261944444444445,204.02156250000002,2589.44,0.04997993,0.0,-9.81,0.0,0.0,0.3000183
54.26999,54.17999,54.00999,53.75999,54.054990000000004,17.838146700000003,-0.6000061,0.0,-0.04997993,0.0,1711.0,142.11,10.505073784722224,205.8564375,2590.7200000000003,0.0,-0.04997993,-9.81,0.0,0.0,-0.6000061
54.8,55.01999,54.67999,54.89,54.847494999999995,18.09967335,3.3999940000000004,0.01937985,0.05915999,0.0,1731.0,142.54,10.011996527777777,206.00540625000002,2592.0,0.01937985,0.05915999,-9.81,0.0,0.0,3.3999940000000004
2.669998,2.669998,2.659996,2.639999,2.65999775,0.8777992575000001,0.0,-0.04997993,0.0,21.09998,851.0,89.21,9.513971354166667,200.02403125,2593.28,-0.04997993,0.0,-9.81,0.0,0.0,0.0
45.98999,46.03999,46.08,45.89999,46.0024925,15.180822525000002,0.1000061,-0.03978014,0.0,9.0,1382.0,130.57,9.423663194444444,199.08140625,2594.56,-0.03978014,0.0,-9.81,0.0,0.0,0.1000061
58.16,57.86,58.08,57.67,57.942499999999995,19.121025,-3.3999940000000004,0.0,0.0,0.0,1773.0,143.31,10.989422743055556,172.19884375,2595.84,0.0,0.0,-9.81,0.0,0.0,-3.3999940000000004
6.939995,6.919998,6.9099960000000005,6.9099960000000005,6.91999625,2.2835987625,-0.1000061,0.0,-0.009180069,21.70001,1053.0,89.28,8.766510416666666,95.15256249999999,2597.12,0.0,-0.009180069,-9.81,0.0,0.0,-0.1000061
33.179990000000004,31.81999,33.05,31.399990000000003,32.3624925,10.679622525000001,-16.10001,0.1193398999999999,-0.1193398999999999,64.39996,1897.0,111.34,10.966866319444446,147.95228125,2598.4,0.1193398999999999,-0.1193398999999999,-9.81,0.0,0.0,-16.10001
29.789990000000003,29.12,29.84999,28.91,29.417495000000002,9.707773350000002,-9.199982,0.1091398999999999,-0.03978014,46.70001,1722.0,86.0,11.983450520833333,267.81146875,2599.68,0.1091398999999999,-0.03978014,-9.81,0.0,0.0,-9.199982
67.45999,67.45999,67.25,66.98,67.287495,22.204873350000003,-1.299988,0.0397799,-0.009180069,0.0,2075.0,159.24,11.889917534722223,187.71071875,2600.96,0.0397799,-0.009180069,-9.81,0.0,0.0,-1.299988
23.02,21.93999,23.00999,21.87,22.459995000000003,7.4117983500000015,-12.0,-0.04997993,-0.1193398999999999,98.29999,1260.0,86.93,12.005377604166664,195.396984375,2602.2400000000002,-0.04997993,-0.1193398999999999,-9.81,0.0,0.0,-12.0
48.41,48.31,48.45,48.25,48.355000000000004,15.957150000000002,0.0,0.0,-0.009180069,0.0,1531.0,160.54,5.197400173611111,254.28134375000002,2603.52,0.0,-0.009180069,-9.81,0.0,0.0,0.0
3.540001,4.409996,3.079994,4.019997,3.7624969999999998,1.24162401,-10.39999,-0.04997993,0.01937985,0.0,1062.0,87.76,5.672191840277778,256.69878124999997,2604.8,-0.04997993,0.01937985,-9.81,0.0,0.0,-10.39999
0.0,0.0,0.0,0.0,0.0,0.0,0.1000061,0.0,-0.009180069,9.5,857.0,115.42,5.922478298611112,286.01593749999995,2606.08,0.0,-0.009180069,-9.81,0.0,0.0,0.1000061
65.62999,65.48999,65.56999,65.26999,65.48999,21.611696700000003,-0.5,-0.01938009,-0.05915999,0.0,2016.0,157.33,6.311493055555555,329.525828125,2607.36,-0.01938009,-0.05915999,-9.81,0.0,0.0,-0.5
0.0,0.0,0.0,0.0,0.0,0.0,-0.1000061,0.0,-0.009180069,9.399963,868.0,122.92,7.007803819444444,228.53665625000002,2608.64,0.0,-0.009180069,-9.81,0.0,0.0,-0.1000061
67.87,68.00999,67.83,67.81999,67.882495,22.401223350000002,1.300018,-0.05915999,0.08976007,0.0,1645.0,149.84,8.3665625,220.305765625,2609.92,-0.05915999,0.08976007,-9.81,0.0,0.0,1.300018
4.829994,4.589996,4.82,4.489998,4.682497,1.5452240099999999,-3.600006,-0.2295001,0.0397799,143.1,989.0,86.32,4.640920138888889,330.504265625,2611.2000000000003,-0.2295001,0.0397799,-9.81,0.0,0.0,-3.600006
2.9599990000000003,2.699997,2.889999,2.599998,2.78749825,0.9198744225000001,-3.699982,0.0397799,0.0,219.9,963.0,86.25,4.831796875,335.052859375,2612.48,0.0397799,0.0,-9.81,0.0,0.0,-3.699982
47.86,47.52,47.709990000000005,47.31999,47.602495,15.70882335,-2.600006,0.0,-0.04997993,0.0,1510.0,143.78,6.869513888888889,237.527171875,2613.76,0.0,-0.04997993,-9.81,0.0,0.0,-2.600006
0.0,0.0,0.0,0.0,0.0,0.0,0.1000061,0.0,-0.009180069,9.399963,848.0,139.31,6.482361111111111,235.6598125,2615.04,0.0,-0.009180069,-9.81,0.0,0.0,0.1000061
23.14,23.95,22.75999,23.55,23.3499975,7.705499175000001,11.30002,0.09995985,0.12954,0.0,1489.0,85.53,7.184327256944444,313.09773437499996,2616.32,0.09995985,0.12954,-9.81,0.0,0.0,11.30002
0.0,0.0,0.0,0.0,0.0,0.0,-0.1000061,0.0,-0.009180069,9.299988,848.0,152.51,5.770316840277777,324.347,2617.6,0.0,-0.009180069,-9.81,0.0,0.0,-0.1000061
21.14999,20.75999,21.00999,20.68,20.899992499999996,6.896997524999999,-3.699982,-0.01938009,-0.03978014,60.59998,1666.0,87.78,8.89704861111111,323.87396875,2618.88,-0.01938009,-0.03978014,-9.81,0.0,0.0,-3.699982
38.28999,38.25,38.19,37.87999,38.152495,12.590323350000002,-1.0,0.09995985,-0.05915999,13.79999,1613.0,146.05,14.255742187500001,237.543171875,2620.16,0.09995985,-0.05915999,-9.81,0.0,0.0,-1.0
39.78999,39.94,39.709990000000005,39.84,39.819995000000006,13.140598350000003,1.0,0.009180069,0.02957988,4.200012,1876.0,144.14,14.946692708333332,237.72178125000002,2621.44,0.009180069,0.02957988,-9.81,0.0,0.0,1.0
64.01999,63.95,63.91,63.73999,63.90499500000001,21.088648350000003,-0.6999816999999999,0.06936002,-0.03978014,23.29999,2100.0,83.83,15.79224392361111,233.627234375,2622.7200000000003,0.06936002,-0.03978014,-9.81,0.0,0.0,-0.6999816999999999
62.05,62.03999,62.11,61.97,62.0424975,20.474024175,-0.3999939,-0.02958012,-0.03978014,22.20001,1538.0,85.52,15.027703993055555,233.21625,2624.0,-0.02958012,-0.03978014,-9.81,0.0,0.0,-0.3999939
58.42,58.48,58.06999,58.01999,58.247495,19.22167335,0.6000061,0.09995985,0.02957988,0.0,2351.0,196.81,8.835325520833333,216.400453125,2625.28,0.09995985,0.02957988,-9.81,0.0,0.0,0.6000061
59.81999,59.84,59.31999,59.459990000000005,59.6099925,19.671297525,0.1000061,0.07956004,0.08976007,0.0,2426.0,205.31,9.491284722222222,231.938765625,2626.56,0.07956004,0.08976007,-9.81,0.0,0.0,0.1000061
1.389999,1.400002,1.389999,1.4099959999999998,1.3974989999999998,0.46117466999999995,0.0,0.0397799,0.0,3.700012,931.0,115.59,11.743190104166667,228.241796875,2627.84,0.0397799,0.0,-9.81,0.0,0.0,0.0
58.39999,58.39999,58.28999,58.16,58.3124925,19.243122525,0.2000122,0.1091398999999999,0.009180069,0.0,2354.0,220.85,14.354965277777778,229.70081249999998,2629.12,0.1091398999999999,0.009180069,-9.81,0.0,0.0,0.2000122
61.92,62.08,61.67,61.849990000000005,61.8799975,20.420399175,3.0,0.07956004,0.07956004,0.0,2516.0,225.37,13.696319444444445,241.31515624999997,2630.4,0.07956004,0.07956004,-9.81,0.0,0.0,3.0
46.56999,46.61,46.72,46.58,46.6199975,15.384599175,-0.1000061,-0.07956004,-0.009180069,20.5,1379.0,92.11,7.475815972222223,134.620734375,2631.68,-0.07956004,-0.009180069,-9.81,0.0,0.0,-0.1000061
30.75999,29.61,30.98999,29.83,30.297495,9.99817335,-9.899994,-0.2397001,-0.1091398999999999,56.89996,1223.0,106.24,4.460746527777777,141.422578125,2632.96,-0.2397001,-0.1091398999999999,-9.81,0.0,0.0,-9.899994
0.0,0.0,0.0,0.0,0.0,0.0,0.1000061,0.04997993,-0.02958012,0.0,792.0,228.79,3.0522699652777776,249.72565625,2634.2400000000002,0.04997993,-0.02958012,-9.81,0.0,0.0,0.1000061
39.52,38.34,39.3,38.23,38.847500000000004,12.819675000000002,-11.39999,0.02957988,-0.1795201,62.89996,1711.0,96.17,7.286506076388889,150.9428125,2635.52,0.02957988,-0.1795201,-9.81,0.0,0.0,-11.39999
41.48,41.42999,41.5,41.19,41.3999975,13.661999175,0.0,0.06936002,-0.01938009,8.700012,1750.0,100.51,8.29060329861111,155.857875,2636.8,0.06936002,-0.01938009,-9.81,0.0,0.0,0.0
43.23999,43.33,43.17999,43.06,43.202495,14.25682335,0.0,0.13974,-0.009180069,0.0,2589.0,231.53,9.540360243055554,139.84382812500002,2638.08,0.13974,-0.009180069,-9.81,0.0,0.0,0.0
55.39,55.36,55.25,54.959990000000005,55.2399975,18.229199175,-0.6000061,0.04997993,-0.02958012,11.70001,2000.0,99.03,9.837439236111111,139.721578125,2639.36,0.04997993,-0.02958012,-9.81,0.0,0.0,-0.6000061
2.029999,1.979996,2.0,1.9599990000000005,1.9924985000000002,0.657524505,0.0,0.09995985,0.02957988,21.79999,1194.0,96.42,11.155993923611112,143.29221875,2640.64,0.09995985,0.02957988,-9.81,0.0,0.0,0.0
57.14999,56.959990000000005,56.94,56.64999,56.9249925,18.785247525000003,-2.100006,0.06936002,-0.03978014,0.0,2314.0,237.33,13.853993055555556,146.29198437500003,2641.92,0.06936002,-0.03978014,-9.81,0.0,0.0,-2.100006
79.03,78.89,79.00999,78.87,78.94999750000001,26.053499175000006,-0.1999817,0.04997993,0.04997993,19.59998,2414.0,92.0,14.3943359375,136.8921875,2643.2000000000003,0.04997993,0.04997993,-9.81,0.0,0.0,-0.1999817
45.06999,44.91,45.03,44.87,44.9699975,14.840099175,-0.2999877999999999,-0.03978014,0.0,0.0,1295.0,238.68,16.53824652777778,147.129703125,2644.48,-0.03978014,0.0,-9.81,0.0,0.0,-0.2999877999999999
86.40999000000001,86.44,86.25,86.03,86.2824975,28.473224175000002,0.0,0.0397799,0.01937985,19.70001,2644.0,96.49,16.49703125,146.35051562499999,2645.76,0.0397799,0.01937985,-9.81,0.0,0.0,0.0
35.39,35.41,35.56,35.39999,35.439997500000004,11.695199175000003,0.0,-0.05915999,0.0,8.599976,1233.0,105.93,14.792591145833331,145.340375,2647.04,-0.05915999,0.0,-9.81,0.0,0.0,0.0
82.94,82.78,83.0,82.42,82.785,27.31905,-1.5,0.01937985,-0.01938009,23.70001,2055.0,97.41,13.68127170138889,140.31687499999998,2648.32,0.01937985,-0.01938009,-9.81,0.0,0.0,-1.5
36.05,36.61,36.36,36.42,36.36,11.998800000000001,0.8000183000000001,0.02957988,0.04997993,0.0,1720.0,227.65,14.767417534722224,149.83464062500002,2649.6,0.02957988,0.04997993,-9.81,0.0,0.0,0.8000183000000001
32.28,34.2,31.87,33.84,33.0475,10.905675,19.39999,0.08976007,0.1795198999999999,0.0,1379.0,241.19,7.726015625,121.5826875,2650.88,0.08976007,0.1795198999999999,-9.81,0.0,0.0,19.39999
0.0,0.0,0.0,0.0,0.0,0.0,0.1000061,0.01937985,-0.009180069,0.0,857.0,106.56,9.000421006944443,119.199609375,2652.16,0.01937985,-0.009180069,-9.81,0.0,0.0,0.1000061
8.409996000000001,8.32,8.399994,8.129997,8.314996749999999,2.7439489274999995,-2.399994,0.28968,-0.03978014,52.0,1661.0,106.47,10.499930555555554,124.5343125,2653.44,0.28968,-0.03978014,-9.81,0.0,0.0,-2.399994
61.06,60.94,60.98999,60.849990000000005,60.959995000000006,20.116798350000003,-1.399994,-0.04997993,-0.01938009,0.0,1831.0,229.17,13.803763020833333,105.71715624999999,2654.7200000000003,-0.04997993,-0.01938009,-9.81,0.0,0.0,-1.399994
45.53,45.55,45.52,45.36,45.489999999999995,15.0117,0.0,0.04997993,-0.009180069,8.899963,1480.0,114.48,13.427491319444444,107.22157812500001,2656.0,0.04997993,-0.009180069,-9.81,0.0,0.0,0.0
41.92999,41.95,42.03,41.959990000000005,41.967495,13.84927335,0.3999939,-0.01938009,-0.009180069,8.700012,1244.0,115.24,12.820941840277778,102.94298437500001,2657.28,-0.01938009,-0.009180069,-9.81,0.0,0.0,0.3999939
43.72,43.12999,43.56,42.89999,43.327495,14.298073350000001,-6.299988,0.02957988,-0.04997993,40.29999,1763.0,104.7,10.154696180555556,95.575875,2658.56,0.02957988,-0.04997993,-9.81,0.0,0.0,-6.299988
46.03999,46.14,46.03999,45.92999,46.037492500000006,15.192372525000003,1.200012,-0.009180069,0.0,16.0,1440.0,104.0,10.41796875,103.54245312500001,2659.84,-0.009180069,0.0,-9.81,0.0,0.0,1.200012
65.81,65.91,65.73,65.56999,65.7549975,21.699149175000002,0.5,-0.05915999,0.0397799,0.0,1591.0,216.68,10.509552951388889,98.69759375000001,2661.12,-0.05915999,0.0397799,-9.81,0.0,0.0,0.5
42.94,40.92999,42.77,40.64999,41.822495,13.801423350000002,-20.0,-0.06936002,-0.3202801,33.5,1210.0,211.72,8.06171875,104.203140625,2662.4,-0.06936002,-0.3202801,-9.81,0.0,0.0,-20.0
39.53999,39.44,39.42999,39.23999,39.4124925,13.006122525,-0.7999878,0.02957988,0.009180069,0.0,1677.0,211.98,7.639583333333333,119.662546875,2663.68,0.02957988,0.009180069,-9.81,0.0,0.0,-0.7999878
34.03999,34.09,33.89999,33.8,33.957495,11.20597335,-0.3999939,-0.02958012,-0.009180069,0.0,1404.0,212.94,7.825598958333334,116.38626562500002,2664.96,-0.02958012,-0.009180069,-9.81,0.0,0.0,-0.3999939
0.0,0.0,0.0,0.0,0.0,0.0,0.0,0.0,-0.009180069,10.20001,854.0,113.5,7.082417534722222,113.76189062500002,2666.2400000000002,0.0,-0.009180069,-9.81,0.0,0.0,0.0
53.73,53.64999,53.69,53.53999,53.652495,17.70532335,-0.3999939,-0.009180069,-0.05915999,21.89996,1746.0,115.53,6.368294270833333,125.11975,2667.52,-0.009180069,-0.05915999,-9.81,0.0,0.0,-0.3999939
23.46999,22.98,23.36,22.79,23.149997499999998,7.639499174999999,-5.799988,-0.009180069,-0.02958012,54.39996,1353.0,111.28,10.432734374999999,119.831578125,2668.8,-0.009180069,-0.02958012,-9.81,0.0,0.0,-5.799988
36.709990000000005,36.48999,36.62999,36.39999,36.55749,12.063971700000002,-2.100006,0.07956004,0.01937985,27.79999,2081.0,109.92,12.877391493055555,118.75673437500001,2670.08,0.07956004,0.01937985,-9.81,0.0,0.0,-2.100006
41.12999,41.61,40.92999,41.42999,41.2749925,13.620747525000002,5.5,0.06936002,0.1193398999999999,0.0,1738.0,109.6,13.576249999999998,113.91151562499999,2671.36,0.06936002,0.1193398999999999,-9.81,0.0,0.0,5.5
48.86,48.98999,49.09,48.73999,48.919995,16.14359835,-0.6999816999999999,-0.1897202,0.0,24.39996,1620.0,109.85,11.38829861111111,113.72359374999999,2672.64,-0.1897202,0.0,-9.81,0.0,0.0,-0.6999816999999999
17.98,21.3,17.21,20.37,19.215,6.34095,35.39999,0.009180069,0.27948,0.0,1849.0,109.77,9.054301215277778,186.66090625,2673.92,0.009180069,0.27948,-9.81,0.0,0.0,35.39999
23.75999,23.96,23.86,23.67,23.8124975,7.858124175,0.6000061,0.0,-0.04997993,18.29999,1486.0,111.03,7.222608506944445,194.713046875,2675.2000000000003,0.0,-0.04997993,-9.81,0.0,0.0,0.6000061
4.519997,5.009995,4.529999,4.909996,4.74249675,1.5650239275,-5.0,0.009180069,-0.02958012,0.0,1021.0,111.44,3.818962673611111,170.49909375,2676.48,0.009180069,-0.02958012,-9.81,0.0,0.0,-5.0
5.489998,7.040000999999999,4.389999,6.220001,5.78499975,1.9090499175,-20.29999,0.009180069,0.12954,0.0,892.0,111.26,3.4226258680555555,180.591390625,2677.76,0.009180069,0.12954,-9.81,0.0,0.0,-20.29999
0.0,0.0,0.0,0.0,0.0,0.0,0.0,0.009180069,0.0,8.0,870.0,116.92,4.400464409722222,139.952546875,2679.04,0.009180069,0.0,-9.81,0.0,0.0,0.0
13.88,14.99,13.73,14.82999,14.357497500000001,4.737974175000001,12.89999,0.1193398999999999,0.1897199,0.0,1426.0,117.08,8.170451388888889,141.4383125,2680.32,0.1193398999999999,0.1897199,-9.81,0.0,0.0,12.89999
37.50999,37.37999,37.349990000000005,37.05,37.3224925,12.316422525000002,-2.100006,0.1091398999999999,-0.03978014,0.0,1545.0,211.2,9.186189236111112,229.895671875,2681.6,0.1091398999999999,-0.03978014,-9.81,0.0,0.0,-2.100006
35.19,35.16,35.17,35.02,35.135,11.59455,0.5,0.02957988,0.0,0.0,1494.0,212.27,7.261553819444444,268.85968750000006,2682.88,0.02957988,0.0,-9.81,0.0,0.0,0.5
16.09,18.48,15.55,18.05,17.0425,5.6240250000000005,26.80002,-0.2101199999999999,0.1693199,0.0,1262.0,109.61,10.083797743055555,96.392234375,2684.16,-0.2101199999999999,0.1693199,-9.81,0.0,0.0,26.80002
59.98999,59.95,60.23999,60.03999,60.0549925,19.818147525,-0.1000061,-0.01938009,0.02957988,8.299988,1822.0,108.97,13.505399305555557,74.06275,2685.44,-0.01938009,0.02957988,-9.81,0.0,0.0,-0.1000061
33.36,33.42,33.27,33.19,33.31,10.992300000000002,-0.5,0.0397799,0.0,0.0,1682.0,193.05,13.839105902777778,127.654234375,2686.7200000000003,0.0397799,0.0,-9.81,0.0,0.0,-0.5
64.00999,64.08,63.94,63.53999,63.892495,21.08452335,0.3999939,0.04997993,0.05915999,5.700012,2001.0,107.88,14.968381076388889,122.8954375,2688.0,0.04997993,0.05915999,-9.81,0.0,0.0,0.3999939
84.70999,84.34999,84.78,84.22,84.514995,27.88994835,-2.399994,0.02957988,-0.04997993,26.79999,2573.0,121.83,14.719709201388888,93.78089062500001,2689.28,0.02957988,-0.04997993,-9.81,0.0,0.0,-2.399994
68.87,68.69,68.56,68.2,68.58,22.6314,-1.600006,0.1693199,-0.01938009,24.89996,3921.0,123.6,14.93931423611111,105.987140625,2690.56,0.1693199,-0.01938009,-9.81,0.0,0.0,-1.600006
20.06,20.00999,20.09,20.04,20.049997499999996,6.6164991749999995,0.0,-0.1193398999999999,0.009180069,0.0,1258.0,147.71,15.447022569444444,109.34298437500001,2691.84,-0.1193398999999999,0.009180069,-9.81,0.0,0.0,0.0
21.49,22.38,21.5,22.05,21.855,7.21215,7.0,-0.2397001,0.1091398999999999,0.0,1271.0,141.77,13.98755642361111,133.714515625,2693.12,-0.2397001,0.1091398999999999,-9.81,0.0,0.0,7.0
71.92999,71.89999,72.08,71.62999,71.88499250000001,23.722047525000004,-0.1999817,-0.03978014,-0.02958012,10.5,2162.0,94.71,18.283910590277777,145.162703125,2694.4,-0.03978014,-0.02958012,-9.81,0.0,0.0,-0.1999817
87.37999,87.28999,87.20999,86.61,87.1224925,28.750422525000005,-1.899994,0.06936002,-0.01938009,24.29999,2685.0,122.4,19.18598090277778,141.85473437500002,2695.68,0.06936002,-0.01938009,-9.81,0.0,0.0,-1.899994
25.14999,25.34,25.16,25.18999,25.209995,8.31929835,0.8000183000000001,-0.2295001,-0.04997993,0.0,1250.0,142.53,9.759001736111111,142.45631250000002,2696.96,-0.2295001,-0.04997993,-9.81,0.0,0.0,0.8000183000000001
75.94,75.95,75.61,75.31,75.7025,24.981825,0.0,0.09995985,0.0,21.09998,3059.0,122.93,10.569288194444445,141.132203125,2698.2400000000002,0.09995985,0.0,-9.81,0.0,0.0,0.0
102.28,102.28,101.73,101.16,101.86250000000001,33.614625000000004,-0.1999817,0.0,-0.02958012,21.79999,2691.0,120.24,20.259526909722222,143.429,2699.52,0.0,-0.02958012,-9.81,0.0,0.0,-0.1999817
78.59,78.37,78.50999,78.0,78.3674975,25.861274175000002,-0.5,-0.08976007,-0.03978014,10.20001,2405.0,80.66,20.012829861111108,136.26854687499997,2700.8,-0.08976007,-0.03978014,-9.81,0.0,0.0,-0.5
46.16,45.78999,45.98,45.72,45.9124975,15.151124175000001,-3.0,-0.03978014,-0.05915999,0.0,1352.0,144.66,19.798190104166665,129.71484375,2702.08,-0.03978014,-0.05915999,-9.81,0.0,0.0,-3.0
101.79,101.73,101.73,101.09,101.58500000000001,33.523050000000005,-0.5,0.0,-0.02958012,22.29999,2519.0,112.75,15.36894097222222,117.537515625,2703.36,0.0,-0.02958012,-9.81,0.0,0.0,-0.5
102.07,102.12,102.03,101.42,101.91000000000001,33.630300000000005,0.0,0.02957988,-0.01938009,21.20001,2542.0,116.8,18.357703993055555,162.69851562500003,2704.64,0.02957988,-0.01938009,-9.81,0.0,0.0,0.0
64.17999,64.17999,64.23999,64.06999,64.16749,21.1752717,-0.1999817,-0.03978014,0.01937985,9.399963,1500.0,66.84,19.53269097222222,162.109625,2705.92,-0.03978014,0.01937985,-9.81,0.0,0.0,-0.1999817
43.48999,43.48999,43.599990000000005,43.75999,43.584990000000005,14.383046700000003,-0.6999816999999999,-0.009180069,0.009180069,0.0,1480.0,141.85,17.80365017361111,166.7134375,2707.2000000000003,-0.009180069,0.009180069,-9.81,0.0,0.0,-0.6999816999999999
97.72,97.64999,97.56999,97.03999,97.4949925,32.173347525,0.0,0.0,0.0,21.29999,2430.0,116.25,18.054635416666667,159.459765625,2708.48,0.0,0.0,-9.81,0.0,0.0,0.0
59.5,59.50999,59.75999,59.56999,59.5849925,19.663047525,1.300018,-0.03978014,0.009180069,5.700012,1788.0,68.09,12.455264756944445,145.824078125,2709.76,-0.03978014,0.009180069,-9.81,0.0,0.0,1.300018
11.47,11.5,11.43,11.46,11.465,3.78345,0.2000122,-0.01938009,-0.01938009,0.0,1239.0,143.09,8.969752604166668,159.25674999999998,2711.04,-0.01938009,-0.01938009,-9.81,0.0,0.0,0.2000122
12.75,14.13,12.47,13.89999,13.312497500000001,4.3931241750000005,14.800020000000002,0.1193398999999999,0.08976007,0.0,2101.0,143.28,10.611818576388888,223.331703125,2712.32,0.1193398999999999,0.08976007,-9.81,0.0,0.0,14.800020000000002
48.14,47.67999,48.23,47.42999,47.869994999999996,15.797098349999999,-5.199982,-0.04997993,-0.13974,38.79999,1339.0,121.84,10.780073784722223,194.62573437499998,2713.6,-0.04997993,-0.13974,-9.81,0.0,0.0,-5.199982
42.52,42.31,42.599990000000005,42.42,42.462497500000005,14.012624175000003,-0.5,-0.06936002,0.0,11.39996,1261.0,66.38,9.710655381944445,96.68493749999999,2714.88,-0.06936002,0.0,-9.81,0.0,0.0,-0.5
36.709990000000005,37.58,36.78,37.48,37.1374975,12.255374175000002,9.700012,-0.04997993,0.1897199,0.0,1405.0,66.35,8.913819444444444,101.12771875000001,2716.16,-0.04997993,0.1897199,-9.81,0.0,0.0,9.700012
38.12,37.89,38.2,37.66,37.9675,12.529275,-2.899994,0.04997993,-0.1091398999999999,28.20001,1772.0,66.76,8.670217013888887,116.56675,2717.44,0.04997993,-0.1091398999999999,-9.81,0.0,0.0,-2.899994
53.56999,53.7,53.66,53.67999,53.652495,17.70532335,2.300018,0.02957988,0.01937985,3.700012,1734.0,70.2,9.884383680555555,168.069390625,2718.7200000000003,0.02957988,0.01937985,-9.81,0.0,0.0,2.300018
15.57,15.02,15.47,14.95,15.252500000000001,5.0333250000000005,-5.600006,0.06936002,0.0,66.59998,1429.0,120.16,7.499305555555555,170.16549999999998,2720.0,0.06936002,0.0,-9.81,0.0,0.0,-5.600006
13.22,13.32,12.45,12.68999,12.9199975,4.2635991749999995,3.3999940000000004,0.12954,0.02957988,0.0,1938.0,146.85,8.656202256944443,169.1793125,2721.28,0.12954,0.02957988,-9.81,0.0,0.0,3.3999940000000004
16.50999,14.78,16.17,14.68999,15.537495,5.12737335,-17.0,-0.04997993,-0.1693201,184.9,1250.0,120.25,9.536944444444444,181.84337499999998,2722.56,-0.04997993,-0.1693201,-9.81,0.0,0.0,-17.0
29.149990000000003,28.5,28.98,28.06999,28.674995000000003,9.462748350000002,-7.399994,0.16014,-0.1693201,0.0,1707.0,159.26,10.261358506944445,200.80335937499999,2723.84,0.16014,-0.1693201,-9.81,0.0,0.0,-7.399994
32.94,32.91,33.25999,32.94,33.012497499999995,10.894124174999998,-1.0,0.05915999,0.02957988,21.20001,1471.0,119.21,9.285868055555556,212.998671875,2725.12,0.05915999,0.02957988,-9.81,0.0,0.0,-1.0
37.86,37.87999,37.92,37.62,37.8199975,12.480599175,-0.2999877999999999,0.16014,-0.03978014,0.0,2143.0,175.65,10.024965277777778,245.93265625,2726.4,0.16014,-0.03978014,-9.81,0.0,0.0,-0.2999877999999999
31.70999,31.59,31.629990000000003,31.50999,31.6099925,10.431297525000002,0.2000122,0.05915999,0.0,18.89996,1825.0,119.74,11.28294704861111,245.56710937500003,2727.68,0.05915999,0.0,-9.81,0.0,0.0,0.2000122
27.219990000000003,28.94,26.87,28.87,27.974997500000004,9.231749175000003,23.80002,0.09995985,0.4294199999999999,0.0,1727.0,189.32,8.644318576388889,221.91817187499998,2728.96,0.09995985,0.4294199999999999,-9.81,0.0,0.0,23.80002
28.399990000000003,29.48999,28.129990000000003,29.31,28.8324925,9.514722525,13.20001,0.1693199,0.16014,0.0,1729.0,191.76,7.303038194444445,214.820921875,2730.2400000000002,0.1693199,0.16014,-9.81,0.0,0.0,13.20001
14.87,13.32999,14.61,13.36,14.0424975,4.634024175,-16.79999,-0.009180069,-0.04997993,161.5,1254.0,118.2,7.22828125,223.39409375000002,2731.52,-0.009180069,-0.04997993,-9.81,0.0,0.0,-16.79999
30.73,28.27,30.64,27.91,29.3875,9.697875,-27.10001,-0.02958012,-0.3794401,145.8,1299.0,86.86,7.111041666666667,148.114375,2732.8,-0.02958012,-0.3794401,-9.81,0.0,0.0,-27.10001
34.0,34.0,33.66,33.81,33.8675,11.176275,0.1000061,0.14994,-0.01938009,0.0,2097.0,202.15,7.178593749999999,98.41734375,2734.08,0.14994,-0.01938009,-9.81,0.0,0.0,0.1000061
24.43,25.46,24.28,25.17,24.835,8.19555,10.39999,0.01937985,0.13974,0.0,1729.0,208.36,5.455850694444444,146.09382812500002,2735.36,0.01937985,0.13974,-9.81,0.0,0.0,10.39999
2.509995,2.699997,2.43,2.779999,2.60499775,0.8596492575,-3.299988,0.0,0.07956004,0.0,859.0,118.67,8.683819444444445,174.90001562499998,2736.64,0.0,0.07956004,-9.81,0.0,0.0,-3.299988
23.32999,23.68999,23.16,23.56,23.434995,7.73354835,3.600006,0.1193398999999999,0.0397799,0.0,2102.0,118.85,7.652855902777777,170.487296875,2737.92,0.1193398999999999,0.0397799,-9.81,0.0,0.0,3.600006
28.56,28.47,28.429990000000004,28.399990000000003,28.464995000000002,9.393448350000002,-0.5,0.08976007,-0.02958012,20.09998,1744.0,118.81,8.135868055555555,274.495484375,2739.2000000000003,0.08976007,-0.02958012,-9.81,0.0,0.0,-0.5
55.89,56.209990000000005,56.22,56.209990000000005,56.132495000000006,18.523723350000004,3.700012,-0.02958012,0.08976007,0.0,1683.0,83.09,8.003263888888888,272.493359375,2740.48,-0.02958012,0.08976007,-9.81,0.0,0.0,3.700012
35.36,35.23999,35.19,35.02,35.2024975,11.616824175,0.0,0.09995985,-0.02958012,0.0,2114.0,215.57,8.509322916666665,256.757125,2741.76,0.09995985,-0.02958012,-9.81,0.0,0.0,0.0
32.23999,31.899990000000003,32.099990000000005,31.81999,32.014990000000004,10.564946700000002,-3.199982,0.04997993,0.0397799,32.79999,1429.0,119.44,9.972057291666667,253.917390625,2743.04,0.04997993,0.0397799,-9.81,0.0,0.0,-3.199982
44.94,44.83,44.75999,44.62999,44.789995,14.78069835,-0.8999939,0.08976007,-0.05915999,0.0,1828.0,229.67,9.2937109375,263.432265625,2744.32,0.08976007,-0.05915999,-9.81,0.0,0.0,-0.8999939
49.67999,49.62,49.349990000000005,49.12,49.442495,16.316023350000002,-0.5,0.1693199,-0.04997993,13.5,2821.0,83.64,11.268854166666667,252.21815625,2745.6,0.1693199,-0.04997993,-9.81,0.0,0.0,-0.5
55.12,55.12999,55.03,55.2,55.1199975,18.189599175,2.700012,0.05915999,0.1193398999999999,0.0,2498.0,85.38,11.900828993055555,247.43412500000002,2746.88,0.05915999,0.1193398999999999,-9.81,0.0,0.0,2.700012
35.22,35.37999,35.09,34.98,35.167497499999996,11.605274175,-0.6999816999999999,0.0397799,0.02957988,23.5,1486.0,121.33,11.660772569444445,160.65648437500002,2748.16,0.0397799,0.02957988,-9.81,0.0,0.0,-0.6999816999999999
7.32,7.349997999999999,7.309997999999999,7.209999000000001,7.29749875,2.4081745875,-0.3999939,-0.3202801,0.009180069,0.0,1250.0,233.24,8.092638888888889,173.148484375,2749.44,-0.3202801,0.009180069,-9.81,0.0,0.0,-0.3999939
2.619995,2.4599990000000003,2.549995,2.369995,2.499996,0.82499868,-1.799988,-0.07956004,0.0,92.59998,877.0,233.21,7.933480902777777,180.679703125,2750.7200000000003,-0.07956004,0.0,-9.81,0.0,0.0,-1.799988
15.24,13.07,14.56,12.62,13.8725,4.5779250000000005,-21.69998,0.1091398999999999,-0.13974,228.0,1495.0,121.21,8.460920138888888,194.91276562500002,2752.0,0.1091398999999999,-0.13974,-9.81,0.0,0.0,-21.69998
0.0,0.0,0.0,0.0,0.0,0.0,0.0,-0.01938009,-0.009180069,234.9,890.0,233.22,9.502825520833333,190.97596875,2753.28,-0.01938009,-0.009180069,-9.81,0.0,0.0,0.0
80.06,80.09999,80.11,79.70999,79.994995,26.398348350000003,0.8000183000000001,0.02957988,0.009180069,5.099976,1982.0,80.4,10.237013888888889,203.652453125,2754.56,0.02957988,0.009180069,-9.81,0.0,0.0,0.8000183000000001
28.27,28.3,28.12,28.16,28.2125,9.310125,0.3999939,0.1999198999999999,0.009180069,0.0,2425.0,234.48,11.605798611111112,205.40993749999998,2755.84,0.1999198999999999,0.009180069,-9.81,0.0,0.0,0.3999939
27.64,27.55,27.5,27.53,27.555,9.09315,-1.0,0.02957988,0.009180069,23.5,1636.0,117.42,14.119635416666666,207.689859375,2757.12,0.02957988,0.009180069,-9.81,0.0,0.0,-1.0
20.57999,20.8,20.43,20.93999,20.687495,6.82687335,4.399994,-0.12954,0.05915999,0.0,1194.0,115.34,7.832413194444444,200.709234375,2758.4,-0.12954,0.05915999,-9.81,0.0,0.0,4.399994
47.47,47.14,47.47,47.17999,47.3149975,15.613949175,-2.100006,-0.01938009,-0.03978014,0.0,1391.0,259.41,12.881575520833334,182.156203125,2759.68,-0.01938009,-0.03978014,-9.81,0.0,0.0,-2.100006
9.489998,12.07999,8.339996000000001,11.07,10.244996,3.38084868,29.60001,0.16014,0.1193398999999999,0.0,1525.0,119.03,13.655416666666666,163.5081875,2760.96,0.16014,0.1193398999999999,-9.81,0.0,0.0,29.60001
29.00999,29.09,28.94,28.97,29.0024975,9.570824175,0.7000122,0.1091398999999999,-0.01938009,18.20001,2499.0,119.37,15.1049609375,155.155140625,2762.2400000000002,0.1091398999999999,-0.01938009,-9.81,0.0,0.0,0.7000122
88.11,87.81999,88.31,87.72,87.98999750000002,29.036699175000006,-2.399994,-0.03978014,-0.05915999,13.79999,2158.0,68.18,16.060125868055557,155.3171875,2763.52,-0.03978014,-0.05915999,-9.81,0.0,0.0,-2.399994
86.61,86.64,86.72,86.28,86.5625,28.565625,0.8999939,0.0,0.02957988,6.5,2157.0,68.77,14.291605902777778,90.04390625,2764.8,0.0,0.02957988,-9.81,0.0,0.0,0.8999939
29.0,29.08,28.89,28.77,28.935,9.54855,0.3999939,0.1999198999999999,-0.03978014,10.39996,2704.0,69.9,9.565920138888888,188.846109375,2766.08,0.1999198999999999,-0.03978014,-9.81,0.0,0.0,0.3999939
42.58,42.77,42.55,42.62999,42.6324975,14.068724175,1.399994,0.04997993,0.01937985,0.0,1831.0,271.02,10.188246527777778,203.072046875,2767.36,0.04997993,0.01937985,-9.81,0.0,0.0,1.399994
22.89,23.64999,22.75,23.27,23.1399975,7.636199175000001,5.399994,-0.2101199999999999,0.04997993,0.0,1204.0,272.68,8.252395833333333,236.384828125,2768.64,-0.2101199999999999,0.04997993,-9.81,0.0,0.0,5.399994
49.53999,50.37999,49.25999,50.17,49.83749250000001,16.446372525000005,12.10001,0.1091398999999999,0.3100800999999999,0.0,2069.0,70.38,7.1767751736111105,222.38528125,2769.92,0.1091398999999999,0.3100800999999999,-9.81,0.0,0.0,12.10001
1.879997,1.849998,1.9599990000000005,1.909996,1.8999975,0.626999175,0.2000122,0.1193398999999999,0.0397799,48.79999,1256.0,119.03,8.615095486111112,150.33668749999998,2771.2000000000003,0.1193398999999999,0.0397799,-9.81,0.0,0.0,0.2000122
37.92999,37.94,37.89999,37.87999,37.9124925,12.511122525000001,0.6000061,0.009180069,0.009180069,18.70001,2156.0,119.91,13.275768229166665,210.52659375000002,2772.48,0.009180069,0.009180069,-9.81,0.0,0.0,0.6000061
41.56,41.81,41.61,41.69,41.667500000000004,13.750275000000002,1.899994,0.02957988,0.009180069,14.29999,1781.0,119.03,13.757808159722224,210.86746875,2773.76,0.02957988,0.009180069,-9.81,0.0,0.0,1.899994
18.55,15.64999,17.98,14.96,16.784997500000003,5.5390491750000015,-32.10001,-0.08976007,-0.2193,269.9,1363.0,116.37,4.560963541666666,228.89800000000002,2775.04,-0.08976007,-0.2193,-9.81,0.0,0.0,-32.10001
0.0,0.0,0.0,0.0,0.0,0.0,0.0,0.01937985,0.0,0.0,760.0,275.92,6.898381076388889,197.02046875000002,2776.32,0.01937985,0.0,-9.81,0.0,0.0,0.0
65.62999,65.72,65.48,65.33,65.5399975,21.628199175,0.2000122,0.12954,0.009180069,7.399963,2653.0,72.92,9.101770833333333,205.561671875,2777.6,0.12954,0.009180069,-9.81,0.0,0.0,0.2000122
76.7,76.73999,76.61,76.44,76.62249750000001,25.285424175000003,1.200012,0.02957988,0.02957988,5.200012,2377.0,72.44,9.182777777777778,219.10778125,2778.88,0.02957988,0.02957988,-9.81,0.0,0.0,1.200012
79.09,78.69,79.48,78.8,79.015,26.07495,-2.299988,-0.03978014,-0.06936002,13.79999,1887.0,70.37,7.832274305555555,163.96096874999998,2780.16,-0.03978014,-0.06936002,-9.81,0.0,0.0,-2.299988
4.339996,4.8600010000000005,4.32,4.809998,4.58249875,1.5122245875,-5.199982,-0.009180069,0.01937985,0.0,886.0,114.22,6.921215277777778,171.93978125,2781.44,-0.009180069,0.01937985,-9.81,0.0,0.0,-5.199982
0.0,0.0,0.0,0.0,0.0,0.0,0.0,0.01937985,0.0,0.0,752.0,278.06,9.635503472222222,151.74645312500002,2782.7200000000003,0.01937985,0.0,-9.81,0.0,0.0,0.0
0.0,0.0,0.0,0.0,0.0,0.0,0.0,0.01937985,0.0,0.0,768.0,278.59,7.7374869791666665,150.84334375,2784.0,0.01937985,0.0,-9.81,0.0,0.0,0.0
14.00999,12.16,13.11,11.54,12.7049975,4.192649175,-19.10001,0.1091398999999999,-0.12954,231.8,1430.0,116.72,8.198155381944444,162.380140625,2785.28,0.1091398999999999,-0.12954,-9.81,0.0,0.0,-19.10001
19.07999,17.439989999999998,19.18,16.91,18.152495,5.99032335,-22.19998,-0.009180069,-0.12954,184.2,1595.0,116.74,8.081584201388889,178.190328125,2786.56,-0.009180069,-0.12954,-9.81,0.0,0.0,-22.19998
0.0,0.0,0.0,0.0,0.0,0.0,0.0,0.01937985,0.0,0.0,754.0,278.77,6.040403645833333,188.02965625000002,2787.84,0.01937985,0.0,-9.81,0.0,0.0,0.0
0.0,0.0,0.0,0.0,0.0,0.0,0.0,0.01937985,0.0,0.0,752.0,278.77,5.858342013888889,187.64703125,2789.12,0.01937985,0.0,-9.81,0.0,0.0,0.0
43.25999,43.27,43.05,42.98999,43.142495000000004,14.237023350000001,-0.1999817,0.1193398999999999,-0.009180069,20.89996,2486.0,115.98,10.975729166666667,218.61717187500003,2790.4,0.1193398999999999,-0.009180069,-9.81,0.0,0.0,-0.1999817
73.03,73.03999,72.75999,72.28999,72.7799925,24.017397525000003,-0.3999939,0.01937985,0.02957988,9.599976,1918.0,69.2,13.79624565972222,219.10512500000002,2791.68,0.01937985,0.02957988,-9.81,0.0,0.0,-0.3999939
67.20999,67.20999,67.12,66.87,67.102495,22.14382335,-0.2999877999999999,0.08976007,0.0,20.59998,2711.0,112.1,8.639891493055554,206.536265625,2792.96,0.08976007,0.0,-9.81,0.0,0.0,-0.2999877999999999
14.89999,15.07999,14.88,14.89999,14.9399925,4.9301975250000005,2.300018,-0.12954,0.009180069,0.0,1262.0,70.85,7.217144097222222,205.336484375,2794.2400000000002,-0.12954,0.009180069,-9.81,0.0,0.0,2.300018
17.50999,17.82,17.59,17.82999,17.687495,5.836873349999999,4.100006,0.009180069,0.04997993,0.0,1594.0,71.06,7.389874131944444,204.09035937500002,2795.52,0.009180069,0.04997993,-9.81,0.0,0.0,4.100006
71.78,71.75,71.58,71.45999,71.6424975,23.642024175000003,-0.2999877999999999,0.08976007,-0.009180069,22.29999,2899.0,116.64,7.748511284722222,204.320453125,2796.8,0.08976007,-0.009180069,-9.81,0.0,0.0,-0.2999877999999999
3.360001,3.389999,3.369995,3.3499980000000003,3.3674982499999997,1.1112744225,0.3999939,-0.04997993,-0.009180069,0.0,964.0,71.41,7.143741319444445,202.7011875,2798.08,-0.04997993,-0.009180069,-9.81,0.0,0.0,0.3999939
0.0,0.0,0.0,0.0,0.0,0.0,0.0,0.01937985,0.0,0.0,758.0,276.22,6.372478298611111,203.48700000000002,2799.36,0.01937985,0.0,-9.81,0.0,0.0,0.0
0.0,0.0,0.0,0.0,0.0,0.0,0.0,0.01937985,0.0,0.0,767.0,276.14,6.699453125,190.197890625,2800.64,0.01937985,0.0,-9.81,0.0,0.0,0.0
0.0,0.0,0.0,0.0,0.0,0.0,0.0,0.01937985,0.009180069,0.0,750.0,276.12,8.672990451388888,183.24706250000003,2801.92,0.01937985,0.009180069,-9.81,0.0,0.0,0.0
65.92999,65.92999,66.25999,65.98999,66.02749,21.7890717,-0.2999877999999999,-0.01938009,0.0,22.89996,1944.0,120.66,9.80302951388889,197.8490625,2803.2000000000003,-0.01938009,0.0,-9.81,0.0,0.0,-0.2999877999999999
62.81,62.22,62.72,61.91,62.415,20.59695,-6.399994,0.0,-0.1795201,40.79999,2020.0,120.38,9.591085069444444,211.6588125,2804.48,0.0,-0.1795201,-9.81,0.0,0.0,-6.399994
0.0,0.0,0.0,0.0,0.0,0.0,0.1000061,0.01937985,0.0,0.0,745.0,276.15,11.305403645833334,254.50128125000003,2805.76,0.01937985,0.0,-9.81,0.0,0.0,0.1000061
56.42,56.5,56.67,56.58,56.542500000000004,18.659025000000003,-0.1999817,-0.07956004,-0.009180069,23.39996,1685.0,120.2,11.691892361111112,255.014375,2807.04,-0.07956004,-0.009180069,-9.81,0.0,0.0,-0.1999817
86.61,86.59999,86.14,85.73,86.2699975,28.469099175000004,-0.1999817,0.0,0.0,21.29999,2650.0,123.11,14.97830295138889,245.94579687499998,2808.32,0.0,0.0,-9.81,0.0,0.0,-0.1999817
0.0,0.0,0.0,0.0,0.0,0.0,0.0,0.01937985,0.0,0.0,764.0,275.94,14.845559895833333,243.850296875,2809.6,0.01937985,0.0,-9.81,0.0,0.0,0.0
89.62999,89.59999,89.58,89.14,89.487495,29.53087335,-0.3999939,0.02957988,-0.01938009,22.09998,2221.0,123.28,15.402942708333331,243.949125,2810.88,0.02957988,-0.01938009,-9.81,0.0,0.0,-0.3999939
94.42999,94.36,94.22,93.8,94.2024975,31.086824175000004,0.0,0.02957988,0.0,20.59998,2338.0,125.51,15.472851562499999,241.53454687500002,2812.16,0.02957988,0.0,-9.81,0.0,0.0,0.0
95.53999,95.55,95.31999,95.06999,95.36999250000001,31.472097525000006,0.0,0.0,-0.01938009,21.79999,2369.0,125.93,15.778858506944445,241.39742187500002,2813.44,0.0,-0.01938009,-9.81,0.0,0.0,0.0
95.31,95.14,95.06,94.55,95.015,31.354950000000002,-0.3999939,0.0,-0.009180069,22.20001,2368.0,125.9,15.164605034722221,240.70515625,2814.7200000000003,0.0,-0.009180069,-9.81,0.0,0.0,-0.3999939
70.55,70.48999,70.75999,70.22,70.50499500000001,23.266648350000004,0.3000183,-0.01938009,0.0,8.899963,1713.0,75.71,15.340368923611113,240.8396875,2816.0,-0.01938009,0.0,-9.81,0.0,0.0,0.3000183
81.31,81.20999,81.22,80.92,81.1649975,26.784449175000002,0.0,-0.03978014,0.009180069,21.0,1988.0,116.9,10.678875868055554,255.741,2817.28,-0.03978014,0.009180069,-9.81,0.0,0.0,0.0
70.86,70.48999,71.06999,70.09999,70.6299925,23.307897525,-4.0,-0.009180069,-0.13974,18.59998,2864.0,73.9,11.647009548611111,220.90415625000003,2818.56,-0.009180069,-0.13974,-9.81,0.0,0.0,-4.0
0.0,0.0,0.0,0.0,0.0,0.0,0.0,0.01937985,0.009180069,0.0,757.0,278.45,10.1979296875,222.46589062500001,2819.84,0.01937985,0.009180069,-9.81,0.0,0.0,0.0
0.0,0.0,0.0,0.0,0.0,0.0,0.0,0.01937985,0.0,0.0,765.0,278.62,7.024136284722222,212.62073437499998,2821.12,0.01937985,0.0,-9.81,0.0,0.0,0.0
0.0,0.0,0.0,0.0,0.0,0.0,0.0,0.02957988,0.0,0.0,853.0,278.77,6.277217881944445,217.422734375,2822.4,0.02957988,0.0,-9.81,0.0,0.0,0.0
66.51999,66.5,66.34,66.22,66.3949975,21.910349175,1.200012,0.05915999,0.01937985,5.099976,2037.0,72.78,11.938858506944445,136.744921875,2823.68,0.05915999,0.01937985,-9.81,0.0,0.0,1.200012
30.97,30.48,30.73,30.45,30.657500000000002,10.116975000000002,-3.5,0.01937985,-0.009180069,37.0,1449.0,117.06,12.320941840277778,133.1983125,2824.96,0.01937985,-0.009180069,-9.81,0.0,0.0,-3.5
32.14,32.209990000000005,31.629990000000003,32.09,32.017495000000004,10.565773350000002,4.700012,-0.009180069,0.09995985,2.0,1321.0,117.27,11.723736979166667,133.627828125,2826.2400000000002,-0.009180069,0.09995985,-9.81,0.0,0.0,4.700012
26.43,26.67,26.32,26.5,26.48,8.7384,2.899994,0.01937985,0.06936002,0.0,1688.0,287.95,10.951380208333333,238.35384375,2827.52,0.01937985,0.06936002,-9.81,0.0,0.0,2.899994
40.27,40.37999,40.23999,40.17999,40.2674925,13.288272525000002,2.800018,0.1091398999999999,0.09995985,0.0,1693.0,76.74,11.415577256944445,148.68043749999998,2828.8,0.1091398999999999,0.09995985,-9.81,0.0,0.0,2.800018
45.05,44.959990000000005,44.87999,44.75999,44.9124925,14.821122525,0.6000061,0.04997993,0.009180069,0.0,2588.0,302.62,11.8193359375,141.10501562500002,2830.08,0.04997993,0.009180069,-9.81,0.0,0.0,0.6000061
52.25999,52.26999,52.45,52.209990000000005,52.297492500000004,17.258172525000003,0.0,-0.02958012,0.02957988,8.899963,1553.0,78.97,7.291870659722223,138.330625,2831.36,-0.02958012,0.02957988,-9.81,0.0,0.0,0.0
8.079994000000001,6.939995,7.799995,6.639999,7.36499575,2.4304485975000003,-11.89999,-0.02958012,0.0397799,138.8,1149.0,307.92,4.851627604166667,145.264203125,2832.64,-0.02958012,0.0397799,-9.81,0.0,0.0,-11.89999
3.82,3.989998,3.699997,3.939995,3.8624975,1.274624175,-2.199982,-0.13974,-0.01938009,0.0,1349.0,308.13,6.890546875,182.43690625,2833.92,-0.13974,-0.01938009,-9.81,0.0,0.0,-2.199982
21.75,21.27,21.6,21.25,21.4675,7.084275000000001,-4.0,0.1193398999999999,0.0,0.0,2723.0,306.95,8.898880208333333,126.42925,2835.2000000000003,0.1193398999999999,0.0,-9.81,0.0,0.0,-4.0
46.08,46.02,45.81,45.81,45.93,15.1569,-0.3999939,0.0397799,0.0,0.0,1884.0,303.59,10.025512152777777,126.73078125,2836.48,0.0397799,0.0,-9.81,0.0,0.0,-0.3999939
9.349998,7.25,7.939995,5.5,7.50999825,2.4782994225,-27.79999,0.1193398999999999,-0.06936002,432.2,1305.0,116.51,11.903038194444445,146.608265625,2837.76,0.1193398999999999,-0.06936002,-9.81,0.0,0.0,-27.79999
13.97,14.04,13.54,13.8,13.837499999999999,4.566375,1.399994,0.08976007,0.009180069,0.0,1451.0,116.71,13.245460069444443,143.511,2839.04,0.08976007,0.009180069,-9.81,0.0,0.0,1.399994
72.34,71.84,72.01999,71.5,71.9249975,23.735249175000003,-3.100006,-0.04997993,-0.09996009,0.0,1773.0,287.29,14.270455729166665,142.11271874999997,2840.32,-0.04997993,-0.09996009,-9.81,0.0,0.0,-3.100006
58.89999,58.98,58.73,58.51999,58.782495,19.39822335,1.600006,0.05915999,0.01937985,5.099976,1875.0,74.62,12.692482638888889,141.4496875,2841.6,0.05915999,0.01937985,-9.81,0.0,0.0,1.600006
27.64,27.46,27.71,27.50999,27.5799975,9.101399175000001,-1.600006,0.0,0.0,28.20001,1568.0,118.07,14.137660590277777,145.711265625,2842.88,0.0,0.0,-9.81,0.0,0.0,-1.600006
64.73999,64.56999,64.87999,64.28,64.6174925,21.323772525,-2.299988,0.0,-0.04997993,15.89996,1700.0,71.23,13.2831640625,152.61715625,2844.16,0.0,-0.04997993,-9.81,0.0,0.0,-2.299988
56.98999,57.12999,56.75,56.62,56.872495,18.76792335,0.3999939,-0.009180069,0.0397799,0.0,2289.0,268.16,14.123758680555556,145.31625,2845.44,-0.009180069,0.0397799,-9.81,0.0,0.0,0.3999939
18.93999,19.63,18.96,19.54,19.2674975,6.358274175000001,7.300018,-0.27948,0.0397799,0.0,1273.0,72.19,6.856002604166667,145.674859375,2846.7200000000003,-0.27948,0.0397799,-9.81,0.0,0.0,7.300018
18.71,19.66,18.67,19.52,19.14,6.3162,9.300018,-0.09996009,0.2101199999999999,0.0,1197.0,117.41,9.655312499999999,165.87278125,2848.0,-0.09996009,0.2101199999999999,-9.81,0.0,0.0,9.300018
36.86,34.929990000000004,36.61,34.23999,35.659995,11.767798350000001,-23.0,0.05915999,-0.3896401,105.3,1518.0,73.64,10.339796006944445,162.07471875,2849.28,0.05915999,-0.3896401,-9.81,0.0,0.0,-23.0
13.34,13.14,13.32,13.09,13.2225,4.363425,-2.799988,-0.1693201,-0.009180069,52.0,1243.0,118.3,11.163372395833333,157.46340625,2850.56,-0.1693201,-0.009180069,-9.81,0.0,0.0,-2.799988
60.349990000000005,60.09,60.34,60.25,60.2574975,19.884974175,-0.5,-0.009180069,0.0,0.0,1845.0,256.93,11.691085069444444,155.573171875,2851.84,-0.009180069,0.0,-9.81,0.0,0.0,-0.5
0.0,0.0,0.0,0.0,0.0,0.0,0.1000061,0.01937985,0.0,59.09998,759.0,117.99,12.592621527777776,161.798578125,2853.12,0.01937985,0.0,-9.81,0.0,0.0,0.1000061
67.64,67.59999,68.03,68.03,67.8249975,22.382249175,1.100006,-0.05915999,0.01937985,0.0,1643.0,243.39,13.58907986111111,164.62728125,2854.4,-0.05915999,0.01937985,-9.81,0.0,0.0,1.100006
55.76999,55.67,55.62,55.66,55.6799975,18.374399175,0.3999939,-0.4202399,0.01937985,0.0,1341.0,236.55,13.556193576388889,197.40415625,2855.68,-0.4202399,0.01937985,-9.81,0.0,0.0,0.3999939
2.599998,2.339996,2.579994,2.349998,2.4674965,0.8142738450000001,2.700012,-0.03978014,0.06936002,142.7,1013.0,233.95,9.45986545138889,195.6441875,2856.96,-0.03978014,0.06936002,-9.81,0.0,0.0,2.700012
16.55,16.34,16.99,16.38,16.564999999999998,5.466449999999999,-2.699982,0.01937985,0.1193398999999999,1.299988,1566.0,120.03,11.96556423611111,231.07790625,2858.2400000000002,0.01937985,0.1193398999999999,-9.81,0.0,0.0,-2.699982
25.35,25.37,25.32,25.50999,25.3874975,8.377874175,0.0,0.02957988,0.01937985,19.09998,1551.0,120.92,11.102118055555556,247.02854687500002,2859.52,0.02957988,0.01937985,-9.81,0.0,0.0,0.0
13.14,14.85,12.71,14.59,13.822500000000002,4.561425000000001,20.0,-0.1693201,0.1693199,0.0,1255.0,121.06,9.284171006944444,235.434453125,2860.8,-0.1693201,0.1693199,-9.81,0.0,0.0,20.0
10.5,8.779999,10.04,8.18,9.37499975,3.0937499175000003,-20.19998,-0.03978014,-0.1999198999999999,332.6,1262.0,121.05,8.743146701388888,261.618875,2862.08,-0.03978014,-0.1999198999999999,-9.81,0.0,0.0,-20.19998
57.81,57.67,57.69,57.61,57.69500000000001,19.039350000000002,0.0,-0.04997993,0.02957988,0.0,1722.0,228.71,8.758823784722221,227.813046875,2863.36,-0.04997993,0.02957988,-9.81,0.0,0.0,0.0
10.16,7.919998,9.259995,6.949997,8.5724975,2.8289241750000005,-26.79999,0.05915999,-0.09996009,391.9,1390.0,120.47,9.612204861111111,203.53973437500002,2864.64,0.05915999,-0.09996009,-9.81,0.0,0.0,-26.79999
34.959990000000005,33.73999,34.78999,33.25999,34.187490000000004,11.281871700000002,-14.699979999999998,0.09995985,-0.29988,79.39996,1407.0,72.48,11.0816015625,242.26617187499997,2865.92,0.09995985,-0.29988,-9.81,0.0,0.0,-14.699979999999998
21.96,21.56,21.86,21.54,21.729999999999997,7.1709,-5.600006,0.05915999,-0.09996009,60.89996,1875.0,120.03,11.62483940972222,199.55656249999998,2867.2000000000003,0.05915999,-0.09996009,-9.81,0.0,0.0,-5.600006
39.17999,38.95,38.95,38.83,38.9774975,12.862574175,-1.0,-0.2193,0.0397799,0.0,1084.0,213.22,9.208763020833334,224.734609375,2868.48,-0.2193,0.0397799,-9.81,0.0,0.0,-1.0
17.3,19.71999,16.81,19.36,18.2974975,6.038174175,26.10001,0.05915999,0.1999198999999999,0.0,1705.0,119.66,9.731736111111111,281.270546875,2869.76,0.05915999,0.1999198999999999,-9.81,0.0,0.0,26.10001
9.019997,8.739998,8.979996,8.739998,8.86999725,2.9270990925,-2.799988,-0.02958012,0.08976007,32.79999,1182.0,118.76,8.680177951388888,218.37848437500003,2871.04,-0.02958012,0.08976007,-9.81,0.0,0.0,-2.799988
34.12,34.56,33.97,34.33,34.245000000000005,11.300850000000002,4.5,0.05915999,0.05915999,0.5,2059.0,117.97,13.12478298611111,165.25971875,2872.32,0.05915999,0.05915999,-9.81,0.0,0.0,4.5
57.48,57.39999,57.64,57.099990000000005,57.404995,18.94364835,-1.100006,-0.03978014,-0.01938009,12.20001,1726.0,77.71,13.520043402777777,227.24240625000002,2873.6,-0.03978014,-0.01938009,-9.81,0.0,0.0,-1.100006
42.92,42.67999,42.86,42.37,42.7074975,14.093474175,-4.0,0.01937985,-0.05915999,32.70001,1727.0,118.18,11.886714409722222,278.557734375,2874.88,0.01937985,-0.05915999,-9.81,0.0,0.0,-4.0
19.84,18.00999,19.67,17.73,18.8124975,6.208124175,-19.60001,-0.03978014,-0.2397001,163.4,1403.0,74.94,8.140716145833332,208.033734375,2876.16,-0.03978014,-0.2397001,-9.81,0.0,0.0,-19.60001
20.74,16.39,19.39,14.5,17.755,5.85915,-50.5,-0.1693201,-0.51,385.6,1741.0,74.83,5.864626736111111,147.75845312500002,2877.44,-0.1693201,-0.51,-9.81,0.0,0.0,-50.5
45.959990000000005,46.06,45.81,45.84,45.9174975,15.152774175000001,1.100006,0.06936002,0.08976007,1.599976,1908.0,75.06,10.463472222222222,285.9465,2878.7200000000003,0.06936002,0.08976007,-9.81,0.0,0.0,1.100006
51.62,51.55,51.8,51.39999,51.59249749999999,17.025524174999997,-0.3999939,0.009180069,0.009180069,10.89996,2155.0,75.64,9.773198784722222,231.18646875,2880.0,0.009180069,0.009180069,-9.81,0.0,0.0,-0.3999939
49.45,49.28,49.53999,49.08,49.3374975,16.281374175,-2.100006,0.0,0.0,12.59998,1574.0,75.8,11.54082465277778,157.798234375,2881.28,0.0,0.0,-9.81,0.0,0.0,-2.100006
39.03,38.8,39.08,38.7,38.9025,12.837825000000002,-2.699982,-0.02958012,-0.02958012,21.79999,1243.0,76.39,8.6991796875,148.064078125,2882.56,-0.02958012,-0.02958012,-9.81,0.0,0.0,-2.699982
28.14,28.179990000000004,28.06999,28.03,28.104995000000002,9.274648350000001,0.2000122,0.07956004,0.0,19.09998,2439.0,120.51,7.978372395833334,226.49082812500004,2883.84,0.07956004,0.0,-9.81,0.0,0.0,0.2000122
15.32999,14.92,15.24,14.8,15.0724975,4.9739241750000005,-3.799988,0.0,-0.03978014,0.0,1379.0,146.05,8.394596354166666,210.708734375,2885.12,0.0,-0.03978014,-9.81,0.0,0.0,-3.799988
16.14999,16.17,16.21999,16.11,16.162495,5.33362335,0.6000061,-0.02958012,0.02957988,0.0,1245.0,145.65,7.990247395833332,226.18293749999998,2886.4,-0.02958012,0.02957988,-9.81,0.0,0.0,0.6000061
14.22,11.96,13.5,11.25,12.7325,4.201725000000001,-25.10001,0.06936002,-0.1897202,294.3,1483.0,120.41,8.174375,259.01614062500005,2887.68,0.06936002,-0.1897202,-9.81,0.0,0.0,-25.10001
56.08,55.8,56.37999,55.66,55.979997499999996,18.473399175,-2.899994,-0.02958012,-0.02958012,16.89996,1648.0,77.21,11.102921006944445,140.4494375,2888.96,-0.02958012,-0.02958012,-9.81,0.0,0.0,-2.899994
45.0,45.06999,44.87,44.83,44.9424975,14.831024175000001,1.0,0.08976007,0.04997993,0.0,1885.0,144.34,11.669678819444444,146.51471875,2890.2400000000002,0.08976007,0.04997993,-9.81,0.0,0.0,1.0
50.5,50.39999,50.56999,50.209990000000005,50.4199925,16.638597525,-2.100006,0.0,0.0,13.79999,1664.0,77.9,10.339765625,151.62507812500002,2891.52,0.0,0.0,-9.81,0.0,0.0,-2.100006
16.05,19.07,15.28,18.32999,17.1824975,5.670224175,33.10001,0.04997993,0.2396998,0.0,1549.0,121.0,10.138702256944445,240.39573437500002,2892.8,0.04997993,0.2396998,-9.81,0.0,0.0,33.10001
24.52,24.59,24.49,24.56,24.54,8.0982,1.100006,0.07956004,0.009180069,15.89996,2166.0,120.89,11.250768229166667,256.744640625,2894.08,0.07956004,0.009180069,-9.81,0.0,0.0,1.100006
46.08,45.62999,46.28999,45.61,45.902495,15.147823350000001,-5.0,-0.03978014,-0.08976007,25.59998,1357.0,82.41,9.973637152777778,212.854890625,2895.36,-0.03978014,-0.08976007,-9.81,0.0,0.0,-5.0
32.25,31.73999,32.00999,31.66,31.914994999999998,10.53194835,-2.5,-0.009180069,-0.03978014,30.20001,1288.0,120.59,6.71044704861111,212.068234375,2896.64,-0.009180069,-0.03978014,-9.81,0.0,0.0,-2.5
30.75999,30.78,30.47,30.66,30.6674975,10.120274175,1.800018,-0.009180069,0.05915999,0.0,1260.0,148.39,6.592413194444444,199.91515625,2897.92,-0.009180069,0.05915999,-9.81,0.0,0.0,1.800018
19.56,18.88,19.45,18.66,19.1375,6.315375,-7.299988000000001,0.14994,-0.05915999,62.89996,1788.0,83.28,8.573480902777778,213.550609375,2899.2000000000003,0.14994,-0.05915999,-9.81,0.0,0.0,-7.299988000000001
46.849990000000005,46.59,47.02,46.22,46.6699975,15.401099175,-3.100006,0.08976007,-0.1193398999999999,20.79999,2118.0,84.55,13.571532118055554,219.3550625,2900.48,0.08976007,-0.1193398999999999,-9.81,0.0,0.0,-3.100006
49.87,50.14,49.95,50.12999,50.02249749999999,16.507424174999997,1.800018,-0.03978014,0.08976007,0.0,1513.0,145.7,13.166102430555554,222.86575000000002,2901.76,-0.03978014,0.08976007,-9.81,0.0,0.0,1.800018
52.78,52.78999,52.53,52.22,52.5799975,17.351399175,0.1000061,-0.04997993,0.02957988,0.0,1550.0,144.67,14.697317708333333,231.669390625,2903.04,-0.04997993,0.02957988,-9.81,0.0,0.0,0.1000061
44.64999,43.98999,44.59,43.75,44.244995,14.600848350000001,-3.299988,-0.06936002,-0.13974,33.59998,1300.0,115.95,14.683854166666666,235.05632812500002,2904.32,-0.06936002,-0.13974,-9.81,0.0,0.0,-3.299988
62.64,62.459990000000005,62.56999,62.17,62.459995000000006,20.611798350000004,-1.600006,0.01937985,-0.03978014,11.39996,1656.0,80.01,12.056345486111109,145.207609375,2905.6,0.01937985,-0.03978014,-9.81,0.0,0.0,-1.600006
34.319990000000004,34.37999,34.39,34.36,34.362495,11.339623350000002,-0.3999939,-0.06936002,0.0397799,20.89996,1342.0,116.67,12.20157986111111,138.82621875,2906.88,-0.06936002,0.0397799,-9.81,0.0,0.0,-0.3999939
34.05,33.66,33.97,33.47,33.787499999999994,11.149874999999998,-3.299988,0.0,-0.04997993,0.0,1483.0,142.89,11.67125,132.438578125,2908.16,0.0,-0.04997993,-9.81,0.0,0.0,-3.299988
23.87,24.55,24.03,24.36,24.2025,7.9868250000000005,7.0,0.02957988,0.08976007,0.0,1890.0,117.97,12.35890625,154.066625,2909.44,0.02957988,0.08976007,-9.81,0.0,0.0,7.0
27.1,26.96,27.06,26.93,27.012500000000003,8.914125000000002,-1.100006,0.01937985,0.04997993,25.5,1156.0,119.17,11.95724392361111,117.32556249999999,2910.7200000000003,0.01937985,0.04997993,-9.81,0.0,0.0,-1.100006
33.47,33.02,33.23999,32.53,33.064997500000004,10.911449175000001,-6.299988,0.08976007,-0.09996009,0.0,1741.0,173.17,5.298637152777778,210.743421875,2912.0,0.08976007,-0.09996009,-9.81,0.0,0.0,-6.299988
25.67,25.7,25.71999,25.75,25.7099975,8.484299175,1.200012,-0.01938009,0.0,0.0,1280.0,177.73,7.1220095486111115,206.29193749999996,2913.28,-0.01938009,0.0,-9.81,0.0,0.0,1.200012
62.03999,62.05,62.03,61.75,61.9674975,20.449274175,-0.2999877999999999,0.06936002,0.009180069,9.0,1943.0,99.88,11.442204861111112,139.02959375,2914.56,0.06936002,0.009180069,-9.81,0.0,0.0,-0.2999877999999999
0.0,0.0,0.0,0.0,0.0,0.0,-0.6999816999999999,-0.02958012,0.04997993,156.4,901.0,118.36,9.199826388888887,162.494046875,2915.84,-0.02958012,0.04997993,-9.81,0.0,0.0,-0.6999816999999999
32.28999,32.36,32.3,32.36,32.3274975,10.668074175000001,0.7000122,0.08976007,0.0,16.29999,2623.0,117.71,13.071927083333332,144.498359375,2917.12,0.08976007,0.0,-9.81,0.0,0.0,0.7000122
37.66,37.709990000000005,37.61,37.56,37.6349975,12.419549175,1.399994,-0.02958012,0.0,15.5,1458.0,118.5,12.946788194444444,138.297140625,2918.4,-0.02958012,0.0,-9.81,0.0,0.0,1.399994
32.78,32.53,32.7,32.56,32.6425,10.772025,-0.6000061,-0.1193398999999999,-0.03978014,26.89996,1295.0,118.94,12.967395833333333,141.2895625,2919.68,-0.1193398999999999,-0.03978014,-9.81,0.0,0.0,-0.6000061
35.37999,35.39,35.37,35.28,35.3549975,11.667149175000002,0.0,0.009180069,0.009180069,20.29999,2026.0,118.85,14.656809895833334,121.334609375,2920.96,0.009180069,0.009180069,-9.81,0.0,0.0,0.0
42.39999,42.37,42.25999,41.89,42.229995,13.935898350000002,-0.2999877999999999,-0.01938009,0.0,0.0,1709.0,214.68,14.501679687500001,120.309296875,2922.2400000000002,-0.01938009,0.0,-9.81,0.0,0.0,-0.2999877999999999
42.39,42.75999,42.349990000000005,42.62,42.529995,14.03489835,3.100006,-0.07956004,0.04997993,0.0,1686.0,212.03,13.570455729166667,116.909921875,2923.52,-0.07956004,0.04997993,-9.81,0.0,0.0,3.100006
77.56999,77.62,77.75999,77.48,77.60749500000001,25.610473350000007,0.3000183,-0.01938009,0.009180069,7.700011999999999,1923.0,100.57,12.47177517361111,117.86646875,2924.8,-0.01938009,0.009180069,-9.81,0.0,0.0,0.3000183
32.3,31.98999,32.25999,31.81,32.089994999999995,10.589698349999999,-3.600006,0.07956004,-0.009180069,36.39996,1880.0,116.14,10.131072048611111,223.32696875,2926.08,0.07956004,-0.009180069,-9.81,0.0,0.0,-3.600006
29.48999,29.28,29.72,29.3,29.4474975,9.717674175,-0.1999817,0.0,-0.07956004,0.0,1214.0,200.17,10.407968749999998,220.03365625,2927.36,0.0,-0.07956004,-9.81,0.0,0.0,-0.1999817
77.28,77.25999,77.36,76.95,77.2124975,25.480124175,-1.100006,0.04997993,0.02957988,10.39996,2563.0,104.19,13.364730902777778,238.392890625,2928.64,0.04997993,0.02957988,-9.81,0.0,0.0,-1.100006
48.22,48.50999,48.23999,48.47,48.359995,15.95879835,3.300018,0.0,0.05915999,0.0,2078.0,186.35,14.205394965277778,178.957203125,2929.92,0.0,0.05915999,-9.81,0.0,0.0,3.300018
49.89,49.599990000000005,49.75,49.48,49.6799975,16.394399175,-2.5,0.009180069,-0.03978014,0.0,2067.0,188.24,13.924618055555555,190.645125,2931.2000000000003,0.009180069,-0.03978014,-9.81,0.0,0.0,-2.5
27.92,27.81,27.649990000000003,27.57999,27.739995,9.15419835,-0.7999878,-0.1193398999999999,0.04997993,23.5,1266.0,117.1,12.622178819444443,196.26935937500002,2932.48,-0.1193398999999999,0.04997993,-9.81,0.0,0.0,-0.7999878
5.18,5.309998,5.029999,5.209999,5.182499,1.7102246700000001,1.200012,0.1193398999999999,-0.07956004,0.0,1455.0,192.74,7.1843880208333335,173.929671875,2933.76,0.1193398999999999,-0.07956004,-9.81,0.0,0.0,1.200012
31.87,30.27,31.84999,30.08,31.0174975,10.235774175000001,-16.39999,-0.05915999,-0.2397001,85.70000999999999,1228.0,110.57,5.843984375,198.583859375,2935.04,-0.05915999,-0.2397001,-9.81,0.0,0.0,-16.39999
1.220001,1.209999,1.18,1.18,1.1974999999999998,0.39517499999999994,0.0,-0.02958012,-0.009180069,0.0,966.0,194.69,8.615451388888888,193.9184375,2936.32,-0.02958012,-0.009180069,-9.81,0.0,0.0,0.0
0.0,0.0,0.0,0.0,0.0,0.0,0.1000061,0.05915999,-0.01938009,0.0,796.0,196.53,9.398263888888888,194.97751562500002,2937.6,0.05915999,-0.01938009,-9.81,0.0,0.0,0.1000061
0.0,0.0,0.0,0.0,0.0,0.0,0.1000061,0.05915999,-0.01938009,0.0,796.0,198.14,9.801276041666666,192.80990624999998,2938.88,0.05915999,-0.01938009,-9.81,0.0,0.0,0.1000061
77.25999,77.2,77.23999,76.89999,77.1499925,25.459497525,0.3000183,0.009180069,0.009180069,7.700011999999999,2240.0,111.84,9.962369791666667,195.07967187500003,2940.16,0.009180069,0.009180069,-9.81,0.0,0.0,0.3000183
22.85,23.16,22.7,23.07,22.945,7.57185,4.0,0.2600999,0.0397799,0.0,2035.0,201.73,12.608932291666667,217.65835937499997,2941.44,0.2600999,0.0397799,-9.81,0.0,0.0,4.0
78.33,78.34,78.34999,77.81999,78.209995,25.809298350000002,0.0,0.04997993,0.009180069,8.5,2011.0,113.75,13.928155381944444,198.23959374999998,2942.7200000000003,0.04997993,0.009180069,-9.81,0.0,0.0,0.0
26.46,26.3,26.57999,26.49,26.4574975,8.730974175,0.0,-0.12954,-0.01938009,23.5,1091.0,115.44,14.105477430555556,200.25154687499997,2944.0,-0.12954,-0.01938009,-9.81,0.0,0.0,0.0
52.81,52.75999,52.53999,52.42999,52.6349925,17.369547525,0.2000122,0.04997993,0.01937985,0.0,1838.0,222.76,15.254730902777776,220.00053125,2945.28,0.04997993,0.01937985,-9.81,0.0,0.0,0.2000122
34.89999,34.77,34.91,34.58,34.7899975,11.480699175,-1.100006,0.04997993,-0.01938009,27.39996,1575.0,117.18,7.786158854166667,164.58640625,2946.56,0.04997993,-0.01938009,-9.81,0.0,0.0,-1.100006
54.23,54.53999,54.03,54.01999,54.204995000000004,17.887648350000003,2.5,0.09995985,0.04997993,0.7000122,2203.0,115.8,8.751423611111111,161.67612499999998,2947.84,0.09995985,0.04997993,-9.81,0.0,0.0,2.5
34.42,34.209990000000005,34.209990000000005,33.87999,34.179992500000004,11.279397525000002,-3.0,0.0,-0.009180069,33.39996,1433.0,115.76,12.704618055555557,218.90190625000002,2949.12,0.0,-0.009180069,-9.81,0.0,0.0,-3.0
30.44,30.19,30.379990000000003,30.39,30.3499975,10.015499175,-1.600006,-0.03978014,0.0397799,29.09998,1196.0,114.75,11.151028645833332,172.70185937499997,2950.4,-0.03978014,0.0397799,-9.81,0.0,0.0,-1.600006
38.06999,38.05,37.83,37.84,37.9474975,12.522674174999999,0.1000061,-0.37026,0.0397799,0.0,1145.0,213.4,12.160082465277778,151.63628125000002,2951.68,-0.37026,0.0397799,-9.81,0.0,0.0,0.1000061
80.45999,80.53999,80.7,80.39,80.52249499999999,26.572423349999998,0.8000183000000001,0.0,0.009180069,6.599976,1999.0,109.25,8.385711805555555,137.261375,2952.96,0.0,0.009180069,-9.81,0.0,0.0,0.8000183000000001
70.09,69.98,70.19,69.75999,70.0049975,23.101649175000002,0.3000183,-0.03978014,-0.01938009,9.0,1676.0,110.2,6.578841145833334,134.534953125,2954.2400000000002,-0.03978014,-0.01938009,-9.81,0.0,0.0,0.3000183
3.389999,3.689995,3.309998,3.610001,3.49999825,1.1549994225,3.100006,0.06936002,-0.02958012,0.0,1000.0,213.12,6.370208333333332,127.07050000000001,2955.52,0.06936002,-0.02958012,-9.81,0.0,0.0,3.100006
2.809998,2.659996,2.75,2.57,2.6974985,0.8901745050000001,-1.399994,0.009180069,0.009180069,41.79999,896.0,215.72,11.545134548611111,296.458875,2956.8,0.009180069,0.009180069,-9.81,0.0,0.0,-1.399994
66.95999,67.12999,67.23,66.84999,67.04249250000001,22.124022525000004,0.8000183000000001,0.009180069,-0.02958012,8.5,1961.0,125.72,12.556805555555556,305.11546875,2958.08,0.009180069,-0.02958012,-9.81,0.0,0.0,0.8000183000000001
11.3,9.889999,10.98,9.419998,10.397499250000001,3.4311747525000005,-15.79999,0.05915999,-0.05915999,158.4,1109.0,215.3,12.791757812499998,304.92140625,2959.36,0.05915999,-0.05915999,-9.81,0.0,0.0,-15.79999
72.53,72.53999,72.62,72.34999,72.509995,23.928298350000002,0.8999939,0.01937985,0.02957988,7.200011999999999,2212.0,125.5,13.090082465277778,204.092046875,2960.64,0.01937985,0.02957988,-9.81,0.0,0.0,0.8999939
22.91,22.95,22.93999,22.74,22.8849975,7.5520491750000005,0.3000183,-0.01938009,-0.01938009,0.0,1892.0,215.89,13.683710937499999,200.29612500000002,2961.92,-0.01938009,-0.01938009,-9.81,0.0,0.0,0.3000183
55.17,54.94,55.09,54.83,55.00749999999999,18.152475,-0.1000061,-0.02958012,0.02957988,20.70001,1634.0,112.58,15.82443576388889,203.211,2963.2000000000003,-0.02958012,0.02957988,-9.81,0.0,0.0,-0.1000061
74.81,74.78,75.45999,74.56999,74.904995,24.718648350000002,0.3999939,0.0,-0.009180069,8.700012,1856.0,123.23,15.932504340277777,201.623640625,2964.48,0.0,-0.009180069,-9.81,0.0,0.0,0.3999939
71.58,71.33,71.78999,71.12999,71.45749500000001,23.580973350000004,-1.199982,0.0,-0.05915999,13.39996,1768.0,124.04,15.69161892361111,316.85823437500005,2965.76,0.0,-0.05915999,-9.81,0.0,0.0,-1.199982
61.599990000000005,61.69,61.67999,61.39,61.589995,20.324698350000002,-0.1000061,0.02957988,-0.03978014,11.29999,1917.0,128.93,14.641210937499999,321.13234375,2967.04,0.02957988,-0.03978014,-9.81,0.0,0.0,-0.1000061
56.73,56.81,56.81,56.66,56.7525,18.728325,1.700012,0.0,0.04997993,15.0,1735.0,108.3,14.753511284722222,320.6936875,2968.32,0.0,0.04997993,-9.81,0.0,0.0,1.700012
40.67999,41.87,40.78,41.72,41.262497499999995,13.616624174999998,12.5,-0.07956004,0.2600999,0.0,1232.0,133.46,13.18422309027778,312.068453125,2969.6,-0.07956004,0.2600999,-9.81,0.0,0.0,12.5
53.33,53.31,52.92999,53.03999,53.152495,17.54032335,0.8999939,0.01937985,0.02957988,16.70001,1701.0,104.34,12.032469618055558,324.233515625,2970.88,0.01937985,0.02957988,-9.81,0.0,0.0,0.8999939
16.71999,16.68,16.64999,16.66,16.677495,5.503573350000001,-0.1999817,-0.01938009,0.01937985,0.0,1261.0,258.28,10.956671006944443,324.3449375,2972.16,-0.01938009,0.01937985,-9.81,0.0,0.0,-0.1999817
0.0,0.0,0.0,0.0,0.0,0.0,0.0,0.1693199,0.009180069,3.700012,790.0,259.55,10.93087673611111,153.00717187499998,2973.44,0.1693199,0.009180069,-9.81,0.0,0.0,0.0
0.0,0.0,0.0,0.0,0.0,0.0,0.0,0.16014,0.009180069,3.700012,782.0,259.56,11.72004340277778,163.47954687499998,2974.7200000000003,0.16014,0.009180069,-9.81,0.0,0.0,0.0
54.459990000000005,54.81999,54.37,54.61,54.564994999999996,18.00644835,3.700012,-0.03978014,0.08976007,6.5,1629.0,104.45,11.619431423611111,261.139453125,2976.0,-0.03978014,0.08976007,-9.81,0.0,0.0,3.700012
0.0,0.0,0.0,0.0,0.0,0.0,0.0,0.1693199,0.009180069,3.700012,793.0,259.66,11.36212673611111,254.89657812499996,2977.28,0.1693199,0.009180069,-9.81,0.0,0.0,0.0
0.0,0.0,0.0,0.0,0.0,0.0,0.1000061,0.1693199,0.01937985,3.700012,792.0,259.75,12.010533854166667,252.23307812499996,2978.56,0.1693199,0.01937985,-9.81,0.0,0.0,0.1000061
81.87,81.86,81.98999,81.20999,81.732495,26.97172335,-1.799988,0.04997993,-0.06936002,14.59998,2117.0,152.66,12.211983506944446,262.044875,2979.84,0.04997993,-0.06936002,-9.81,0.0,0.0,-1.799988
44.69,44.7,44.7,44.56999,44.6649975,14.739449175,-0.1999817,-0.06936002,-0.02958012,22.20001,1328.0,102.35,11.185620659722222,263.79946874999996,2981.12,-0.06936002,-0.02958012,-9.81,0.0,0.0,-0.1999817
34.86,35.2,34.75,35.069990000000004,34.969997500000005,11.540099175000002,4.300018,0.05915999,0.05915999,2.099976,1600.0,102.63,9.66201388888889,259.46634374999996,2982.4,0.05915999,0.05915999,-9.81,0.0,0.0,4.300018
75.39999,75.28,75.42,74.55,75.1624975,24.803624175000003,-1.799988,0.1091398999999999,-0.07956004,14.79999,3056.0,155.38,11.861393229166666,258.11553125,2983.68,0.1091398999999999,-0.07956004,-9.81,0.0,0.0,-1.799988
90.0,90.12999,90.28999,89.97,90.09749500000001,29.732173350000004,0.2000122,-0.03978014,0.009180069,8.5,2217.0,156.49,12.643081597222222,262.82343749999995,2984.96,-0.03978014,0.009180069,-9.81,0.0,0.0,0.2000122
83.12,83.03999,83.28,82.7,83.0349975,27.401549175000003,-0.2999877999999999,-0.01938009,-0.009180069,10.20001,2055.0,155.6,13.602118055555556,249.699234375,2986.2400000000002,-0.01938009,-0.009180069,-9.81,0.0,0.0,-0.2999877999999999
45.48999,45.45,45.47,45.48,45.472497499999996,15.005924174999999,0.3000183,0.01937985,-0.01938009,20.0,1512.0,101.91,11.934605034722221,236.32053125000002,2987.52,0.01937985,-0.01938009,-9.81,0.0,0.0,0.3000183
0.0,0.0,0.0,0.0,0.0,0.0,0.0,0.1091398999999999,0.06936002,9.0,876.0,262.4,11.838754340277777,271.443484375,2988.8,0.1091398999999999,0.06936002,-9.81,0.0,0.0,0.0
0.0,0.0,0.0,0.0,0.0,0.0,0.0,0.1091398999999999,0.06936002,9.0,788.0,262.21,10.319778645833333,271.3300625,2990.08,0.1091398999999999,0.06936002,-9.81,0.0,0.0,0.0
33.23,33.31,33.0,32.75999,33.074997499999995,10.914749174999999,1.899994,0.09995985,0.04997993,0.0,2878.0,270.05,14.836861979166667,221.4231875,2991.36,0.09995985,0.04997993,-9.81,0.0,0.0,1.899994
50.14999,50.14,50.2,50.12999,50.154995,16.551148350000002,0.5,-0.009180069,-0.009180069,19.5,1533.0,105.77,15.8989453125,214.243265625,2992.64,-0.009180069,-0.009180069,-9.81,0.0,0.0,0.5
25.68999,27.219990000000003,25.5,27.07999,26.3724925,8.702922525,17.5,0.1091398999999999,0.2295001,0.0,2276.0,105.31,9.104340277777778,297.510421875,2993.92,0.1091398999999999,0.2295001,-9.81,0.0,0.0,17.5
70.09999,69.91,70.47,69.84999,70.08249500000001,23.127223350000005,-0.3999939,-0.03978014,-0.009180069,10.89996,1630.0,132.03,14.977530381944444,284.210328125,2995.2000000000003,-0.03978014,-0.009180069,-9.81,0.0,0.0,-0.3999939
47.83,47.8,47.77,47.73,47.7825,15.768225000000001,0.3000183,0.04997993,0.009180069,19.59998,1936.0,104.67,16.960030381944446,284.76982812499995,2996.48,0.04997993,0.009180069,-9.81,0.0,0.0,0.3000183
7.259995,7.169998,7.229996000000001,7.149994,7.20249575,2.3768235975,-0.2999877999999999,0.2193,0.05915999,0.0,1399.0,290.17,12.599266493055556,304.53803125,2997.76,0.2193,0.05915999,-9.81,0.0,0.0,-0.2999877999999999
51.23,51.14,51.28,50.94,51.1475,16.878675,-0.8999939,0.01937985,-0.02958012,24.59998,1610.0,105.51,10.89295138888889,312.0270625,2999.04,0.01937985,-0.02958012,-9.81,0.0,0.0,-0.8999939
38.56999,37.84,38.42999,37.86,38.174994999999996,12.59774835,-3.799988,-0.13974,-0.04997993,35.0,1031.0,106.02,9.3037109375,315.46965624999996,3000.32,-0.13974,-0.04997993,-9.81,0.0,0.0,-3.799988
0.0,0.0,0.0,0.0,0.0,0.0,0.0,0.0397799,0.04997993,0.0,793.0,290.47,7.582981770833333,317.33725,3001.6,0.0397799,0.04997993,-9.81,0.0,0.0,0.0
33.31,33.23999,33.28999,33.05,33.222495,10.963423350000001,-1.199982,0.09995985,-0.03978014,26.89996,1897.0,105.68,9.902083333333334,193.30062499999997,3002.88,0.09995985,-0.03978014,-9.81,0.0,0.0,-1.199982
44.8,45.00999,44.67999,44.95,44.859995,14.80379835,3.800018,-0.02958012,0.06936002,6.599976,1307.0,104.66,13.878229166666667,224.704625,3004.16,-0.02958012,0.06936002,-9.81,0.0,0.0,3.800018
40.459990000000005,40.98,40.58,40.67,40.6724975,13.421924175000001,0.8999939,-0.09996009,0.01937985,16.59998,1212.0,104.38,13.7263671875,218.90721875,3005.44,-0.09996009,0.01937985,-9.81,0.0,0.0,0.8999939
28.679990000000004,28.98999,28.679990000000004,28.83,28.794992500000003,9.502347525000001,2.899994,0.02957988,0.02957988,6.200012,1693.0,101.25,15.264205729166667,213.37840625,3006.7200000000003,0.02957988,0.02957988,-9.81,0.0,0.0,2.899994
32.86,32.91,32.81,32.78,32.84,10.837200000000001,1.899994,0.009180069,0.02957988,10.5,1389.0,100.69,15.797395833333333,215.050515625,3008.0,0.009180069,0.02957988,-9.81,0.0,0.0,1.899994
36.37999,36.67,36.25,36.67,36.4924975,12.042524175,3.300018,-0.03978014,0.09995985,5.700012,1410.0,99.44,15.625611979166665,328.62239062500004,3009.28,-0.03978014,0.09995985,-9.81,0.0,0.0,3.300018
82.17999,82.06,82.08,81.73999,82.014995,27.06494835,-1.0,-0.02958012,-0.04997993,13.79999,2573.0,124.02,16.08254340277778,319.43503125,3010.56,-0.02958012,-0.04997993,-9.81,0.0,0.0,-1.0
83.36,83.06,83.76999,82.86,83.26249750000001,27.476624175000005,-2.5,-0.05915999,-0.07956004,15.29999,2551.0,122.9,15.6158984375,281.99818750000003,3011.84,-0.05915999,-0.07956004,-9.81,0.0,0.0,-2.5
38.81999,38.75,38.56999,38.64,38.69499499999999,12.769348349999998,-0.1999817,0.08976007,0.0,19.59998,1633.0,96.02,16.340577256944442,227.8934375,3013.12,0.08976007,0.0,-9.81,0.0,0.0,-0.1999817
88.0,87.95999,88.11,87.56999,87.90999500000001,29.010298350000003,0.1000061,-0.009180069,-0.009180069,11.20001,2199.0,123.08,16.783485243055555,298.86175000000003,3014.4,-0.009180069,-0.009180069,-9.81,0.0,0.0,0.1000061
52.01999,52.00999,52.03,51.92999,51.9974925,17.159172525000002,2.399994,0.07956004,0.009180069,0.0,2111.0,309.79,17.251158854166665,298.92546875,3015.68,0.07956004,0.009180069,-9.81,0.0,0.0,2.399994
88.3,88.20999,88.17999,87.67,88.089995,29.069698350000003,-1.699982,0.02957988,0.0,12.70001,2376.0,124.42,16.305746527777778,300.81746875,3016.96,0.02957988,0.0,-9.81,0.0,0.0,-1.699982
26.25999,26.03,26.27,26.07,26.157497499999998,8.631974175,-1.600006,-0.07956004,-0.02958012,30.0,1056.0,96.01,14.963472222222222,303.2401875,3018.2400000000002,-0.07956004,-0.02958012,-9.81,0.0,0.0,-1.600006
91.92999,92.03999,92.00999,91.64,91.9049925,30.328647525000004,1.200012,-0.04997993,0.1193398999999999,4.200012,2186.0,122.3,15.573784722222221,204.91950000000003,3019.52,-0.04997993,0.1193398999999999,-9.81,0.0,0.0,1.200012
89.87,89.97,90.01999,89.50999,89.84249500000001,29.648023350000006,0.1000061,-0.03978014,0.0,8.5,2269.0,121.3,14.863415798611111,212.11378125,3020.8,-0.03978014,0.0,-9.81,0.0,0.0,0.1000061
94.84,94.92999,94.78,94.12,94.6674975,31.240274175,0.0,0.0,-0.01938009,9.799988,2588.0,113.5,15.642730034722224,315.89356250000003,3022.08,0.0,-0.01938009,-9.81,0.0,0.0,0.0
91.56,91.8,91.8,91.67999,91.70999750000001,30.264299175000005,1.300018,-0.04997993,0.05915999,4.799988,2278.0,111.91,16.035807291666668,321.466359375,3023.36,-0.04997993,0.05915999,-9.81,0.0,0.0,1.300018
27.12,26.67,27.21,26.7,26.925,8.885250000000001,-4.799988,-0.04997993,-0.06936002,49.29999,1271.0,93.94,15.2264453125,326.884828125,3024.64,-0.04997993,-0.06936002,-9.81,0.0,0.0,-4.799988
53.87,53.8,53.73,53.81,53.802499999999995,17.754825,-0.5,0.04997993,0.0,0.0,1681.0,317.33,14.865933159722223,236.17990625000004,3025.92,0.04997993,0.0,-9.81,0.0,0.0,-0.5
85.94,85.87,86.06,85.53,85.85,28.3305,-0.2999877999999999,0.0,-0.009180069,9.0,2127.0,110.52,15.552105034722222,238.35114062500003,3027.2000000000003,0.0,-0.009180069,-9.81,0.0,0.0,-0.2999877999999999
2.899994,3.720001,2.619995,3.43,3.1674974999999996,1.0452741749999999,-8.899994,0.0397799,0.02957988,0.0,891.0,93.51,12.562534722222221,240.827765625,3028.48,0.0397799,0.02957988,-9.81,0.0,0.0,-8.899994
55.98,55.98,55.53999,55.55,55.762497499999995,18.401624175,0.0,0.08976007,0.0,0.0,2330.0,318.54,14.838793402777778,311.23915625,3029.76,0.08976007,0.0,-9.81,0.0,0.0,0.0
53.349990000000005,53.22,53.3,53.14,53.252497500000004,17.573324175000003,-1.799988,0.0,-0.01938009,0.0,2259.0,328.46,13.975121527777777,247.618859375,3031.04,0.0,-0.01938009,-9.81,0.0,0.0,-1.799988
78.84999,78.89,78.94,78.48999,78.792495,26.001523350000003,0.2000122,-0.04997993,0.0,9.099976,1913.0,101.92,11.5934375,245.92264062499999,3032.32,-0.04997993,0.0,-9.81,0.0,0.0,0.2000122
58.14999,58.0,57.87999,57.44,57.867495,19.09627335,-0.1999817,-0.01938009,-0.02958012,0.0,1774.0,324.22,12.96150173611111,250.34278124999997,3033.6,-0.01938009,-0.02958012,-9.81,0.0,0.0,-0.1999817
0.0,0.0,0.0,0.0,0.0,0.0,0.0,0.0,0.1091398999999999,48.39996,756.0,95.78,13.68955295138889,249.320203125,3034.88,0.0,0.1091398999999999,-9.81,0.0,0.0,0.0
0.0,0.0,0.0,0.0,0.0,0.0,0.1000061,0.0,0.1091398999999999,48.39996,756.0,95.93,11.689123263888888,144.723046875,3036.16,0.0,0.1091398999999999,-9.81,0.0,0.0,0.1000061
0.0,0.0,0.0,0.0,0.0,0.0,0.1000061,0.0,0.1091398999999999,48.39996,764.0,95.99,11.730507812499999,144.59525,3037.44,0.0,0.1091398999999999,-9.81,0.0,0.0,0.1000061
0.0,0.0,0.0,0.0,0.0,0.0,-0.1000061,0.0,0.1091398999999999,48.39996,756.0,96.04,12.195381944444446,254.314984375,3038.7200000000003,0.0,0.1091398999999999,-9.81,0.0,0.0,-0.1000061
0.0,0.0,0.0,0.0,0.0,0.0,0.1000061,0.0,0.1091398999999999,48.39996,757.0,96.07,12.45060763888889,250.99775,3040.0,0.0,0.1091398999999999,-9.81,0.0,0.0,0.1000061
91.97,91.92999,92.03,91.56999,91.874995,30.31874835,0.3999939,-0.009180069,0.009180069,7.599976,2274.0,87.49,13.516822916666666,140.188921875,3041.28,-0.009180069,0.009180069,-9.81,0.0,0.0,0.3999939
0.0,0.0,0.0,0.0,0.0,0.0,0.0,0.0,0.1091398999999999,48.39996,771.0,96.26,13.032907986111109,139.53048437500001,3042.56,0.0,0.1091398999999999,-9.81,0.0,0.0,0.0
14.39999,14.3,14.25,14.14,14.2724975,4.709924175,-0.6999816999999999,-0.1693201,0.01937985,0.0,1235.0,290.17,9.207035590277778,138.49598437499998,3043.84,-0.1693201,0.01937985,-9.81,0.0,0.0,-0.6999816999999999
86.56,86.64,86.3,86.17,86.4175,28.517775000000004,1.899994,0.02957988,0.0397799,2.899963,2155.0,86.79,12.158129340277778,191.35360937500002,3045.12,0.02957988,0.0397799,-9.81,0.0,0.0,1.899994
0.0,0.0,0.0,0.0,0.0,0.0,0.0,0.0,0.1091398999999999,48.39996,763.0,96.48,13.309244791666668,233.13735937500002,3046.4,0.0,0.1091398999999999,-9.81,0.0,0.0,0.0
58.25999,58.3,58.2,58.14999,58.227495000000005,19.21507335,0.5,-0.009180069,-0.01938009,0.0,1539.0,278.43,9.571575520833333,231.80149999999998,3047.68,-0.009180069,-0.01938009,-9.81,0.0,0.0,0.5
59.03999,58.81999,58.89,58.53999,58.822492499999996,19.411422525,-2.0,0.0,-0.09996009,0.0,1521.0,278.55,10.070416666666667,237.4500625,3048.96,0.0,-0.09996009,-9.81,0.0,0.0,-2.0
53.39,53.08,53.26999,52.92,53.1649975,17.544449175,-2.699982,-0.009180069,-0.07956004,0.0,1692.0,279.81,8.035056423611111,250.03414062500002,3050.2400000000002,-0.009180069,-0.07956004,-9.81,0.0,0.0,-2.699982
29.629990000000003,29.59999,29.58,29.73,29.634995,9.77954835,1.200012,0.01937985,0.04997993,8.899963,1814.0,96.1,9.826714409722221,176.504203125,3051.52,0.01937985,0.04997993,-9.81,0.0,0.0,1.200012
51.67,51.41,51.849990000000005,51.19,51.5299975,17.004899175000002,-1.600006,0.0,-0.04997993,15.09998,1667.0,95.46,12.321015625,194.841,3052.8,0.0,-0.04997993,-9.81,0.0,0.0,-1.600006
61.94,61.76999,62.16,61.7,61.892497500000005,20.424524175000002,-1.600006,-0.009180069,-0.05915999,14.09998,1532.0,93.72,12.320885416666668,213.93075,3054.08,-0.009180069,-0.05915999,-9.81,0.0,0.0,-1.600006
29.28,29.3,29.429990000000004,29.36,29.3424975,9.683024175,0.8000183000000001,-0.1795201,0.0,19.79999,1151.0,93.14,11.451697048611111,217.18665625,3055.36,-0.1795201,0.0,-9.81,0.0,0.0,0.8000183000000001
61.34,61.33,61.349990000000005,60.95,61.2424975,20.210024175,-0.1000061,0.07956004,-0.01938009,9.399963,1889.0,97.64,9.250611979166667,210.76020312499998,3056.64,0.07956004,-0.01938009,-9.81,0.0,0.0,-0.1000061
63.94,63.84,64.23999,63.64,63.9149975,21.091949175,-1.100006,-0.02958012,-0.05915999,13.29999,1508.0,99.5,8.814205729166666,204.304875,3057.92,-0.02958012,-0.05915999,-9.81,0.0,0.0,-1.100006
37.94,37.56999,37.95,37.50999,37.742495,12.45502335,-4.100006,0.01937985,-0.04997993,34.59998,1561.0,94.16,6.849622395833332,210.13973437500002,3059.2000000000003,0.01937985,-0.04997993,-9.81,0.0,0.0,-4.100006
6.119994999999999,6.439995,6.07,6.369994999999999,6.24999625,2.0624987625,3.700012,-0.03978014,0.0,0.0,1046.0,96.68,4.268971354166666,228.16240624999998,3060.48,-0.03978014,0.0,-9.81,0.0,0.0,3.700012
44.36,44.12999,43.89999,44.00999,44.0999925,14.552997525,0.3000183,0.02957988,0.04997993,20.20001,1770.0,96.14,11.126744791666667,232.905109375,3061.76,0.02957988,0.04997993,-9.81,0.0,0.0,0.3000183
49.92,49.75,50.00999,49.67,49.8374975,16.446374175,-1.100006,-0.02958012,0.02957988,11.59998,1398.0,105.95,9.6009375,238.0153125,3063.04,-0.02958012,0.02957988,-9.81,0.0,0.0,-1.100006
41.87,41.98999,41.50999,41.61,41.744995,13.775848350000002,-0.1999817,0.12954,0.009180069,0.0,2382.0,275.27,10.12467013888889,232.595453125,3064.32,0.12954,0.009180069,-9.81,0.0,0.0,-0.1999817
0.0,0.0,0.0,0.0,0.0,0.0,0.0,0.01937985,0.0,16.09998,788.0,95.51,10.51775173611111,245.182828125,3065.6,0.01937985,0.0,-9.81,0.0,0.0,0.0
56.209990000000005,56.62999,56.48999,56.39999,56.43249,18.6227217,1.600006,0.009180069,0.01937985,0.0,1793.0,281.04,12.43689670138889,162.7308125,3066.88,0.009180069,0.01937985,-9.81,0.0,0.0,1.600006
35.319990000000004,35.44,35.12999,35.179990000000004,35.2674925,11.638272525000001,1.399994,0.12954,0.0,13.5,2025.0,94.59,14.273476562499999,154.19773437499998,3068.16,0.12954,0.0,-9.81,0.0,0.0,1.399994
49.599990000000005,49.97,49.52,49.81999,49.727495,16.41007335,5.200012,0.05915999,0.07956004,3.799988,2021.0,94.4,14.544739583333333,145.33142187500002,3069.44,0.05915999,0.07956004,-9.81,0.0,0.0,5.200012
69.34,69.23,69.34,69.01999,69.2324975,22.846724175,-0.1000061,-0.009180069,0.0,9.099976,1709.0,110.06,12.959388020833334,121.359484375,3070.7200000000003,-0.009180069,0.0,-9.81,0.0,0.0,-0.1000061
38.7,38.53999,38.67,38.50999,38.604995,12.739648350000001,-1.0,0.12954,0.01937985,0.0,2368.0,281.86,14.877508680555556,211.6734375,3072.0,0.12954,0.01937985,-9.81,0.0,0.0,-1.0
33.12999,33.849990000000005,32.97,33.94,33.472495,11.04592335,9.200012,0.009180069,0.1999198999999999,0.0,1518.0,109.25,14.426623263888889,207.971203125,3073.28,0.009180069,0.1999198999999999,-9.81,0.0,0.0,9.200012
65.3,65.25,65.19,64.81,65.1375,21.495375000000003,-0.7999878,0.009180069,-0.06936002,0.0,1692.0,278.93,14.4940625,212.571015625,3074.56,0.009180069,-0.06936002,-9.81,0.0,0.0,-0.7999878
63.86,63.599990000000005,63.66,63.44,63.6399975,21.001199175,-1.5,-0.03978014,-0.05915999,0.0,1570.0,279.31,14.5694140625,223.832046875,3075.84,-0.03978014,-0.05915999,-9.81,0.0,0.0,-1.5
28.62,25.98,28.31999,25.73,27.1624975,8.963624175000001,-27.399990000000003,-0.05915999,-0.3396599,173.5,1111.0,92.03,14.029440104166667,233.570921875,3077.12,-0.05915999,-0.3396599,-9.81,0.0,0.0,-27.399990000000003
12.88,15.57,11.93999,14.82,13.802497500000001,4.554824175,31.10001,0.009180069,0.2498998999999999,0.0,1544.0,281.94,11.353598090277778,233.4550625,3078.4,0.009180069,0.2498998999999999,-9.81,0.0,0.0,31.10001
73.2,73.14,73.69,73.08,73.2775,24.181575000000002,1.100006,0.0,0.01937985,5.899963,1833.0,110.72,12.391909722222222,205.356078125,3079.6800000000003,0.0,0.01937985,-9.81,0.0,0.0,1.100006
24.16,23.89,24.13,23.92,24.025,7.92825,-1.199982,-0.02958012,-0.05915999,38.20001,1274.0,90.35,10.864830729166666,193.317703125,3080.96,-0.02958012,-0.05915999,-9.81,0.0,0.0,-1.199982
21.50999,21.45,21.6,21.45,21.5024975,7.095824175000001,-1.199982,0.0,0.02957988,25.0,1253.0,89.97,9.530013020833334,198.239671875,3082.2400000000002,0.0,0.02957988,-9.81,0.0,0.0,-1.199982
51.64999,51.55,51.73,51.53,51.6149975,17.032949175000002,-1.199982,-0.02958012,0.0,13.20001,1552.0,114.77,10.239869791666667,282.810046875,3083.52,-0.02958012,0.0,-9.81,0.0,0.0,-1.199982
45.28,45.2,45.31999,45.099990000000005,45.22499500000001,14.924248350000003,-0.2999877999999999,-0.01938009,0.0,10.5,1393.0,115.23,10.42537326388889,254.876421875,3084.8,-0.01938009,0.0,-9.81,0.0,0.0,-0.2999877999999999
23.04,23.46,22.71999,23.31,23.1324975,7.633724175,5.0,0.09995985,0.05915999,0.0,2223.0,114.9,8.079557291666667,240.685875,3086.08,0.09995985,0.05915999,-9.81,0.0,0.0,5.0
40.50999,39.72,40.86,39.84,40.2324975,13.276724175000002,-9.5,-0.16014,-0.1999198999999999,0.0,1145.0,206.49,10.685434027777777,292.43964062500004,3087.36,-0.16014,-0.1999198999999999,-9.81,0.0,0.0,-9.5
2.93,3.079994,2.849998,3.040001,2.97499825,0.9817494225000001,1.800018,0.2396998,0.009180069,0.0,1380.0,92.09,10.130347222222222,268.093953125,3088.64,0.2396998,0.009180069,-9.81,0.0,0.0,1.800018
74.62999,74.78999,74.98,74.7,74.774995,24.675748350000003,0.8000183000000001,-0.04997993,0.02957988,6.0,1754.0,97.92,12.496692708333333,213.86782812500002,3089.92,-0.04997993,0.02957988,-9.81,0.0,0.0,0.8000183000000001
83.09,83.2,83.05,82.81,83.03750000000001,27.402375000000003,2.100006,0.02957988,0.06936002,2.700012,2055.0,94.82,16.451979166666668,180.505015625,3091.2000000000003,0.02957988,0.06936002,-9.81,0.0,0.0,2.100006
63.25999,63.26999,63.09,63.099990000000005,63.1799925,20.849397525,1.600006,-0.009180069,0.04997993,15.20001,1965.0,90.89,17.263272569444446,176.39728125,3092.48,-0.009180069,0.04997993,-9.81,0.0,0.0,1.600006
78.75999,78.92,78.81999,78.56,78.764995,25.99244835,1.200012,-0.03978014,0.01937985,5.399963,1927.0,98.11,17.125,174.420546875,3093.76,-0.03978014,0.01937985,-9.81,0.0,0.0,1.200012
67.95999,68.05,68.03,67.78,67.9549975,22.425149175,1.5,0.0,0.02957988,4.399963,1706.0,101.86,16.399743923611112,170.93078125,3095.04,0.0,0.02957988,-9.81,0.0,0.0,1.5
64.48999,64.61,64.5,64.31,64.4774975,21.277574175,1.100006,0.0397799,0.0397799,16.70001,1665.0,97.89,15.333459201388889,165.67001562500002,3096.32,0.0397799,0.0397799,-9.81,0.0,0.0,1.100006
65.28999,65.59,65.39999,65.28999,65.3924925,21.579522525,2.100006,-0.01938009,0.04997993,15.0,1691.0,101.4,14.47013888888889,170.074046875,3097.6,-0.01938009,0.04997993,-9.81,0.0,0.0,2.100006
67.86,67.83,68.19,67.95999,67.9599975,22.426799175,-0.1000061,-0.009180069,-0.009180069,9.5,3833.0,102.54,15.618441840277779,159.52746875000003,3098.88,-0.009180069,-0.009180069,-9.81,0.0,0.0,-0.1000061
39.75999,39.19,39.55,38.94,39.3599975,12.988799175,-4.299988,-0.05915999,-0.1193398999999999,0.0,1243.0,182.61,13.869535590277778,150.396703125,3100.16,-0.05915999,-0.1193398999999999,-9.81,0.0,0.0,-4.299988
29.58,29.02,29.42,28.94,29.24,9.6492,-4.5,-0.03978014,-0.07956004,0.0,1173.0,182.11,15.526940104166666,170.993625,3101.44,-0.03978014,-0.07956004,-9.81,0.0,0.0,-4.5
121.43,121.48,121.28,120.52,121.17750000000001,39.988575000000004,-1.199982,0.05915999,-0.01938009,11.09998,3713.0,114.55,16.43958767361111,182.19599999999997,3102.7200000000003,0.05915999,-0.01938009,-9.81,0.0,0.0,-1.199982
22.67,22.41,22.74,22.23,22.5125,7.429125,-3.699982,-0.16014,-0.07956004,0.0,1199.0,181.11,15.559366319444445,183.74721875,3104.0,-0.16014,-0.07956004,-9.81,0.0,0.0,-3.699982
3.299995,4.220001,2.599998,3.879997,3.49999775,1.1549992575,11.10001,0.009180069,-0.04997993,0.0,923.0,180.18,12.469283854166667,157.75364062499997,3105.28,0.009180069,-0.04997993,-9.81,0.0,0.0,11.10001
128.42,128.39,128.45,127.53,128.1975,42.305175,0.5,-0.02958012,0.01937985,8.099976,3203.0,123.25,13.811901041666667,173.372359375,3106.56,-0.02958012,0.01937985,-9.81,0.0,0.0,0.5
118.52,118.2,118.55,117.73,118.25,39.0225,-0.6999816999999999,-0.05915999,-0.009180069,10.20001,2935.0,124.23,18.998676215277776,238.78796875,3107.84,-0.05915999,-0.009180069,-9.81,0.0,0.0,-0.6999816999999999
106.54,106.52,106.9,105.88,106.46000000000001,35.131800000000005,-0.1000061,-0.02958012,-0.01938009,9.899963,2642.0,125.42,14.754748263888889,233.33462499999996,3109.12,-0.02958012,-0.01938009,-9.81,0.0,0.0,-0.1000061
5.93,5.790001,5.93,5.759995,5.852499,1.93132467,1.800018,0.0,0.0,55.39996,880.0,99.19,13.4088671875,173.557984375,3110.4,0.0,0.0,-9.81,0.0,0.0,1.800018
42.58,42.75,42.52,42.52,42.5925,14.055525000000001,2.100006,0.1091398999999999,0.01937985,2.0,1773.0,122.92,8.517799479166666,237.184171875,3111.6800000000003,0.1091398999999999,0.01937985,-9.81,0.0,0.0,2.100006
18.21,17.49,18.25,17.5,17.8625,5.8946250000000004,-8.100006,-0.06936002,-0.09996009,94.89996,1257.0,99.55,12.146979166666666,211.306953125,3112.96,-0.06936002,-0.09996009,-9.81,0.0,0.0,-8.100006
9.229996,11.48,8.339996000000001,10.68999,9.934995500000001,3.2785485150000007,26.899990000000003,0.09995985,0.1091398999999999,0.0,1494.0,100.33,11.902469618055555,204.43379687499998,3114.2400000000002,0.09995985,0.1091398999999999,-9.81,0.0,0.0,26.899990000000003
21.43,21.04,21.46,21.05,21.245,7.0108500000000005,-3.299988,-0.1193398999999999,-0.01938009,43.29999,1245.0,100.64,13.001671006944443,195.65078125000002,3115.52,-0.1193398999999999,-0.01938009,-9.81,0.0,0.0,-3.299988
16.12,16.54,16.3,16.689989999999998,16.412497499999997,5.416124174999999,3.5,0.009180069,0.009180069,1.899963,1429.0,101.09,8.610789930555555,163.19840625,3116.8,0.009180069,0.009180069,-9.81,0.0,0.0,3.5
1.739998,1.829994,1.729996,1.809998,1.7774965,0.5865738450000001,-0.8999939,-0.009180069,0.0,0.0,915.0,100.94,8.776688368055556,154.211203125,3118.08,-0.009180069,0.0,-9.81,0.0,0.0,-0.8999939
61.56999,61.36,61.62,61.31999,61.467495,20.28427335,-1.899994,-0.02958012,0.0,12.39996,1735.0,124.09,11.912513020833334,193.721328125,3119.36,-0.02958012,0.0,-9.81,0.0,0.0,-1.899994
58.099990000000005,57.98,58.33,57.8,58.0524975,19.157324175000003,-1.799988,-0.03978014,0.0,13.29999,1745.0,123.46,11.814184027777777,106.943734375,3120.64,-0.03978014,0.0,-9.81,0.0,0.0,-1.799988
41.98999,41.95,41.92999,41.92999,41.9499925,13.843497525,0.5,-0.04997993,0.05915999,4.599976,1643.0,122.75,8.925959201388888,201.514546875,3121.92,-0.04997993,0.05915999,-9.81,0.0,0.0,0.5
25.24,25.29,25.38,25.14,25.2625,8.336625,-1.0,-0.04997993,0.04997993,21.39996,1125.0,100.13,5.584283854166666,243.343359375,3123.2000000000003,-0.04997993,0.04997993,-9.81,0.0,0.0,-1.0
29.31,29.25,29.45,29.3,29.3275,9.678075,-1.399994,0.04997993,-0.03978014,30.79999,1760.0,100.88,13.42767361111111,282.49051562500006,3124.48,0.04997993,-0.03978014,-9.81,0.0,0.0,-1.399994
73.25,73.16,73.09999,72.66,73.0424975,24.104024175,-2.199982,0.1193398999999999,-0.05915999,14.79999,2948.0,122.06,15.166024305555556,284.11784374999996,3125.76,0.1193398999999999,-0.05915999,-9.81,0.0,0.0,-2.199982
28.95999,29.17,28.95999,29.22,29.077495000000003,9.59557335,2.600006,-0.009180069,0.0397799,8.299988,1194.0,100.81,16.581041666666664,283.115328125,3127.04,-0.009180069,0.0397799,-9.81,0.0,0.0,2.600006
98.28999,98.31,98.12999,97.62999,98.08999250000001,32.36969752500001,0.7000122,0.05915999,0.04997993,7.0,3018.0,122.06,19.12997829861111,285.600015625,3128.32,0.05915999,0.04997993,-9.81,0.0,0.0,0.7000122
41.61,41.59,41.59,41.50999,41.5749975,13.719749175,-0.2999877999999999,0.0,0.0,23.20001,1735.0,100.79,21.960828993055557,289.1495,3129.6,0.0,0.0,-9.81,0.0,0.0,-0.2999877999999999
71.06999,71.06,71.3,70.94,71.09249750000001,23.460524175000003,-0.1999817,-0.09996009,-0.01938009,9.599976,1712.0,126.16,15.391024305555556,251.63278125,3130.88,-0.09996009,-0.01938009,-9.81,0.0,0.0,-0.1999817
43.14999,43.42999,43.14999,43.31,43.2599925,14.275797525000002,2.800018,-0.02958012,0.04997993,9.799988,1256.0,91.22,15.045277777777777,231.42271875,3132.16,-0.02958012,0.04997993,-9.81,0.0,0.0,2.800018
44.34,45.02,44.28999,44.91,44.6399975,14.731199175,6.600006,0.009180069,0.16014,0.0,1433.0,91.76,17.213068576388885,189.981609375,3133.44,0.009180069,0.16014,-9.81,0.0,0.0,6.600006
45.84,45.66,45.86,45.56,45.730000000000004,15.090900000000001,-2.199982,0.04997993,-0.03978014,28.89996,1538.0,94.69,20.284422743055558,166.726,3134.7200000000003,0.04997993,-0.03978014,-9.81,0.0,0.0,-2.199982
48.8,48.31,48.709990000000005,48.37999,48.549995,16.02149835,-2.699982,0.0,-0.04997993,29.59998,1464.0,99.8,19.673619791666667,184.789390625,3136.0,0.0,-0.04997993,-9.81,0.0,0.0,-2.699982
89.39999,89.40999000000001,89.53999,88.59,89.2349925,29.447547525000004,0.0,-0.05915999,0.0,9.0,2182.0,131.41,12.2708984375,185.3858125,3137.28,-0.05915999,0.0,-9.81,0.0,0.0,0.0
83.33,83.37,83.48,82.98,83.29,27.485700000000005,-0.1999817,0.0,-0.01938009,9.299988,2083.0,130.53,11.644544270833332,185.94460937499997,3138.56,0.0,-0.01938009,-9.81,0.0,0.0,-0.1999817
98.37,98.28,98.48999,97.84,98.24499750000001,32.42084917500001,0.1000061,0.01937985,-0.009180069,8.399963,2434.0,128.68,17.010729166666668,142.9525625,3139.84,0.01937985,-0.009180069,-9.81,0.0,0.0,0.1000061
96.5,96.45999,96.67999,95.76999,96.35249250000001,31.796322525000004,-1.199982,0.0,-0.06936002,12.20001,2397.0,128.8,14.742009548611112,149.51528125,3141.12,0.0,-0.06936002,-9.81,0.0,0.0,-1.199982
84.56,84.64,85.05,84.39999,84.6624975,27.938624175,0.0,-0.02958012,0.0,9.099976,2101.0,134.34,16.05078559027778,236.50154687500003,3142.4,-0.02958012,0.0,-9.81,0.0,0.0,0.0
1.239998,1.269997,1.229996,1.25,1.24749775,0.41167425750000003,0.3999939,-0.04997993,0.0,0.0,851.0,101.04,11.691488715277778,312.10459375000005,3143.6800000000003,-0.04997993,0.0,-9.81,0.0,0.0,0.3999939
80.14,80.20999,80.34,79.72,80.1024975,26.433824175,-0.7999878,-0.04997993,0.0397799,10.09998,1930.0,133.52,12.355794270833334,317.13240625000003,3144.96,-0.04997993,0.0397799,-9.81,0.0,0.0,-0.7999878
78.01999,78.2,77.94,77.73,77.9724975,25.730924175000002,2.800018,0.009180069,0.04997993,2.099976,2424.0,138.19,16.35199652777778,309.40278125000003,3146.2400000000002,0.009180069,0.04997993,-9.81,0.0,0.0,2.800018
80.83,81.0,81.22,81.0,81.01249999999999,26.734125,2.600006,-0.09996009,0.06936002,3.0,2473.0,139.19,15.43877170138889,305.162171875,3147.52,-0.09996009,0.06936002,-9.81,0.0,0.0,2.600006
63.12999,63.19,62.91,62.67,62.9749975,20.781749175,1.200012,0.05915999,0.0,5.5,2145.0,140.57,12.205802951388888,273.70728125,3148.8,0.05915999,0.0,-9.81,0.0,0.0,1.200012
83.78999,83.67,83.98,83.0,83.6099975,27.591299175000003,-1.899994,-0.01938009,-0.03978014,13.39996,2573.0,141.39,17.73337673611111,262.55475,3150.08,-0.01938009,-0.03978014,-9.81,0.0,0.0,-1.899994
89.89,89.8,90.05,89.5,89.81,29.637300000000003,0.5,0.0,0.01937985,7.200011999999999,2237.0,141.45,17.98363715277778,303.171328125,3151.36,0.0,0.01937985,-9.81,0.0,0.0,0.5
92.39999,92.31,92.25,91.53999,92.124995,30.40124835,-0.6999816999999999,0.04997993,-0.04997993,11.89996,2288.0,140.48,19.064053819444446,136.71223437499998,3152.64,0.04997993,-0.04997993,-9.81,0.0,0.0,-0.6999816999999999
91.06999,90.95999,91.28,90.59,90.974995,30.021748350000003,-0.1000061,-0.01938009,-0.009180069,10.20001,2264.0,137.36,16.54608940972222,288.31174999999996,3153.92,-0.01938009,-0.009180069,-9.81,0.0,0.0,-0.1000061
12.22,13.56,12.1,13.31,12.797500000000001,4.223175,14.20001,-0.08976007,0.12954,0.0,1258.0,89.29,10.299622395833333,291.78031250000004,3155.2000000000003,-0.08976007,0.12954,-9.81,0.0,0.0,14.20001
37.09,38.48999,36.599990000000005,38.06999,37.562492500000005,12.395622525000002,17.70001,0.13974,0.3294599,0.0,2184.0,135.31,10.580572916666664,219.3565,3156.48,0.13974,0.3294599,-9.81,0.0,0.0,17.70001
116.97,116.97,117.32,116.76,117.005,38.61165,0.5,0.009180069,0.01937985,8.399963,2900.0,141.45,18.328663194444445,238.065,3157.76,0.009180069,0.01937985,-9.81,0.0,0.0,0.5
23.42,22.25999,23.21999,22.02,22.729995,7.50089835,-12.39999,0.07956004,-0.07956004,94.20001,2041.0,92.88,20.465963541666667,262.539328125,3159.04,0.07956004,-0.07956004,-9.81,0.0,0.0,-12.39999
119.05,119.18,119.07,118.63,118.9825,39.264225,2.0,0.0,0.1091398999999999,4.0,2964.0,137.48,21.636063368055556,261.659890625,3160.32,0.0,0.1091398999999999,-9.81,0.0,0.0,2.0
117.55,117.67,117.66,116.95,117.4575,38.760975,0.0,-0.009180069,-0.02958012,9.899963,2927.0,136.11,21.748619791666666,260.8038125,3161.6,-0.009180069,-0.02958012,-9.81,0.0,0.0,0.0
120.59,120.47,120.34,119.65,120.26249999999999,39.686625,0.7000122,0.01937985,0.05915999,6.599976,2999.0,134.74,22.150503472222223,260.636828125,3162.88,0.01937985,0.05915999,-9.81,0.0,0.0,0.7000122
123.54,123.53,123.83,123.0,123.475,40.74675,-0.2999877999999999,0.009180069,-0.01938009,10.20001,3071.0,133.54,21.9179296875,264.955515625,3164.16,0.009180069,-0.01938009,-9.81,0.0,0.0,-0.2999877999999999
33.25,32.59,33.23999,32.23,32.8274975,10.833074175,-8.699982,0.0,-0.1693201,61.79999,1434.0,89.2,21.18739583333333,152.318390625,3165.44,0.0,-0.1693201,-9.81,0.0,0.0,-8.699982
122.57,122.6,122.71,121.72,122.4,40.392,0.1000061,0.0,0.0,8.0,3052.0,126.08,20.92404079861111,162.75064062500002,3166.7200000000003,0.0,0.0,-9.81,0.0,0.0,0.1000061
25.78,27.81,25.56,27.67,26.705000000000002,8.812650000000001,22.60001,0.0,0.34986,0.0,1226.0,89.01,21.208975694444447,268.7804375,3168.0,0.0,0.34986,-9.81,0.0,0.0,22.60001
0.0,0.0,0.0,0.0,0.0,0.0,0.0,-0.009180069,0.0,0.0,832.0,89.39,16.738953993055553,111.27003124999999,3169.28,-0.009180069,0.0,-9.81,0.0,0.0,0.0
19.50999,17.6,19.18,17.31,18.399997499999998,6.071999174999999,-21.39999,0.05915999,-0.14994,164.5,1723.0,90.22,19.717265625000003,159.326515625,3170.56,0.05915999,-0.14994,-9.81,0.0,0.0,-21.39999
121.21,121.13,121.44,120.47,121.0625,39.950625,-0.1000061,-0.02958012,0.0,9.599976,3004.0,127.92,20.51329861111111,120.15215625,3171.84,-0.02958012,0.0,-9.81,0.0,0.0,-0.1000061
116.05,116.08,116.38,115.48,115.9975,38.279175,0.1000061,-0.01938009,0.01937985,8.299988,2878.0,127.72,20.249622395833335,117.951859375,3173.12,-0.01938009,0.01937985,-9.81,0.0,0.0,0.1000061
109.07,109.07,109.43,108.4,108.9925,35.967525,0.2000122,-0.06936002,-0.009180069,9.099976,2716.0,124.1,18.886423611111113,258.273078125,3174.4,-0.06936002,-0.009180069,-9.81,0.0,0.0,0.2000122
108.08,108.19,108.13,107.21,107.90249999999999,35.607825,-0.1999817,0.01937985,0.0,9.5,2679.0,123.34,19.512938368055554,254.278828125,3175.6800000000003,0.01937985,0.0,-9.81,0.0,0.0,-0.1999817
97.23999,97.2,97.48,96.98,97.22499750000001,32.084249175000004,0.1000061,-0.04997993,-0.009180069,9.299988,2405.0,123.48,15.786688368055554,256.06603125000004,3176.96,-0.04997993,-0.009180069,-9.81,0.0,0.0,0.1000061
88.7,88.73,88.98999,88.39999,88.704995,29.27264835,0.8000183000000001,0.009180069,0.0,7.599976,2412.0,122.43,17.02664930555556,112.18489062500001,3178.2400000000002,0.009180069,0.0,-9.81,0.0,0.0,0.8000183000000001
27.55,28.09999,27.68999,27.96,27.824995,9.18224835,4.800018,-0.2295001,0.06936002,0.0,1223.0,121.5,8.085342881944444,99.41232812499999,3179.52,-0.2295001,0.06936002,-9.81,0.0,0.0,4.800018
35.48,35.78,35.53999,35.66,35.6149975,11.752949175000001,3.899994,-0.02958012,0.05915999,4.399963,1405.0,91.72,15.828802083333333,149.7616875,3180.8,-0.02958012,0.05915999,-9.81,0.0,0.0,3.899994
92.09999,92.17,92.50999,91.86,92.15999500000001,30.412798350000003,-0.1999817,0.0,0.0,9.399963,2292.0,119.92,16.6770703125,103.825609375,3182.08,0.0,0.0,-9.81,0.0,0.0,-0.1999817
64.45,64.22,64.64,64.17999,64.37249750000001,21.242924175000002,-1.699982,-0.01938009,-0.04997993,12.59998,1920.0,121.92,8.222183159722222,91.10853125,3183.36,-0.01938009,-0.04997993,-9.81,0.0,0.0,-1.699982
67.20999,66.83,67.31,66.53999,66.972495,22.10092335,-2.699982,-0.01938009,-0.09996009,18.39996,2060.0,125.97,14.361150173611112,268.85420312499997,3184.64,-0.01938009,-0.09996009,-9.81,0.0,0.0,-2.699982
21.67,22.59,21.87,22.57999,22.1774975,7.318574175000001,8.800018,-0.34986,0.1091398999999999,0.0,1266.0,124.28,6.5980425347222225,248.103671875,3185.92,-0.34986,0.1091398999999999,-9.81,0.0,0.0,8.800018
29.289990000000003,29.83,29.33,29.899990000000003,29.587495,9.76387335,6.0,0.0397799,0.09995985,0.0,1790.0,95.52,10.979474826388888,173.52112499999998,3187.2000000000003,0.0397799,0.09995985,-9.81,0.0,0.0,6.0
60.36,61.37,60.06999,61.12999,60.73249499999999,20.041723349999998,13.300020000000002,0.08976007,0.34986,0.0,2498.0,126.06,13.683576388888888,107.617953125,3188.48,0.08976007,0.34986,-9.81,0.0,0.0,13.300020000000002
37.03,37.48,36.95,37.41,37.2175,12.281775000000001,4.800018,0.01937985,0.07956004,0.0,1581.0,93.62,15.873181423611111,191.77489062499998,3189.76,0.01937985,0.07956004,-9.81,0.0,0.0,4.800018
87.53,87.61,87.95999,87.28,87.5949975,28.906349175000003,0.2000122,0.0,0.0,7.799988000000001,2682.0,119.08,17.942903645833333,229.19190625,3191.04,0.0,0.0,-9.81,0.0,0.0,0.2000122
88.37999,88.42,88.28,87.59,88.1674975,29.095274175,-0.3999939,0.07956004,-0.009180069,7.399963,2757.0,118.31,14.836892361111111,248.030109375,3192.32,0.07956004,-0.009180069,-9.81,0.0,0.0,-0.3999939
120.12,120.3,120.36,119.58,120.09,39.6297,0.5,0.01937985,0.01937985,7.099976,2993.0,125.33,23.185802951388887,250.103265625,3193.6,0.01937985,0.01937985,-9.81,0.0,0.0,0.5
45.22,45.09,44.959990000000005,44.94,45.0524975,14.867324175,-0.1000061,0.0,0.0,20.20001,1400.0,90.15,23.20416232638889,249.59298437500001,3194.88,0.0,0.0,-9.81,0.0,0.0,-0.1000061
49.64,49.56,49.67999,49.66,49.6349975,16.379549175,-0.1000061,0.0,0.0,20.89996,1577.0,90.38,21.900282118055557,214.569203125,3196.16,0.0,0.0,-9.81,0.0,0.0,-0.1000061
107.09,107.1,107.07,106.61,106.9675,35.299275,0.3000183,0.0,0.0,7.700011999999999,2655.0,131.82,21.46174045138889,213.897375,3197.44,0.0,0.0,-9.81,0.0,0.0,0.3000183
105.29,105.14,105.37,104.68,105.12,34.689600000000006,0.1000061,-0.04997993,0.0,8.0,2610.0,132.6,20.216202256944445,214.52525,3198.7200000000003,-0.04997993,0.0,-9.81,0.0,0.0,0.1000061
106.07,105.97,106.17,105.68,105.9725,34.970925,0.2000122,0.01937985,0.009180069,7.899963,2638.0,134.08,20.056710069444442,239.732359375,3200.0,0.01937985,0.009180069,-9.81,0.0,0.0,0.2000122
36.959990000000005,36.86,36.94,36.78,36.8849975,12.172049175,-1.199982,0.02957988,-0.01938009,26.29999,1531.0,90.77,20.643055555555556,223.388140625,3201.28,0.02957988,-0.01938009,-9.81,0.0,0.0,-1.199982
37.349990000000005,37.52,37.33,37.36,37.3899975,12.338699175,0.5,-0.2499001,0.0,19.79999,1085.0,93.39,19.963107638888886,221.989890625,3202.56,-0.2499001,0.0,-9.81,0.0,0.0,0.5
6.610001,5.689995,6.309998,5.489998,6.024998,1.98824934,-10.19998,-0.009180069,-0.07956004,571.1,993.0,184.17,13.92187065972222,252.13792187499996,3203.84,-0.009180069,-0.07956004,-9.81,0.0,0.0,-10.19998
22.95,22.93999,23.36,23.00999,23.064995,7.61144835,-0.1999817,0.07956004,0.0,339.1,1553.0,185.78,15.71997829861111,224.571953125,3205.12,0.07956004,0.0,-9.81,0.0,0.0,-0.1999817
56.78999,56.64999,56.7,56.44,56.644995,18.692848350000002,0.0,0.009180069,-0.01938009,22.0,1733.0,99.71,15.667430555555555,219.40653125,3206.4,0.009180069,-0.01938009,-9.81,0.0,0.0,0.0
0.0,0.0,0.0,0.0,0.0,0.0,0.0,0.05915999,0.0397799,327.9,796.0,189.92,15.199361979166667,225.265671875,3207.6800000000003,0.05915999,0.0397799,-9.81,0.0,0.0,0.0
0.0,0.0,0.0,0.0,0.0,0.0,0.0,0.05915999,0.02957988,327.9,796.0,189.68,14.394600694444444,224.874109375,3208.96,0.05915999,0.02957988,-9.81,0.0,0.0,0.0
39.17999,39.08,38.94,38.87999,39.019994999999994,12.876598349999998,0.0,-0.01938009,0.02957988,342.6,1562.0,191.74,15.74115017361111,322.2429375,3210.2400000000002,-0.01938009,0.02957988,-9.81,0.0,0.0,0.0
38.5,38.50999,38.3,38.39999,38.427495,12.68107335,0.3000183,0.04997993,0.0397799,342.1,1843.0,191.84,15.703528645833334,315.443671875,3211.52,0.04997993,0.0397799,-9.81,0.0,0.0,0.3000183
43.59,44.12,43.28999,43.959990000000005,43.73999500000001,14.434198350000003,7.399994,-0.01938009,0.2193,308.9,1405.0,193.6,16.297335069444443,315.43409375,3212.8,-0.01938009,0.2193,-9.81,0.0,0.0,7.399994
106.39,106.36,106.69,105.86,106.325,35.087250000000004,0.0,-0.009180069,-0.009180069,9.399963,2631.0,97.38,16.913624131944445,332.034125,3214.08,-0.009180069,-0.009180069,-9.81,0.0,0.0,0.0
50.56999,50.72,50.349990000000005,50.23,50.46749499999999,16.654273349999997,2.300018,0.05915999,0.009180069,330.1,2047.0,211.47,17.652300347222223,313.293765625,3215.36,0.05915999,0.009180069,-9.81,0.0,0.0,2.300018
33.42,33.39,33.69,33.86,33.59,11.084700000000002,0.2000122,0.01937985,0.0,23.79999,1447.0,93.48,17.300638020833333,298.347484375,3216.64,0.01937985,0.0,-9.81,0.0,0.0,0.2000122
114.96,114.89,114.81,114.21,114.71749999999999,37.856775,0.0,0.02957988,0.0,9.200012,2851.0,105.6,17.516983506944445,308.2023125,3217.92,0.02957988,0.0,-9.81,0.0,0.0,0.0
22.00999,21.93999,22.03,21.56,21.884995,7.222048350000001,-2.199982,-0.5202,-0.06936002,363.9,1350.0,214.2,15.412582465277776,324.45115625,3219.2000000000003,-0.5202,-0.06936002,-9.81,0.0,0.0,-2.199982
37.87999,38.34,37.86,38.16,38.059997499999994,12.559799174999998,5.5,0.1193398999999999,0.1091398999999999,319.5,2244.0,215.09,17.17328559027778,308.130203125,3220.48,0.1193398999999999,0.1091398999999999,-9.81,0.0,0.0,5.5
114.23,114.26,114.4,113.48,114.0925,37.650525,0.1000061,0.0,0.0,8.5,2841.0,94.49,16.06345052083333,315.968484375,3221.76,0.0,0.0,-9.81,0.0,0.0,0.1000061
3.519997,3.849998,3.449997,3.729996,3.6374969999999998,1.20037401,2.700012,0.2295001,0.0,0.0,1315.0,90.95,15.916137152777779,234.06131249999999,3223.04,0.2295001,0.0,-9.81,0.0,0.0,2.700012
17.13,16.5,17.14,16.5,16.8175,5.549775,-7.0,0.12954,-0.05915999,76.79999000000001,2235.0,91.0,16.206675347222223,232.76396875,3224.32,0.12954,-0.05915999,-9.81,0.0,0.0,-7.0
32.14,32.36,32.069990000000004,32.23,32.1999975,10.625999175,2.300018,0.02957988,0.08976007,7.700011999999999,1843.0,91.5,17.270130208333335,225.86825,3225.6,0.02957988,0.08976007,-9.81,0.0,0.0,2.300018
48.06999,48.48,48.16,48.41,48.2799975,15.932399175,4.200012,0.0,0.0397799,330.9,1950.0,226.47,17.637365451388888,224.34603125,3226.88,0.0,0.0397799,-9.81,0.0,0.0,4.200012
32.069990000000004,31.23,32.05,31.06,31.602497500000002,10.428824175,-9.299988,0.01937985,-0.1693201,67.39996,1358.0,91.79,17.344696180555555,229.25221875,3228.16,0.01937985,-0.1693201,-9.81,0.0,0.0,-9.299988
40.03,39.44,39.73,39.099990000000005,39.574997499999995,13.059749174999999,-7.299988000000001,0.07956004,-0.1795201,374.9,1741.0,228.41,17.664661458333335,245.25759375,3229.44,0.07956004,-0.1795201,-9.81,0.0,0.0,-7.299988000000001
36.19,36.73999,36.08,36.56999,36.394995,12.010348350000001,6.200012,0.04997993,0.09995985,0.0,1513.0,92.55,18.813198784722225,239.354640625,3230.7200000000003,0.04997993,0.09995985,-9.81,0.0,0.0,6.200012
117.43,117.44,117.88,116.96,117.4275,38.751075,0.3000183,-0.009180069,-0.009180069,9.200012,2907.0,96.63,18.858394097222224,238.5823125,3232.0,-0.009180069,-0.009180069,-9.81,0.0,0.0,0.3000183
36.81999,36.75999,36.72,36.53,36.707495,12.113473350000001,-0.3999939,-0.02958012,-0.02958012,24.79999,1479.0,93.05,17.8945703125,235.980453125,3233.28,-0.02958012,-0.02958012,-9.81,0.0,0.0,-0.3999939
39.28999,39.12999,39.17,39.06,39.16249500000001,12.923623350000003,-1.0,-0.07956004,-0.05915999,348.5,1364.0,231.12,16.90640625,240.974390625,3234.56,-0.07956004,-0.05915999,-9.81,0.0,0.0,-1.0
5.349998,5.239998,5.369994999999999,5.220001,5.294998,1.74734934,-1.600006,0.0,0.0,51.39996,1059.0,94.25,14.21295138888889,166.5089375,3235.84,0.0,0.0,-9.81,0.0,0.0,-1.600006
124.37,124.26,124.07,123.26,123.99,40.9167,0.5,0.02957988,0.0397799,7.5,3079.0,96.53,13.28630642361111,161.84528125,3237.12,0.02957988,0.0397799,-9.81,0.0,0.0,0.5
125.78,125.6,125.77,124.78,125.48249999999999,41.409225,-0.1000061,0.01937985,-0.01938009,8.899963,3117.0,96.68,14.060729166666665,168.162921875,3238.4,0.01937985,-0.01938009,-9.81,0.0,0.0,-0.1000061
130.06,130.1,130.0,128.89,129.7625,42.821625,-1.100006,0.01937985,-0.06936002,10.89996,3240.0,98.32,14.961436631944444,173.13364062500003,3239.6800000000003,0.01937985,-0.06936002,-9.81,0.0,0.0,-1.100006
1.650002,1.669998,1.629997,1.669998,1.6549987499999999,0.5461495875,0.2000122,0.04997993,0.0,308.7,1014.0,231.82,14.15801215277778,170.78465625,3240.96,0.04997993,0.0,-9.81,0.0,0.0,0.2000122
124.69,124.77,125.12,123.93,124.6275,41.127075,-0.2999877999999999,0.01937985,-0.01938009,10.09998,3092.0,100.91,15.543845486111111,174.626109375,3242.2400000000002,0.01937985,-0.01938009,-9.81,0.0,0.0,-0.2999877999999999
6.459999,4.989998,5.839996,4.079994,5.34249675,1.7630239275,-18.5,-0.03978014,-0.02958012,775.0,990.0,231.44,14.223602430555555,183.902875,3243.52,-0.03978014,-0.02958012,-9.81,0.0,0.0,-18.5
126.32,126.59,126.54,125.59,126.25999999999999,41.6658,-0.1999817,0.01937985,-0.02958012,10.39996,3147.0,101.67,14.942022569444445,224.342125,3244.8,0.01937985,-0.02958012,-9.81,0.0,0.0,-0.1999817
128.11,127.95,128.15,127.1,127.82750000000001,42.18307500000001,-0.3999939,0.0,-0.02958012,10.79999,3188.0,102.33,14.749231770833333,243.382578125,3246.08,0.0,-0.02958012,-9.81,0.0,0.0,-0.3999939
125.54,125.43,126.09,124.93,125.49750000000002,41.41417500000001,-0.6000061,-0.01938009,-0.03978014,10.89996,3122.0,102.69,14.48023003472222,212.516328125,3247.36,-0.01938009,-0.03978014,-9.81,0.0,0.0,-0.6000061
26.41,26.37,26.43,26.18999,26.3499975,8.695499175,-0.6999816999999999,0.07956004,0.0,22.89996,1649.0,98.44,14.205616319444443,217.80114062500002,3248.64,0.07956004,0.0,-9.81,0.0,0.0,-0.6999816999999999
1.239998,1.599998,0.9499969,1.369995,1.289996975,0.42569900175000003,-4.699982,0.009180069,0.02957988,0.0,907.0,230.49,14.773680555555554,279.01115625,3249.92,0.009180069,0.02957988,-9.81,0.0,0.0,-4.699982
24.1,24.34,24.25999,24.16,24.2149975,7.990949175,3.0,0.12954,0.08976007,316.6,2163.0,230.45,15.220052083333336,231.278796875,3251.2000000000003,0.12954,0.08976007,-9.81,0.0,0.0,3.0
129.25,129.0,129.58,128.51,129.085,42.59805000000001,-0.5,-0.009180069,-0.03978014,11.20001,3215.0,104.89,14.351875,227.972609375,3252.48,-0.009180069,-0.03978014,-9.81,0.0,0.0,-0.5
45.87999,46.03,45.75999,45.84,45.877495,15.139573350000001,1.700012,0.05915999,0.02957988,14.09998,2596.0,98.22,20.17786458333333,220.919296875,3253.76,0.05915999,0.02957988,-9.81,0.0,0.0,1.700012
35.36,35.59,35.37999,35.48999,35.454995000000004,11.700148350000001,2.600006,0.06936002,0.04997993,331.3,2007.0,239.39,19.832118055555554,223.66451562499998,3255.04,0.06936002,0.04997993,-9.81,0.0,0.0,2.600006
31.289990000000003,30.929990000000004,31.17,31.11,31.124995000000002,10.27124835,1.0,-0.29988,0.0397799,336.6,1825.0,240.97,18.02023003472222,220.12396875000002,3256.32,-0.29988,0.0397799,-9.81,0.0,0.0,1.0
126.09,126.04,126.51,125.4,126.00999999999999,41.5833,-0.6999816999999999,-0.009180069,-0.05915999,12.0,3136.0,103.63,17.24822482638889,220.52079687500003,3257.6,-0.009180069,-0.05915999,-9.81,0.0,0.0,-0.6999816999999999
126.43,126.5,126.89,125.71,126.3825,41.706224999999996,0.0,-0.02958012,-0.009180069,8.799988,3140.0,100.37,19.935772569444445,215.49506250000002,3258.88,-0.02958012,-0.009180069,-9.81,0.0,0.0,0.0
37.72,37.78999,37.53,37.53,37.642497500000005,12.422024175000002,-0.1999817,0.0,-0.04997993,343.2,2155.0,250.0,20.68907986111111,208.73390625000002,3260.16,0.0,-0.04997993,-9.81,0.0,0.0,-0.1999817
15.53,14.71,15.23,14.5,14.9925,4.947525,-10.39999,0.2396998,-0.09996009,438.9,2005.0,254.76,19.043446180555556,242.48365625000002,3261.44,0.2396998,-0.09996009,-9.81,0.0,0.0,-10.39999
34.41,33.429990000000004,34.14,33.349990000000005,33.832495,11.164723350000001,-7.399994,-0.04997993,-0.1193398999999999,379.4,1312.0,258.57,19.327213541666666,209.317953125,3262.7200000000003,-0.04997993,-0.1193398999999999,-9.81,0.0,0.0,-7.399994
60.53999,60.51999,60.31,60.12,60.372495,19.92292335,-0.1999817,-0.009180069,-0.01938009,22.20001,1552.0,98.16,19.57434027777778,129.368578125,3264.0,-0.009180069,-0.01938009,-9.81,0.0,0.0,-0.1999817
49.099990000000005,48.78,49.23,48.94,49.0124975,16.174124175000003,-0.3999939,-0.08976007,-0.01938009,23.29999,1464.0,98.1,18.58203125,155.96476562499998,3265.28,-0.08976007,-0.01938009,-9.81,0.0,0.0,-0.3999939
109.95,110.03,110.33,109.35,109.91499999999999,36.27195,0.1000061,0.0,0.0,8.5,2721.0,100.06,18.040108506944442,227.64884375,3266.56,0.0,0.0,-9.81,0.0,0.0,0.1000061
19.5,22.88,18.57,22.11,20.765,6.85245,38.39999,-0.1091398999999999,0.36006,0.0,1260.0,97.81,15.05746527777778,333.613890625,3267.84,-0.1091398999999999,0.36006,-9.81,0.0,0.0,38.39999
53.84,53.83,53.73999,53.7,53.777497499999996,17.746574175,0.0,0.04997993,0.0,21.0,2186.0,98.09,18.628055555555555,308.95440625000003,3269.12,0.04997993,0.0,-9.81,0.0,0.0,0.0
61.17,61.099990000000005,61.11,60.91,61.072497500000004,20.153924175000004,0.1000061,0.0,0.0,21.29999,1880.0,98.0,19.17811631944444,306.422375,3270.4,0.0,0.0,-9.81,0.0,0.0,0.1000061
104.17,104.19,104.16,103.59,104.0275,34.329075,-0.1000061,0.0,-0.009180069,10.09998,2814.0,98.77,19.382304687499996,308.472125,3271.6800000000003,0.0,-0.009180069,-9.81,0.0,0.0,-0.1000061
77.39,77.39,77.31,77.03999,77.2824975,25.503224175000003,0.0,0.0,0.0,20.89996,2345.0,100.78,21.140282118055552,314.11771875,3272.96,0.0,0.0,-9.81,0.0,0.0,0.0
101.65,101.7,101.64,101.06,101.5125,33.499125,0.0,0.0397799,0.0,8.399963,2518.0,100.54,22.23345920138889,314.2130312500001,3274.2400000000002,0.0397799,0.0,-9.81,0.0,0.0,0.0
83.94,83.95,83.89,83.62,83.85,27.6705,-0.2999877999999999,0.009180069,-0.01938009,21.79999,2088.0,99.26,22.81226996527778,313.392328125,3275.52,0.009180069,-0.01938009,-9.81,0.0,0.0,-0.2999877999999999
44.56999,44.959990000000005,44.94,45.099990000000005,44.8924925,14.814522525000001,3.700012,0.1091398999999999,0.0397799,334.1,1893.0,287.37,22.209131944444444,297.194125,3276.8,0.1091398999999999,0.0397799,-9.81,0.0,0.0,3.700012
36.55,36.08,36.56999,35.97,36.292497499999996,11.976524175,-5.100006,0.12954,-0.07956004,360.5,1680.0,292.25,21.484292534722222,301.21553125,3278.08,0.12954,-0.07956004,-9.81,0.0,0.0,-5.100006
40.56999,40.55,40.55,40.53999,40.552495,13.38232335,-2.0,0.09995985,-0.009180069,348.9,1685.0,293.26,22.208107638888887,302.93715625,3279.36,0.09995985,-0.009180069,-9.81,0.0,0.0,-2.0
113.13,113.3,113.34,112.59,113.09,37.319700000000005,-0.3999939,0.01937985,-0.03978014,10.59998,2831.0,102.39,22.51493923611111,304.31707812499997,3280.64,0.01937985,-0.03978014,-9.81,0.0,0.0,-0.3999939
117.43,117.37,117.48,116.61,117.22250000000001,38.68342500000001,0.3000183,0.01937985,0.01937985,7.0,2909.0,103.62,22.403576388888887,292.3079375,3281.92,0.01937985,0.01937985,-9.81,0.0,0.0,0.3000183
39.209990000000005,39.06,39.28,38.62999,39.044995,12.88484835,-1.399994,-0.01938009,0.0,346.5,1570.0,294.28,21.776193576388888,291.6383125,3283.2000000000003,-0.01938009,0.0,-9.81,0.0,0.0,-1.399994
78.22,78.17,78.33,78.12,78.21,25.8093,0.0,-0.07956004,0.04997993,19.0,1893.0,106.11,18.34236111111111,295.630890625,3284.48,-0.07956004,0.04997993,-9.81,0.0,0.0,0.0
32.28999,30.95,32.17,30.75999,31.542495000000002,10.409023350000002,-14.60001,-0.009180069,-0.2601001,101.1,1367.0,106.04,15.760030381944444,311.429359375,3285.76,-0.009180069,-0.2601001,-9.81,0.0,0.0,-14.60001
116.46,116.39,116.51,115.88,116.31,38.3823,0.2000122,0.01937985,0.02957988,7.299988000000001,2898.0,109.15,19.5482421875,317.233890625,3287.04,0.01937985,0.02957988,-9.81,0.0,0.0,0.2000122
63.42999,63.47,63.23,63.3,63.357497499999994,20.907974175,1.399994,0.02957988,0.07956004,14.59998,2011.0,105.86,19.679678819444444,317.694484375,3288.32,0.02957988,0.07956004,-9.81,0.0,0.0,1.399994
66.69,66.73,66.67,66.47,66.64000000000001,21.991200000000006,0.0,0.02957988,0.01937985,19.59998,1766.0,105.72,19.25082465277778,314.9721875,3289.6,0.02957988,0.01937985,-9.81,0.0,0.0,0.0
72.06999,71.98999,71.95,71.64999,71.9149925,23.731947525,-0.2999877999999999,0.04997993,0.02957988,20.0,2206.0,106.43,20.095776909722222,303.104875,3290.88,0.04997993,0.02957988,-9.81,0.0,0.0,-0.2999877999999999
122.44,122.52,122.52,121.76,122.30999999999999,40.3623,-0.6999816999999999,0.01937985,-0.06936002,11.39996,3049.0,115.31,20.508958333333332,287.12809375,3292.16,0.01937985,-0.06936002,-9.81,0.0,0.0,-0.6999816999999999
18.52,19.55,18.2,19.53,18.95,6.2535,12.80002,0.08976007,0.06936002,249.6,1274.0,311.53,20.780846354166666,279.8506875,3293.44,0.08976007,0.06936002,-9.81,0.0,0.0,12.80002
87.2,87.17999,87.17,86.84999,87.099995,28.742998350000004,0.1000061,0.0397799,0.01937985,19.59998,2668.0,104.25,21.645989583333332,278.917046875,3294.7200000000003,0.0397799,0.01937985,-9.81,0.0,0.0,0.1000061
35.25999,34.12999,34.92,33.69,34.499995,11.38499835,-11.29999,0.04997993,-0.28968,393.1,1606.0,310.15,21.329843750000002,280.044515625,3296.0,0.04997993,-0.28968,-9.81,0.0,0.0,-11.29999
86.81,86.75999,86.69,86.45999,86.679995,28.604398350000004,-0.1000061,0.0,0.009180069,20.09998,2150.0,107.09,21.899457465277777,281.797796875,3297.28,0.0,0.009180069,-9.81,0.0,0.0,-0.1000061
85.17,85.19,85.00999,84.69,85.0149975,28.054949175000004,0.5,-0.01938009,-0.01938009,21.70001,2117.0,107.74,21.34907552083333,279.47081249999997,3298.56,-0.01938009,-0.01938009,-9.81,0.0,0.0,0.5
114.64,114.67,114.87,113.89,114.5175,37.790775000000004,-2.399994,0.02957988,-0.1091398999999999,13.0,2842.0,120.11,22.05374565972222,281.69698437500006,3299.84,0.02957988,-0.1091398999999999,-9.81,0.0,0.0,-2.399994
81.47,81.45,81.5,81.23999,81.4149975,26.866949175000002,0.0,-0.03978014,-0.009180069,20.89996,1988.0,105.91,21.95203125,280.60265625,3301.12,-0.03978014,-0.009180069,-9.81,0.0,0.0,0.0
79.25,79.34999,79.19,79.06999,79.214995,26.140948350000002,1.200012,-0.009180069,0.009180069,18.0,1972.0,101.98,20.357356770833334,279.1499375,3302.4,-0.009180069,0.009180069,-9.81,0.0,0.0,1.200012
121.05,120.92,121.17,120.45,120.8975,39.896175,-0.3999939,-0.02958012,-0.01938009,9.599976,3008.0,109.92,19.028554687499998,282.37471875,3303.6800000000003,-0.02958012,-0.01938009,-9.81,0.0,0.0,-0.3999939
13.63,12.86,13.42,12.64999,13.139997500000002,4.336199175000001,-8.299988,0.0397799,-0.01938009,428.3,1309.0,304.58,19.471510416666668,286.786625,3304.96,0.0397799,-0.01938009,-9.81,0.0,0.0,-8.299988
118.36,118.29,118.54,117.82,118.2525,39.023325,-0.5,-0.01938009,-0.04997993,11.29999,2944.0,106.05,18.486848958333333,297.953390625,3306.2400000000002,-0.01938009,-0.04997993,-9.81,0.0,0.0,-0.5
33.28,32.55,33.2,32.459990000000005,32.8724975,10.847924175000001,-6.899994,-0.04997993,-0.14994,377.0,1352.0,294.15,18.475933159722224,297.11095312500004,3307.52,-0.04997993,-0.14994,-9.81,0.0,0.0,-6.899994
37.06999,36.98,36.78999,36.62999,36.8674925,12.166272525,1.200012,-0.009180069,-0.05915999,339.8,1497.0,295.6,19.566462673611113,297.66496875,3308.8,-0.009180069,-0.05915999,-9.81,0.0,0.0,1.200012
79.14,79.06,79.14999,78.81999,79.042495,26.084023350000002,-0.5,0.009180069,0.0,21.5,1961.0,91.06,20.913715277777776,305.127359375,3310.08,0.009180069,0.0,-9.81,0.0,0.0,-0.5
101.66,101.67,102.19,101.34,101.715,33.56595,0.0,-0.03978014,0.0,9.299988,2529.0,107.28,19.121796875,308.364921875,3311.36,-0.03978014,0.0,-9.81,0.0,0.0,0.0
102.08,102.02,102.19,101.39,101.91999999999999,33.633599999999994,-0.2999877999999999,0.01937985,-0.02958012,10.09998,2529.0,108.06,19.54399739583333,300.290671875,3312.64,0.01937985,-0.02958012,-9.81,0.0,0.0,-0.2999877999999999
74.17999,74.03999,74.12,73.78999,74.0324925,24.430722525000004,-0.1000061,-0.01938009,-0.01938009,21.5,1837.0,92.41,18.88646267361111,295.68365625,3313.92,-0.01938009,-0.01938009,-9.81,0.0,0.0,-0.1000061
92.98,92.90999,93.23,92.42999,92.887495,30.65287335,-0.2999877999999999,-0.009180069,-0.009180069,10.20001,2314.0,109.2,18.436154513888887,284.11839062499996,3315.2000000000003,-0.009180069,-0.009180069,-9.81,0.0,0.0,-0.2999877999999999
92.59999,92.58,92.67999,92.17999,92.50999250000001,30.528297525000006,-0.1000061,-0.009180069,0.0,9.099976,2303.0,109.92,16.550672743055554,265.16659375000006,3316.48,-0.009180069,0.0,-9.81,0.0,0.0,-0.1000061
89.73999,89.70999,90.0,89.5,89.737495,29.61337335,0.0,-0.009180069,0.0,9.399963,2232.0,111.11,13.124665798611112,294.898953125,3317.76,-0.009180069,0.0,-9.81,0.0,0.0,0.0
36.42,35.27,36.27,35.459990000000005,35.8549975,11.832149175000001,-7.699982,-0.2101199999999999,-0.14994,378.8,1401.0,247.53,12.628576388888888,302.37185937500004,3319.04,-0.2101199999999999,-0.14994,-9.81,0.0,0.0,-7.699982
33.0,32.86,32.89999,32.75,32.877497500000004,10.849574175000003,-0.7999878,-0.14994,-0.04997993,349.9,1282.0,245.23,11.256293402777779,301.470078125,3320.32,-0.14994,-0.04997993,-9.81,0.0,0.0,-0.7999878
25.64999,23.39999,25.6,22.99,24.409995,8.05529835,-27.5,-0.03978014,-0.3896401,192.2,1672.0,85.94,11.085499131944445,315.31240625,3321.6,-0.03978014,-0.3896401,-9.81,0.0,0.0,-27.5
30.44,30.95999,30.149990000000003,30.70999,30.564992500000002,10.086447525,6.600006,0.12954,0.16014,0.0,1808.0,85.73,11.922083333333333,314.40725,3322.88,0.12954,0.16014,-9.81,0.0,0.0,6.600006
4.579994,4.529999,4.6100010000000005,4.540001,4.56499875,1.5064495875000001,-0.5,-0.01938009,0.0,360.9,900.0,243.07,13.278906249999999,310.146453125,3324.16,-0.01938009,0.0,-9.81,0.0,0.0,-0.5
98.05,98.08,98.20999,97.53,97.96749750000001,32.329274175,0.7000122,-0.009180069,0.02957988,7.399963,2438.0,113.58,12.730269097222221,311.93543750000003,3325.44,-0.009180069,0.02957988,-9.81,0.0,0.0,0.7000122
111.92,111.99,112.06,111.4,111.8425,36.908025,0.0,0.009180069,-0.01938009,9.0,2787.0,115.05,20.137339409722223,248.85743749999997,3326.7200000000003,0.009180069,-0.01938009,-9.81,0.0,0.0,0.0
49.58,48.67999,49.58,48.61,49.1124975,16.207124175,-8.0,-0.05915999,-0.2295001,370.7,1482.0,233.74,20.766701388888887,255.184171875,3328.0,-0.05915999,-0.2295001,-9.81,0.0,0.0,-8.0
87.75999,87.72,88.00999,87.56999,87.7649925,28.962447525,-0.1999817,0.0,-0.01938009,22.0,2175.0,92.95,21.37620659722222,257.573828125,3329.28,0.0,-0.01938009,-9.81,0.0,0.0,-0.1999817
112.08,111.98,112.34,111.51,111.97749999999999,36.952574999999996,1.200012,-0.05915999,0.06936002,5.899963,2788.0,121.09,20.98248263888889,243.09162500000002,3330.56,-0.05915999,0.06936002,-9.81,0.0,0.0,1.200012
105.05,105.11,105.18,104.45,104.9475,34.632675000000006,0.8000183000000001,-0.03978014,0.04997993,6.299988,2604.0,121.96,20.275203993055555,231.610609375,3331.84,-0.03978014,0.04997993,-9.81,0.0,0.0,0.8000183000000001
103.55,103.68,103.66,102.89,103.445,34.13685,0.5,0.01937985,0.0397799,6.5,2567.0,122.39,20.385243055555556,233.87646875000002,3333.12,0.01937985,0.0397799,-9.81,0.0,0.0,0.5
84.06,84.03999,83.98999,83.75999,83.9624925,27.707622525,0.1000061,0.0,0.0,20.70001,2090.0,90.39,18.64310329861111,233.9115625,3334.4,0.0,0.0,-9.81,0.0,0.0,0.1000061
0.0,0.0,0.0,0.0,0.0,0.0,-0.5,0.02957988,0.0,436.0,920.0,200.12,17.372326388888887,242.06401562500002,3335.6800000000003,0.02957988,0.0,-9.81,0.0,0.0,-0.5
110.36,110.34,110.45,109.54,110.1725,36.356925000000004,0.0,0.0,-0.009180069,9.099976,2735.0,127.43,13.67496527777778,211.019015625,3336.96,0.0,-0.009180069,-9.81,0.0,0.0,0.0
112.35,112.3,112.52,111.68,112.21249999999999,37.030125,-0.1999817,0.009180069,-0.01938009,9.399963,2784.0,128.27,15.730746527777777,209.521390625,3338.2400000000002,0.009180069,-0.01938009,-9.81,0.0,0.0,-0.1999817
106.4,106.31,106.75,106.17,106.40750000000001,35.114475000000006,-0.2999877999999999,-0.04997993,0.0,7.799988000000001,2635.0,129.17,14.492873263888889,214.4695625,3339.52,-0.04997993,0.0,-9.81,0.0,0.0,-0.2999877999999999
84.92,84.70999,85.17,84.31,84.77749750000001,27.976574175000003,-2.399994,0.05915999,-0.05915999,14.59998,2567.0,130.76,14.03467013888889,237.147578125,3340.8,0.05915999,-0.05915999,-9.81,0.0,0.0,-2.399994
30.77,31.56,30.929990000000004,31.55,31.2024975,10.296824175000001,6.899994,-0.05915999,0.12954,0.0,1247.0,103.14,15.121510416666666,240.40023437500003,3342.08,-0.05915999,0.12954,-9.81,0.0,0.0,6.899994
25.75999,26.6,25.7,26.43999,26.124995,8.62124835,7.200011999999999,-0.07956004,0.1091398999999999,0.0,1061.0,103.24,15.726588541666665,234.89534375000002,3343.36,-0.07956004,0.1091398999999999,-9.81,0.0,0.0,7.200011999999999
113.92,113.79,113.92,113.28,113.72749999999999,37.530075,0.7000122,0.01937985,0.08976007,4.299988,2961.0,132.47,15.683355034722222,231.6016875,3344.64,0.01937985,0.08976007,-9.81,0.0,0.0,0.7000122
113.73,113.59,113.68,112.52,113.38,37.4154,-1.100006,0.02957988,-0.02958012,11.20001,2955.0,133.82,21.04931857638889,336.147734375,3345.92,0.02957988,-0.02958012,-9.81,0.0,0.0,-1.100006
117.23,117.31,117.88,116.76,117.295,38.707350000000005,-0.5,-0.02958012,0.0,10.09998,2900.0,135.06,19.5876171875,320.528703125,3347.2000000000003,-0.02958012,0.0,-9.81,0.0,0.0,-0.5
115.2,115.15,115.11,114.64,115.025,37.95825000000001,0.3999939,0.0397799,0.01937985,7.399963,2866.0,138.38,16.142682291666667,328.36725,3348.48,0.0397799,0.01937985,-9.81,0.0,0.0,0.3999939
11.7,12.12,11.71,12.11,11.91,3.9303000000000003,4.800018,-0.1091398999999999,0.07956004,296.9,1258.0,202.98,16.43103732638889,339.0061875,3349.76,-0.1091398999999999,0.07956004,-9.81,0.0,0.0,4.800018
112.95,112.96,113.32,112.65,112.97,37.280100000000004,0.1000061,-0.01938009,0.0,8.399963,2811.0,127.59,15.809743923611112,338.87720312500005,3351.04,-0.01938009,0.0,-9.81,0.0,0.0,0.1000061
113.19,113.19,113.42,112.54,113.08500000000001,37.31805000000001,1.100006,-0.009180069,0.02957988,6.599976,2807.0,125.3,16.32806423611111,301.69809374999994,3352.32,-0.009180069,0.02957988,-9.81,0.0,0.0,1.100006
5.009995,5.040001,5.059998,5.1100010000000005,5.05499875,1.6681495875,1.800018,-0.03978014,0.04997993,248.0,911.0,201.84,16.459075520833334,329.74325,3353.6,-0.03978014,0.04997993,-9.81,0.0,0.0,1.800018
2.949997,2.279999,2.599998,1.75,2.3949985,0.790349505,8.600006,0.04997993,-0.009180069,747.1,874.0,201.53,15.485811631944443,181.326578125,3354.88,0.04997993,-0.009180069,-9.81,0.0,0.0,8.600006
110.96,110.91,111.2,110.2,110.8175,36.569775,0.0,-0.009180069,0.009180069,8.099976,2748.0,110.46,17.95536458333333,248.44998437499999,3356.16,-0.009180069,0.009180069,-9.81,0.0,0.0,0.0
23.46,22.50999,23.35,22.6,22.979997499999996,7.583399174999999,-11.60001,0.1897199,-0.07956004,411.8,1994.0,200.85,19.434014756944443,294.743984375,3357.44,0.1897199,-0.07956004,-9.81,0.0,0.0,-11.60001
40.31999,40.44,40.599990000000005,40.28999,40.4124925,13.336122525,-2.100006,0.13974,-0.08976007,351.9,2304.0,205.22,21.37575520833333,305.20909375,3358.7200000000003,0.13974,-0.08976007,-9.81,0.0,0.0,-2.100006
111.71,111.56,111.9,111.19,111.58999999999999,36.8247,-0.3999939,0.0,0.0,10.5,2769.0,103.84,21.577799479166664,307.173453125,3360.0,0.0,0.0,-9.81,0.0,0.0,-0.3999939
44.64,44.709990000000005,44.11,44.67,44.532497500000005,14.695724175000002,2.800018,0.09995985,0.01937985,333.1,2545.0,212.3,20.7459765625,307.63868750000006,3361.28,0.09995985,0.01937985,-9.81,0.0,0.0,2.800018
101.88,101.93,102.16,101.38,101.8375,33.60637500000001,-0.5,-0.04997993,0.0,10.20001,2560.0,100.94,17.737395833333334,336.58989062499995,3362.56,-0.04997993,0.0,-9.81,0.0,0.0,-0.5
30.25,30.36,30.12,30.19,30.23,9.975900000000001,2.600006,0.14994,0.08976007,328.3,1805.0,247.29,20.296263020833333,313.10653125000005,3363.84,0.14994,0.08976007,-9.81,0.0,0.0,2.600006
114.76,114.69,114.85,114.18,114.61999999999999,37.8246,0.0,0.02957988,-0.01938009,10.09998,2842.0,100.32,20.68112847222222,308.190875,3365.12,0.02957988,-0.01938009,-9.81,0.0,0.0,0.0
108.88,108.97,109.29,108.59,108.9325,35.947725000000005,0.3999939,0.0,0.0,9.899963,2708.0,110.74,21.062200520833333,304.3483125,3366.4,0.0,0.0,-9.81,0.0,0.0,0.3999939
42.11,42.25,41.98999,42.25,42.1499975,13.909499175,0.8999939,-0.01938009,0.0,340.9,2358.0,283.85,20.34298611111111,302.82604687500003,3367.6800000000003,-0.01938009,0.0,-9.81,0.0,0.0,0.8999939
38.12,38.03999,37.87999,37.56999,37.902492499999994,12.507822524999998,-1.600006,0.09995985,-0.04997993,350.6,1617.0,287.25,20.26638888888889,306.059125,3368.96,0.09995985,-0.04997993,-9.81,0.0,0.0,-1.600006
47.87999,47.48,47.75999,47.56999,47.6724925,15.731922525,-0.3999939,-0.009180069,-0.01938009,346.6,1466.0,286.41,21.3627734375,305.74275,3370.2400000000002,-0.009180069,-0.01938009,-9.81,0.0,0.0,-0.3999939
45.53,45.64999,45.59,45.42,45.547497500000006,15.030674175000003,-0.1999817,-0.05915999,0.0,343.7,1307.0,287.71,20.554305555555555,299.92076562500006,3371.52,-0.05915999,0.0,-9.81,0.0,0.0,-0.1999817
27.02,26.84,27.05,26.75,26.915,8.88195,-1.799988,0.06936002,0.0,352.2,1228.0,291.32,18.78150173611111,301.18903124999997,3372.8,0.06936002,0.0,-9.81,0.0,0.0,-1.799988
27.87,27.68,27.55,27.45,27.6375,9.120375000000001,-0.6000061,0.08976007,0.0,346.0,1616.0,292.59,19.5643359375,300.96412499999997,3374.08,0.08976007,0.0,-9.81,0.0,0.0,-0.6000061
100.52,100.61,100.61,100.07,100.4525,33.149325000000005,0.5,-0.009180069,0.02957988,7.099976,2501.0,108.67,20.066028645833335,318.95871875,3375.36,-0.009180069,0.02957988,-9.81,0.0,0.0,0.5
42.56,42.81,42.56999,43.099990000000005,42.759995,14.110798350000001,4.5,-0.03978014,0.16014,318.5,1256.0,298.24,18.150438368055553,312.70518749999997,3376.64,-0.03978014,0.16014,-9.81,0.0,0.0,4.5
38.5,37.44,38.28999,37.56999,37.949995,12.52349835,-10.10001,-0.01938009,-0.1795201,385.4,1638.0,306.23,20.239422743055556,309.535390625,3377.92,-0.01938009,-0.1795201,-9.81,0.0,0.0,-10.10001
109.1,109.01,109.27,108.56,108.985,35.96505,0.8999939,0.0,0.01937985,6.8999630000000005,2712.0,124.61,15.212743055555556,320.358984375,3379.2000000000003,0.0,0.01937985,-9.81,0.0,0.0,0.8999939
107.93,108.04,108.13,107.4,107.875,35.59875,-0.1999817,0.0,0.01937985,8.399963,2680.0,123.59,15.132261284722222,319.80332812499995,3380.48,0.0,0.01937985,-9.81,0.0,0.0,-0.1999817
0.0,0.0,0.0,0.0,0.0,0.0,0.0,0.0,0.02957988,317.1,796.0,308.43,15.327721354166666,320.39621875,3381.76,0.0,0.02957988,-9.81,0.0,0.0,0.0
0.0,0.0,0.0,0.0,0.0,0.0,0.1000061,-0.01938009,0.02957988,317.1,886.0,308.5,15.658003472222223,320.796734375,3383.04,-0.01938009,0.02957988,-9.81,0.0,0.0,0.1000061
0.0,0.0,0.0,0.0,0.0,0.0,0.1000061,0.0,0.02957988,317.1,806.0,308.95,15.274019097222222,323.69042187499997,3384.32,0.0,0.02957988,-9.81,0.0,0.0,0.1000061
108.13,108.29,108.53,107.67,108.15500000000002,35.69115000000001,0.1000061,-0.03978014,0.01937985,7.099976,2690.0,115.65,15.667738715277778,289.17798437500005,3385.6,-0.03978014,0.01937985,-9.81,0.0,0.0,0.1000061
111.51,111.64,111.63,110.85,111.4075,36.764475000000004,0.6000061,0.009180069,0.009180069,7.299988000000001,2765.0,105.61,22.455151909722222,177.684015625,3386.88,0.009180069,0.009180069,-9.81,0.0,0.0,0.6000061
53.03999,53.33,52.95,53.37,53.172497500000006,17.546924175000004,4.600006,-0.01938009,0.14994,331.1,1693.0,292.38,23.529726562500002,167.92371874999998,3388.16,-0.01938009,0.14994,-9.81,0.0,0.0,4.600006
45.36,44.98,45.55,45.09,45.245,14.93085,-4.0,0.0,-0.09996009,362.3,1498.0,289.81,22.96626302083333,192.38740625000003,3389.44,0.0,-0.09996009,-9.81,0.0,0.0,-4.0
49.31,48.66,49.0,48.23999,48.8024975,16.104824175,-7.5,0.06936002,-0.1091398999999999,366.4,2056.0,288.87,23.05,162.85209375,3390.7200000000003,0.06936002,-0.1091398999999999,-9.81,0.0,0.0,-7.5
33.569990000000004,33.67,33.48,33.69,33.6024975,11.088824175,1.700012,-0.2499001,0.01937985,337.0,1091.0,287.48,18.607230902777776,163.18173437500002,3392.0,-0.2499001,0.01937985,-9.81,0.0,0.0,1.700012
107.02,106.91,107.11,106.53,106.89250000000001,35.274525000000004,-0.1999817,-0.009180069,0.009180069,8.899963,2662.0,82.51,14.712304687500001,156.48275,3393.28,-0.009180069,0.009180069,-9.81,0.0,0.0,-0.1999817
101.18,100.99,101.35,100.73,101.0625,33.350625,-0.6000061,-0.04997993,0.0,9.399963,2508.0,81.83,13.940008680555556,193.66590625,3394.56,-0.04997993,0.0,-9.81,0.0,0.0,-0.6000061
97.78999,97.75999,97.87999,97.47,97.72499250000001,32.24924752500001,0.0,0.0,0.009180069,8.799988,2435.0,80.23,13.687239583333334,260.33731250000005,3395.84,0.0,0.009180069,-9.81,0.0,0.0,0.0
100.53,100.45,100.54,100.11,100.40750000000001,33.13447500000001,0.0,0.0,0.02957988,7.299988000000001,2490.0,77.61,14.071258680555555,283.740078125,3397.12,0.0,0.02957988,-9.81,0.0,0.0,0.0
0.0,0.0,0.0,0.0,0.0,0.0,0.0,0.009180069,0.0,357.9,792.0,287.88,14.265125868055556,228.20771875,3398.4,0.009180069,0.0,-9.81,0.0,0.0,0.0
3.029999,2.799995,2.989998,2.82,2.909998,0.96029934,2.0,0.0,0.0,470.8,868.0,287.8,14.24203125,196.415125,3399.6800000000003,0.0,0.0,-9.81,0.0,0.0,2.0
0.0,0.0,0.0,0.0,0.0,0.0,0.0,0.0,0.0,658.2,788.0,287.89,13.363980034722221,226.3145,3400.96,0.0,0.0,-9.81,0.0,0.0,0.0
100.95,100.94,100.87,100.22,100.745,33.245850000000004,0.8999939,0.06936002,0.009180069,6.099976,3087.0,70.56,19.147465277777776,256.86596875000004,3402.2400000000002,0.06936002,0.009180069,-9.81,0.0,0.0,0.8999939
109.26,109.15,109.2,108.33,108.985,35.96505,0.6000061,0.06936002,0.009180069,7.399963,3343.0,70.18,20.649600694444445,256.92790625000004,3403.52,0.06936002,0.009180069,-9.81,0.0,0.0,0.6000061
111.79,111.78,112.07,111.4,111.75999999999999,36.8808,1.200012,-0.01938009,0.0397799,5.899963,2941.0,69.96,20.37088107638889,253.790390625,3404.8,-0.01938009,0.0397799,-9.81,0.0,0.0,1.200012
106.43,106.33,106.47,105.86,106.27250000000001,35.069925000000005,0.0,0.0,-0.009180069,9.099976,2639.0,71.44,20.110308159722223,256.195515625,3406.08,0.0,-0.009180069,-9.81,0.0,0.0,0.0
103.32,103.21,103.56,102.65,103.185,34.051050000000004,-0.5,0.009180069,-0.009180069,10.59998,2559.0,74.92,19.677183159722222,252.8523125,3407.36,0.009180069,-0.009180069,-9.81,0.0,0.0,-0.5
47.00999,46.91,46.08,46.81,46.7024975,15.411824175000001,-0.6000061,0.13974,-0.01938009,341.2,2668.0,312.05,20.509926215277776,288.21621875000005,3408.64,0.13974,-0.01938009,-9.81,0.0,0.0,-0.6000061
47.66,47.37,47.53999,47.42999,47.499995000000006,15.674998350000003,-1.100006,0.04997993,-0.03978014,345.2,1754.0,312.27,20.82698784722222,288.64159375,3409.92,0.04997993,-0.03978014,-9.81,0.0,0.0,-1.100006
27.82999,27.75,27.50999,27.62,27.677495,9.13357335,0.3999939,0.02957988,0.009180069,336.6,1637.0,310.6,19.41621527777778,284.26340625,3411.2000000000003,0.02957988,0.009180069,-9.81,0.0,0.0,0.3999939
107.0,106.94,106.95,106.07,106.74,35.2242,-0.1000061,-0.03978014,-0.02958012,9.599976,2654.0,81.36,18.6855078125,295.317234375,3412.48,-0.03978014,-0.02958012,-9.81,0.0,0.0,-0.1000061
1.199997,1.229996,1.169998,1.199997,1.199997,0.39599901,0.5,-0.02958012,-0.03978014,337.8,850.0,304.25,15.53622829861111,296.149765625,3413.76,-0.02958012,-0.03978014,-9.81,0.0,0.0,0.5
107.56,107.42,107.93,107.01,107.48,35.4684,-0.5,-0.03978014,0.0,10.0,2661.0,77.14,14.972725694444444,297.78809375000003,3415.04,-0.03978014,0.0,-9.81,0.0,0.0,-0.5
1.309998,1.25,1.299995,1.239998,1.27499775,0.42074925750000003,-0.1000061,-0.03978014,-0.03978014,383.1,879.0,303.83,14.824717881944444,297.48989062500004,3416.32,-0.03978014,-0.03978014,-9.81,0.0,0.0,-0.1000061
48.73,48.64,48.849990000000005,48.67,48.7224975,16.078424175000002,0.5,0.05915999,-0.009180069,341.7,2012.0,296.81,22.16711371527778,297.115234375,3417.6,0.05915999,-0.009180069,-9.81,0.0,0.0,0.5
50.3,50.97,50.17999,50.89,50.5849975,16.693049175000002,6.800018,0.09995985,0.12954,319.5,2033.0,300.52,22.078637152777777,287.148015625,3418.88,0.09995985,0.12954,-9.81,0.0,0.0,6.800018
109.51,109.59,109.59,108.72,109.35250000000002,36.08632500000001,0.8999939,0.009180069,0.009180069,7.0,2724.0,63.62,22.437938368055555,286.90728125,3420.16,0.009180069,0.009180069,-9.81,0.0,0.0,0.8999939
50.16,49.94,49.53,49.77,49.85,16.4505,0.0,0.0397799,0.02957988,341.1,2003.0,315.49,22.045494791666666,287.59314062500005,3421.44,0.0397799,0.02957988,-9.81,0.0,0.0,0.0
100.95,101.03,101.04,100.51,100.88250000000001,33.291225000000004,0.8999939,0.02957988,0.02957988,6.299988,2735.0,61.42,22.131471354166663,282.145890625,3422.7200000000003,0.02957988,0.02957988,-9.81,0.0,0.0,0.8999939
63.42999,63.37,63.14999,63.16,63.277494999999995,20.88157335,1.200012,0.06936002,0.04997993,339.4,2577.0,350.89,22.332087673611113,279.10870312500003,3424.0,0.06936002,0.04997993,-9.81,0.0,0.0,1.200012
97.97,98.0,98.12999,97.59,97.92249749999999,32.314424175,0.6000061,0.0,0.009180069,7.899963,2767.0,59.32,24.078615451388888,277.505375,3425.28,0.0,0.009180069,-9.81,0.0,0.0,0.6000061
64.03,64.22,63.91,63.76999,63.9824975,21.114224175,0.6000061,-0.34986,0.0,345.1,1511.0,361.19,21.634709201388887,270.55165625000006,3426.56,-0.34986,0.0,-9.81,0.0,0.0,0.6000061
110.35,110.59,110.75,110.39,110.52,36.4716,2.399994,0.0,0.07956004,3.0,2734.0,56.02,16.217473958333333,265.13531250000005,3427.84,0.0,0.07956004,-9.81,0.0,0.0,2.399994
110.73,110.73,110.62,109.73,110.45250000000001,36.44932500000001,0.2000122,0.0,0.009180069,7.399963,2754.0,55.19,15.98802951388889,266.02715624999996,3429.12,0.0,0.009180069,-9.81,0.0,0.0,0.2000122
110.54,110.36,110.83,110.0,110.4325,36.442725,-0.3999939,-0.009180069,0.01937985,8.200012,2738.0,54.6,15.683658854166666,275.95378125,3430.4,-0.009180069,0.01937985,-9.81,0.0,0.0,-0.3999939
105.62,105.45,105.7,104.97,105.435,34.79355,-2.299988,-0.02958012,-0.04997993,12.70001,2615.0,53.04,23.61476128472222,160.83029687500002,3431.6800000000003,-0.02958012,-0.04997993,-9.81,0.0,0.0,-2.299988
89.72,89.78999,89.36,89.23999,89.52749500000002,29.544073350000005,0.0,0.01937985,-0.03978014,344.9,2759.0,347.85,26.722009548611112,165.162890625,3432.96,0.01937985,-0.03978014,-9.81,0.0,0.0,0.0
97.56999,97.47,97.56999,96.7,97.327495,32.11807335,-0.5,-0.01938009,0.0,9.599976,2426.0,52.84,27.40273003472222,166.5180625,3434.2400000000002,-0.01938009,0.0,-9.81,0.0,0.0,-0.5
97.47,97.39,98.06,97.20999,97.5324975,32.185724175000004,-0.2999877999999999,-0.01938009,0.009180069,9.0,2422.0,54.11,25.120065104166667,172.308453125,3435.52,-0.01938009,0.009180069,-9.81,0.0,0.0,-0.2999877999999999
94.12999,94.06,94.05,93.45,93.9224975,30.994424175000002,0.8999939,0.009180069,0.0397799,6.5,2331.0,57.77,20.013797743055555,303.35740625,3436.8,0.009180069,0.0397799,-9.81,0.0,0.0,0.8999939
106.15,106.07,106.4,105.59,106.05250000000001,34.997325000000004,-1.199982,0.0397799,-0.03978014,12.09998,2639.0,62.92,20.420078125,190.14864062499998,3438.08,0.0397799,-0.03978014,-9.81,0.0,0.0,-1.199982
73.75,73.67,73.76999,73.25999,73.61249500000001,24.292123350000004,-3.299988,-0.09996009,-0.14994,352.5,1788.0,247.49,25.246905381944444,166.221015625,3439.36,-0.09996009,-0.14994,-9.81,0.0,0.0,-3.299988
53.849990000000005,53.44,53.61,53.0,53.4749975,17.646749175,-5.600006,0.05915999,-0.16014,359.4,2180.0,253.19,21.511601562499997,180.22259375,3440.64,0.05915999,-0.16014,-9.81,0.0,0.0,-5.600006
60.91,60.709990000000005,60.72,60.42999,60.692495,20.02852335,-2.299988,0.1193398999999999,-0.07956004,351.5,2465.0,255.4,22.445894097222222,181.496015625,3441.92,0.1193398999999999,-0.07956004,-9.81,0.0,0.0,-2.299988
67.69,67.86,67.53,67.34999,67.60749750000001,22.310474175000003,0.3000183,0.08976007,0.0,340.4,2729.0,257.94,22.807547743055558,181.77946875,3443.2000000000003,0.08976007,0.0,-9.81,0.0,0.0,0.3000183
90.64999,90.39999,90.64,89.95,90.409995,29.83529835,-2.199982,0.0,-0.07956004,14.59998,2515.0,72.19,21.131796875,164.25598437500003,3444.48,0.0,-0.07956004,-9.81,0.0,0.0,-2.199982
63.51999,63.459990000000005,63.25,63.14,63.342495,20.90302335,0.3999939,0.06936002,-0.009180069,339.4,2006.0,262.96,21.935907118055557,160.438671875,3445.76,0.06936002,-0.009180069,-9.81,0.0,0.0,0.3999939
100.73,100.77,100.72,100.26,100.62,33.204600000000006,-0.1000061,0.01937985,0.01937985,8.899963,2508.0,76.43,20.993710937499998,197.35828125,3447.04,0.01937985,0.01937985,-9.81,0.0,0.0,-0.1000061
60.3,60.51999,60.22,59.87,60.2274975,19.875074175,1.5,0.08976007,0.05915999,335.4,2463.0,274.49,21.372144097222222,193.55112499999998,3448.32,0.08976007,0.05915999,-9.81,0.0,0.0,1.5
79.48999,79.44,79.67999,79.23999,79.4624925,26.222622525,0.2000122,-0.03978014,0.02957988,8.599976,1931.0,82.5,20.77469184027778,190.27634375000002,3449.6,-0.03978014,0.02957988,-9.81,0.0,0.0,0.2000122
73.34,73.36,72.95,72.92,73.1425,24.137025,-0.3999939,0.04997993,0.02957988,344.7,2271.0,283.43,21.3951171875,190.999640625,3450.88,0.04997993,0.02957988,-9.81,0.0,0.0,-0.3999939
80.95999,81.0,80.94,80.59999,80.874995,26.68874835,0.0,0.02957988,0.01937985,8.899963,2003.0,85.99,21.904453124999996,191.82185937499997,3452.16,0.02957988,0.01937985,-9.81,0.0,0.0,0.0
75.58,75.48999,75.45999,75.36,75.47249500000001,24.905923350000005,-0.1000061,-0.04997993,0.0,343.4,1888.0,295.07,21.02790798611111,197.66839062500003,3453.44,-0.04997993,0.0,-9.81,0.0,0.0,-0.1000061
78.01999,78.17,77.59999,77.12999,77.72999250000001,25.650897525000005,0.5,0.07956004,0.0397799,7.299988000000001,2388.0,97.77,18.98181857638889,198.753109375,3454.7200000000003,0.07956004,0.0397799,-9.81,0.0,0.0,0.5
100.58,100.58,100.58,100.05,100.4475,33.14767500000001,1.399994,0.05915999,0.02957988,5.899963,3109.0,106.28,21.725069444444443,205.982125,3456.0,0.05915999,0.02957988,-9.81,0.0,0.0,1.399994
54.23999,53.92999,54.37999,54.09,54.1599925,17.872797525000003,-0.3999939,-0.05915999,-0.01938009,345.7,1623.0,297.61,22.187960069444443,208.60770312500003,3457.28,-0.05915999,-0.01938009,-9.81,0.0,0.0,-0.3999939
111.8,111.94,112.15,111.49,111.845,36.90885,0.8000183000000001,-0.03978014,0.0,7.599976,3383.0,111.72,22.89562065972222,185.00204687500002,3458.56,-0.03978014,0.0,-9.81,0.0,0.0,0.8000183000000001
117.13,117.12,117.44,116.8,117.1225,38.650425000000006,0.8999939,0.01937985,0.01937985,6.299988,2925.0,105.02,26.14224392361111,265.811640625,3459.84,0.01937985,0.01937985,-9.81,0.0,0.0,0.8999939
112.48,112.5,112.6,112.08,112.415,37.09695000000001,-0.1000061,0.06936002,0.0,8.399963,3447.0,106.78,24.19284722222222,153.73496875,3461.12,0.06936002,0.0,-9.81,0.0,0.0,-0.1000061
66.84,67.61,66.34,67.17,66.99,22.1067,8.100006,-0.02958012,0.2396998,317.2,1673.0,273.17,24.22937065972222,324.028125,3462.4,-0.02958012,0.2396998,-9.81,0.0,0.0,8.100006
103.63,103.42,103.87,102.98,103.47500000000001,34.146750000000004,-0.6000061,-0.02958012,-0.009180069,10.20001,2569.0,119.68,24.71038628472222,326.3178125,3463.6800000000003,-0.02958012,-0.009180069,-9.81,0.0,0.0,-0.6000061
79.31,79.25,79.09999,78.81,79.1174975,26.108774175,-1.199982,0.04997993,-0.03978014,346.2,2009.0,267.42,26.04189236111111,334.0994375,3464.96,0.04997993,-0.03978014,-9.81,0.0,0.0,-1.199982
83.81,83.78999,83.2,82.89999,83.424995,27.53024835,1.0,0.009180069,-0.09996009,344.6,2074.0,267.55,26.27212673611111,334.72260937500005,3466.2400000000002,0.009180069,-0.09996009,-9.81,0.0,0.0,1.0
84.23999,84.2,83.15999000000001,82.76999,83.5924925,27.585522525000002,-0.2999877999999999,0.009180069,-0.02958012,343.6,2240.0,267.56,26.662682291666663,335.57698437500005,3467.52,0.009180069,-0.02958012,-9.81,0.0,0.0,-0.2999877999999999
77.31999,77.23999,77.0,76.8,77.089995,25.43969835,0.1000061,-0.3100800999999999,-0.02958012,348.1,1858.0,271.33,25.595824652777775,336.19598437499997,3468.8,-0.3100800999999999,-0.02958012,-9.81,0.0,0.0,0.1000061
73.22,73.06999,73.31,73.12,73.1799975,24.149399175,-2.5,-0.04997993,-0.1091398999999999,351.1,1798.0,274.53,24.51974392361111,236.280203125,3470.08,-0.04997993,-0.1091398999999999,-9.81,0.0,0.0,-2.5
107.72,107.74,107.92,107.38,107.69,35.5377,0.6000061,0.009180069,0.0,7.700011999999999,2673.0,103.61,26.123693576388888,164.462046875,3471.36,0.009180069,0.0,-9.81,0.0,0.0,0.6000061
110.82,110.9,111.05,110.33,110.77499999999999,36.555749999999996,0.2000122,0.009180069,0.009180069,8.399963,2751.0,102.36,25.95068576388889,161.73431250000002,3472.64,0.009180069,0.009180069,-9.81,0.0,0.0,0.2000122
76.91,77.12999,76.81999,76.92,76.944995,25.391848350000004,3.0,0.0397799,0.1693199,331.9,2345.0,278.88,25.680026041666665,179.26640625000002,3473.92,0.0397799,0.1693199,-9.81,0.0,0.0,3.0
110.37,110.18,110.46,109.65,110.16499999999999,36.35445,-0.1999817,0.0,0.0,10.39996,2745.0,99.55,24.50950954861111,321.3094375,3475.2000000000003,0.0,0.0,-9.81,0.0,0.0,-0.1999817
105.61,105.5,105.79,105.11,105.50250000000001,34.815825000000004,-0.1999817,-0.02958012,0.0,9.099976,2616.0,99.87,23.416727430555554,166.97370312500001,3476.48,-0.02958012,0.0,-9.81,0.0,0.0,-0.1999817
66.72,66.69,66.87999,66.72,66.7524975,22.028324175,0.0,-0.009180069,0.02957988,345.9,2049.0,275.93,22.541861979166665,330.5149375,3477.76,-0.009180069,0.02957988,-9.81,0.0,0.0,0.0
67.86,67.76999,67.75999,67.56,67.73749500000001,22.353373350000005,-0.3999939,-0.04997993,0.0,342.8,2019.0,273.55,23.915846354166668,330.42340625,3479.04,-0.04997993,0.0,-9.81,0.0,0.0,-0.3999939
70.78,70.87,70.87,70.73999,70.8149975,23.368949175,0.8999939,-0.009180069,0.009180069,339.8,2165.0,270.27,24.55193142361111,330.22978125000003,3480.32,-0.009180069,0.009180069,-9.81,0.0,0.0,0.8999939
78.78,78.62999,78.56,78.09,78.51499749999999,25.909949174999998,-0.5,-0.01938009,-0.03978014,343.7,1958.0,263.56,25.940282118055556,326.8580625,3481.6,-0.01938009,-0.03978014,-9.81,0.0,0.0,-0.5
62.36,62.3,62.16,61.92,62.185,20.521050000000002,-0.1999817,-0.02958012,-0.009180069,344.6,1587.0,260.44,23.333940972222223,322.12264062500003,3482.88,-0.02958012,-0.009180069,-9.81,0.0,0.0,-0.1999817
62.12,62.28,62.03,62.09,62.13,20.5029,1.0,-0.03978014,0.02957988,341.6,1575.0,254.84,22.88962239583333,321.318265625,3484.16,-0.03978014,0.02957988,-9.81,0.0,0.0,1.0
106.47,106.51,106.47,105.52,106.2425,35.060025,0.0,0.02957988,-0.01938009,9.0,2647.0,115.97,20.83438802083333,167.39020312500003,3485.44,0.02957988,-0.01938009,-9.81,0.0,0.0,0.0
105.22,105.16,105.21,104.5,105.0225,34.657424999999996,0.3999939,0.02957988,0.0,9.099976,2609.0,119.32,19.044765625,311.075171875,3486.7200000000003,0.02957988,0.0,-9.81,0.0,0.0,0.3999939
103.31,103.35,103.52,102.76,103.235,34.067550000000004,0.0,-0.01938009,-0.03978014,9.599976,2575.0,113.46,20.52820746527778,313.56985937499996,3488.0,-0.01938009,-0.03978014,-9.81,0.0,0.0,0.0
57.53999,57.48999,57.34,57.17,57.384995,18.93704835,-0.1999817,0.1091398999999999,0.04997993,341.5,2324.0,295.7,22.83517361111111,152.36626562499998,3489.28,0.1091398999999999,0.04997993,-9.81,0.0,0.0,-0.1999817
65.50999,65.75999,65.44,65.67999,65.5974925,21.647172525000002,2.300018,0.02957988,0.0397799,332.4,2541.0,295.85,23.09217881944444,151.3525,3490.56,0.02957988,0.0397799,-9.81,0.0,0.0,2.300018
105.05,104.8,105.32,104.55,104.92999999999999,34.6269,0.1000061,-0.04997993,0.0,8.5,2614.0,113.71,20.583111979166667,149.02971874999997,3491.84,-0.04997993,0.0,-9.81,0.0,0.0,0.1000061
23.82999,24.07,23.99,24.03,23.9799975,7.913399175,0.3999939,-0.2101199999999999,0.01937985,341.1,1067.0,295.39,17.1015625,169.663546875,3493.12,-0.2101199999999999,0.01937985,-9.81,0.0,0.0,0.3999939
101.85,101.85,101.86,101.27,101.7075,33.563475,0.6000061,0.02957988,0.0,7.299988000000001,2535.0,111.69,17.528016493055556,156.38235937500002,3494.4,0.02957988,0.0,-9.81,0.0,0.0,0.6000061
97.17999,97.25,97.48,96.92999,97.20999499999999,32.07929835,0.8999939,0.0,0.05915999,4.799988,2421.0,111.91,17.70743923611111,167.49446875,3495.6800000000003,0.0,0.05915999,-9.81,0.0,0.0,0.8999939
35.97,36.48999,35.86,36.11,36.1074975,11.915474175000002,5.600006,-0.02958012,0.05915999,315.4,1843.0,286.37,18.549357638888885,315.026,3496.96,-0.02958012,0.05915999,-9.81,0.0,0.0,5.600006
96.45999,96.50999,96.56999,95.87999,96.35499000000002,31.797146700000006,0.0,-0.009180069,0.02957988,8.299988,2950.0,113.46,17.725,205.37921875,3498.2400000000002,-0.009180069,0.02957988,-9.81,0.0,0.0,0.0
90.62999,90.58,90.92,90.22,90.58749750000001,29.893874175000004,-1.100006,-0.03978014,-0.009180069,10.89996,2243.0,116.31,17.915416666666665,162.44832812500002,3499.52,-0.03978014,-0.009180069,-9.81,0.0,0.0,-1.100006
91.75,91.44,91.98999,91.09,91.5674975,30.217274175000004,-1.0,-0.02958012,0.0,10.5,2251.0,117.9,19.201258680555554,158.938625,3500.8,-0.02958012,0.0,-9.81,0.0,0.0,-1.0
88.58,88.59999,88.90999000000001,88.31999,88.60249250000001,29.238822525000003,0.0,-0.01938009,0.009180069,7.200011999999999,2203.0,123.1,23.893498263888887,158.089265625,3502.08,-0.01938009,0.009180069,-9.81,0.0,0.0,0.0
43.25,43.22,43.27,43.39999,43.2849975,14.284049175000002,0.6000061,-0.009180069,0.009180069,339.9,1450.0,287.61,18.16075954861111,159.86509375,3503.36,-0.009180069,0.009180069,-9.81,0.0,0.0,0.6000061
19.82999,19.53,19.64,19.24,19.559997499999998,6.454799175,-3.5,0.2193,-0.08976007,372.6,1997.0,295.29,14.550438368055556,320.675875,3504.64,0.2193,-0.08976007,-9.81,0.0,0.0,-3.5
36.31,36.17999,36.19,36.25,36.2324975,11.956724175000002,-0.3999939,0.05915999,-0.02958012,345.1,2068.0,297.82,16.043194444444445,316.40253125000004,3505.92,0.05915999,-0.02958012,-9.81,0.0,0.0,-0.3999939
85.86,85.87,85.84,85.56,85.78250000000001,28.308225000000007,0.3999939,0.02957988,0.0,7.0,2139.0,140.46,18.876549479166666,309.403890625,3507.2000000000003,0.02957988,0.0,-9.81,0.0,0.0,0.3999939
83.37,83.28999,83.56999,83.12999,83.33999250000001,27.502197525000003,0.3999939,0.0,0.0,7.5,2072.0,140.96,19.28454861111111,308.87607812500005,3508.48,0.0,0.0,-9.81,0.0,0.0,0.3999939
85.94,85.89999,86.09,85.70999,85.909995,28.35029835,0.6000061,0.05915999,-0.009180069,8.5,2138.0,141.53,20.40447048611111,306.937203125,3509.76,0.05915999,-0.009180069,-9.81,0.0,0.0,0.6000061
68.06999,68.12,67.64999,67.69,67.882495,22.401223350000002,-0.5,0.07956004,0.0,344.6,2747.0,320.91,22.511727430555553,302.51882812499997,3511.04,0.07956004,0.0,-9.81,0.0,0.0,-0.5
94.87999,94.86,95.06,94.44,94.8099975,31.287299175,0.5,0.01937985,0.009180069,7.599976,2350.0,145.32,20.040846354166664,295.201640625,3512.32,0.01937985,0.009180069,-9.81,0.0,0.0,0.5
46.72,46.87,46.86,46.89999,46.8374975,15.456374175,0.8999939,-0.009180069,0.0397799,339.5,1431.0,335.54,19.86028645833333,302.55451562499996,3513.6,-0.009180069,0.0397799,-9.81,0.0,0.0,0.8999939
56.59,56.56,56.56,56.459990000000005,56.5424975,18.659024175000003,0.1000061,0.01937985,0.009180069,342.7,1777.0,331.65,21.559084201388888,305.446359375,3514.88,0.01937985,0.009180069,-9.81,0.0,0.0,0.1000061
107.46,107.47,107.63,106.77,107.3325,35.419725,-0.5,0.04997993,0.0,9.899963,2660.0,151.99,23.39524739583333,318.824546875,3516.16,0.04997993,0.0,-9.81,0.0,0.0,-0.5
31.98,30.73999,31.629990000000003,30.23,31.144995,10.277848350000001,-15.199979999999998,-0.06936002,-0.16014,415.8,1195.0,298.25,20.54685329861111,156.37926562500002,3517.44,-0.06936002,-0.16014,-9.81,0.0,0.0,-15.199979999999998
42.92,42.78,42.52,42.62999,42.7124975,14.095124175,0.7000122,0.0,0.009180069,341.0,1816.0,294.87,22.08641059027778,161.136015625,3518.7200000000003,0.0,0.009180069,-9.81,0.0,0.0,0.7000122
35.44,35.44,35.42,35.39,35.4225,11.689425,0.3000183,0.05915999,-0.009180069,343.2,1493.0,267.32,18.45787326388889,309.18854687500004,3520.0,0.05915999,-0.009180069,-9.81,0.0,0.0,0.3000183
41.53,42.08,41.37,41.8,41.69499999999999,13.759349999999998,5.800018,0.04997993,0.09995985,323.6,1850.0,274.09,18.436263020833334,139.09721875000002,3521.28,0.04997993,0.09995985,-9.81,0.0,0.0,5.800018
89.72,89.64999,89.67,89.11,89.5374975,29.547374175,-0.6000061,0.04997993,0.0,10.20001,2220.0,156.38,19.122035590277775,137.647640625,3522.56,0.04997993,0.0,-9.81,0.0,0.0,-0.6000061
94.42,94.39999,94.50999,93.98999,94.3299925,31.128897525000003,-1.199982,0.04997993,-0.03978014,11.79999,2340.0,157.05,19.66454861111111,139.75990625000003,3523.84,0.04997993,-0.03978014,-9.81,0.0,0.0,-1.199982
50.98,50.81999,50.7,50.599990000000005,50.774995000000004,16.75574835,-1.199982,0.08976007,-0.01938009,346.9,2104.0,278.39,19.609218749999997,143.39034375,3525.12,0.08976007,-0.01938009,-9.81,0.0,0.0,-1.199982
53.11,53.16,53.06,53.11,53.11,17.5263,0.7000122,0.07956004,0.04997993,337.9,2142.0,281.44,20.1506640625,145.59821875,3526.4,0.07956004,0.04997993,-9.81,0.0,0.0,0.7000122
91.67999,91.64999,91.81999,91.09,91.55999249999999,30.214797524999998,-0.2999877999999999,0.0,0.009180069,9.599976,2281.0,160.5,19.28713107638889,287.91346875,3527.6800000000003,0.0,0.009180069,-9.81,0.0,0.0,-0.2999877999999999
37.87,37.92999,37.83,37.31999,37.737494999999996,12.45337335,-0.6000061,0.1693199,0.07956004,340.9,2179.0,288.27,17.952191840277777,169.013609375,3528.96,0.1693199,0.07956004,-9.81,0.0,0.0,-0.6000061
45.17,45.25,45.02,44.8,45.06,14.869800000000001,0.1000061,0.16014,0.0,341.4,2568.0,291.28,18.5810546875,167.01225,3530.2400000000002,0.16014,0.0,-9.81,0.0,0.0,0.1000061
48.95,48.92,48.66,48.84,48.8425,16.118025,0.5,0.04997993,0.0,343.2,2814.0,295.61,18.86029079861111,167.0428125,3531.52,0.04997993,0.0,-9.81,0.0,0.0,0.5
33.709990000000005,33.319990000000004,33.64,33.2,33.467495,11.044273350000001,-4.399994,-0.01938009,-0.08976007,367.2,1706.0,319.75,16.8703125,173.91762500000002,3532.8,-0.01938009,-0.08976007,-9.81,0.0,0.0,-4.399994
99.81999,99.86,99.94,99.59,99.80249750000002,32.93482417500001,0.8999939,-0.01938009,0.01937985,6.799988000000001,2471.0,167.17,20.874370659722224,166.9978125,3534.08,-0.01938009,0.01937985,-9.81,0.0,0.0,0.8999939
40.75999,41.52,40.64,41.42,41.0849975,13.558049175,9.700012,0.01937985,0.14994,305.4,1842.0,330.36,19.674848090277777,144.90140625,3535.36,0.01937985,0.14994,-9.81,0.0,0.0,9.700012
48.459990000000005,48.56,48.11,48.31,48.359997500000006,15.958799175000003,2.600006,0.1897199,-0.03978014,336.5,2751.0,337.79,21.60364583333333,303.911234375,3536.64,0.1897199,-0.03978014,-9.81,0.0,0.0,2.600006
106.29,106.06,106.41,105.66,106.10499999999999,35.014649999999996,-2.100006,0.0,-0.07956004,14.89996,2642.0,163.41,21.919097222222224,301.77503125,3537.92,0.0,-0.07956004,-9.81,0.0,0.0,-2.100006
56.67,56.95,56.48999,56.67,56.6949975,18.709349175,2.399994,0.02957988,0.04997993,336.3,1794.0,366.84,22.35796006944444,303.6254375,3539.2000000000003,0.02957988,0.04997993,-9.81,0.0,0.0,2.399994
104.36,104.21,104.41,103.8,104.19500000000001,34.384350000000005,-0.6999816999999999,-0.009180069,-0.01938009,10.5,2584.0,143.84,23.272717013888887,310.327171875,3540.48,-0.009180069,-0.01938009,-9.81,0.0,0.0,-0.6999816999999999
104.69,104.66,104.91,103.87,104.5325,34.495725,-0.6000061,0.0397799,-0.009180069,10.09998,2607.0,144.19,23.649670138888887,313.55628125,3541.76,0.0397799,-0.009180069,-9.81,0.0,0.0,-0.6000061
107.5,107.55,107.69,106.82,107.39,35.438700000000004,-0.3999939,0.009180069,0.0,9.5,2663.0,144.69,23.45896267361111,316.19090625,3543.04,0.009180069,0.0,-9.81,0.0,0.0,-0.3999939
60.41,60.53999,60.39,60.349990000000005,60.422495,19.939423350000002,0.8999939,0.04997993,0.009180069,341.0,2462.0,405.61,21.37950086805556,150.40896875,3544.32,0.04997993,0.009180069,-9.81,0.0,0.0,0.8999939
71.11,71.16,71.25999,71.08,71.1524975,23.480324175,-0.1999817,-0.1193398999999999,0.0,344.2,1726.0,375.59,22.061245659722225,154.25148437500002,3545.6,-0.1193398999999999,0.0,-9.81,0.0,0.0,-0.1999817
90.39,90.37,90.67999,90.03999,90.36999499999999,29.822098349999997,0.6000061,-0.009180069,0.01937985,6.799988000000001,2237.0,141.9,22.486467013888888,153.98401562499998,3546.88,-0.009180069,0.01937985,-9.81,0.0,0.0,0.6000061
86.25999,86.17,86.53,86.06999,86.257495,28.464973350000005,0.1000061,-0.03978014,-0.009180069,8.5,2096.0,140.81,22.75279079861111,165.08387499999998,3548.16,-0.03978014,-0.009180069,-9.81,0.0,0.0,0.1000061
100.12,100.26,100.24,99.62999,100.0624975,33.020624175,0.8999939,-0.009180069,0.009180069,7.0,2482.0,131.27,22.89837673611111,150.71125,3549.44,-0.009180069,0.009180069,-9.81,0.0,0.0,0.8999939
10.74,10.38,10.66,10.31,10.5225,3.4724250000000003,-3.0,-0.02958012,0.0,388.2,1259.0,332.2,16.30878472222222,158.089,3550.7200000000003,-0.02958012,0.0,-9.81,0.0,0.0,-3.0
45.03999,45.00999,45.12,44.91,45.019995,14.85659835,-2.0,0.13974,0.009180069,349.7,2718.0,330.82,21.2698828125,293.319390625,3552.0,0.13974,0.009180069,-9.81,0.0,0.0,-2.0
104.46,104.6,104.58,104.0,104.41,34.4553,0.3000183,0.009180069,0.0,8.200012,2855.0,124.97,25.342235243055555,290.594828125,3553.28,0.009180069,0.0,-9.81,0.0,0.0,0.3000183
108.53,108.37,108.68,107.89,108.3675,35.761275000000005,0.3999939,0.0,0.0,7.799988000000001,2702.0,125.99,26.84130642361111,285.5598125,3554.56,0.0,0.0,-9.81,0.0,0.0,0.3999939
90.39999,90.31,90.17,89.97,90.21249750000001,29.770124175000007,-0.6000061,-0.009180069,0.0,345.3,2248.0,330.02,26.663415798611112,284.17701562499997,3555.84,-0.009180069,0.0,-9.81,0.0,0.0,-0.6000061
91.83,91.81,91.70999,91.34999,91.674995,30.25274835,-0.5,0.0397799,-0.04997993,346.3,2273.0,332.19,26.643515625,280.13509375,3557.12,0.0397799,-0.04997993,-9.81,0.0,0.0,-0.5
92.61,92.64,92.36,92.09,92.42500000000001,30.500250000000005,0.6000061,-0.009180069,0.01937985,341.2,2292.0,332.95,25.66954861111111,279.94459374999997,3558.4,-0.009180069,0.01937985,-9.81,0.0,0.0,0.6000061
77.84,77.75,77.78,77.42,77.6975,25.640175000000003,-0.1999817,0.0,-0.02958012,343.3,2373.0,349.11,23.359175347222223,285.2825,3559.6800000000003,0.0,-0.02958012,-9.81,0.0,0.0,-0.1999817
78.06,77.95999,77.86,77.73,77.90249750000001,25.707824175000006,-0.1999817,0.0,-0.009180069,344.4,1960.0,350.05,23.785976562499997,286.032875,3560.96,0.0,-0.009180069,-9.81,0.0,0.0,-0.1999817
77.19,77.17,77.06,76.78999,77.0524975,25.427324175000003,-0.1000061,0.0,-0.009180069,344.3,1924.0,350.99,24.258051215277778,288.892265625,3562.2400000000002,0.0,-0.009180069,-9.81,0.0,0.0,-0.1000061
76.56999,76.58,76.36,76.39999,76.477495,25.23757335,0.3999939,0.0397799,0.01937985,342.8,2065.0,349.99,24.847486979166668,291.89412500000003,3563.52,0.0397799,0.01937985,-9.81,0.0,0.0,0.3999939
104.76,104.69,104.82,103.98,104.5625,34.505625,-0.6000061,0.04997993,-0.01938009,9.799988,2593.0,173.29,24.55276909722222,291.03951562500004,3564.8,0.04997993,-0.01938009,-9.81,0.0,0.0,-0.6000061
98.8,98.78,98.89999,98.53,98.7524975,32.588324175000004,0.7000122,0.0,0.009180069,6.700011999999999,2446.0,185.41,23.758368055555554,283.62221875,3566.08,0.0,0.009180069,-9.81,0.0,0.0,0.7000122
70.76999,70.75,70.56,70.51999,70.649995,23.31449835,0.6000061,0.0,0.01937985,341.1,2095.0,356.24,23.0383984375,285.1708125,3567.36,0.0,0.01937985,-9.81,0.0,0.0,0.6000061
51.26999,51.37,51.17,51.12999,51.234995,16.90754835,0.3999939,-0.03978014,0.01937985,341.1,1519.0,350.94,20.206684027777776,287.87151562500003,3568.64,-0.03978014,0.01937985,-9.81,0.0,0.0,0.3999939
39.349990000000005,39.22,39.25999,39.12,39.237495,12.94837335,-0.8999939,-0.01938009,-0.02958012,348.4,1562.0,345.71,19.0061328125,291.70003125000005,3569.92,-0.01938009,-0.02958012,-9.81,0.0,0.0,-0.8999939
99.45999,99.42,99.73999,99.11,99.43249500000002,32.812723350000006,-0.6000061,-0.04997993,-0.01938009,10.70001,2473.0,186.06,19.262829861111108,291.794625,3571.2000000000003,-0.04997993,-0.01938009,-9.81,0.0,0.0,-0.6000061
98.67999,98.59,98.87,98.09,98.55749750000001,32.523974175000006,-0.3999939,-0.04997993,0.0,9.399963,2445.0,185.88,20.262617187500002,292.46534375,3572.48,-0.04997993,0.0,-9.81,0.0,0.0,-0.3999939
93.55,93.42999,93.8,92.95999,93.434995,30.83354835,-1.299988,-0.03978014,-0.02958012,11.70001,2252.0,186.14,20.513285590277775,293.26442187500004,3573.76,-0.03978014,-0.02958012,-9.81,0.0,0.0,-1.299988
53.81,53.81,53.62,53.459990000000005,53.6749975,17.712749175000003,0.0,-0.01938009,-0.009180069,343.8,1776.0,346.66,19.352022569444443,295.30496875000006,3575.04,-0.01938009,-0.009180069,-9.81,0.0,0.0,0.0
80.84,80.94,80.84999,80.58,80.8024975,26.664824175000003,0.0,0.04997993,0.01937985,8.5,2008.0,189.72,19.187495659722224,302.660328125,3576.32,0.04997993,0.01937985,-9.81,0.0,0.0,0.0
81.23999,80.97,81.62,80.40999000000001,81.059995,26.749798350000003,-3.299988,0.0,-0.13974,13.29999,2227.0,190.23,18.91081163194444,304.7416875,3577.6,0.0,-0.13974,-9.81,0.0,0.0,-3.299988
44.03,43.83,43.849990000000005,43.81999,43.882495,14.48122335,0.0,-0.1091398999999999,0.009180069,343.6,1328.0,333.94,17.587465277777778,308.39792187499995,3578.88,-0.1091398999999999,0.009180069,-9.81,0.0,0.0,0.0
32.75,32.78999,32.78999,32.73,32.764995,10.81244835,0.0,0.06936002,0.01937985,341.5,1623.0,330.17,17.4597265625,311.14278125,3580.16,0.06936002,0.01937985,-9.81,0.0,0.0,0.0
86.37,86.25999,86.67999,86.19,86.374995,28.503748350000002,-0.2999877999999999,-0.02958012,-0.02958012,10.5,2132.0,180.52,20.80399305555555,280.0151875,3581.44,-0.02958012,-0.02958012,-9.81,0.0,0.0,-0.2999877999999999
57.56999,57.08,57.47,56.84,57.2399975,18.889199175,-6.799988000000001,0.1091398999999999,-0.13974,364.3,2306.0,315.78,20.052278645833333,296.015015625,3582.7200000000003,0.1091398999999999,-0.13974,-9.81,0.0,0.0,-6.799988000000001
59.23999,59.14,58.959990000000005,58.73999,59.0199925,19.476597525000003,-2.0,0.09995985,-0.009180069,349.7,2383.0,320.05,19.76905815972222,301.184234375,3584.0,0.09995985,-0.009180069,-9.81,0.0,0.0,-2.0
49.56999,49.56,49.47,48.14,49.184997499999994,16.231049175,-1.299988,-0.03978014,-0.07956004,348.5,1722.0,328.01,18.33490017361111,303.13687500000003,3585.28,-0.03978014,-0.07956004,-9.81,0.0,0.0,-1.299988
48.41,48.27,48.23999,48.09,48.252497500000004,15.923324175000003,-0.3999939,-0.009180069,-0.03978014,346.9,2010.0,330.04,17.80250434027778,303.30990625000004,3586.56,-0.009180069,-0.03978014,-9.81,0.0,0.0,-0.3999939
77.06999,77.12999,77.19,76.95,77.084995,25.438048350000003,0.8999939,-0.01938009,0.0,7.099976,1922.0,155.7,16.69644965277778,303.246953125,3587.84,-0.01938009,0.0,-9.81,0.0,0.0,0.8999939
43.42,43.41,43.42999,43.37,43.4074975,14.324474175,0.6000061,0.0397799,0.0,339.9,1386.0,328.89,16.940503472222225,302.71201562500005,3589.12,0.0397799,0.0,-9.81,0.0,0.0,0.6000061
39.67999,39.77,39.34,39.59,39.594997500000005,13.066349175000003,2.800018,-0.08976007,0.0397799,332.4,1100.0,327.77,16.048910590277778,294.62560937500007,3590.4,-0.08976007,0.0397799,-9.81,0.0,0.0,2.800018
31.73,32.319990000000004,31.48999,31.75,31.822495000000004,10.501423350000001,2.0,-0.1795201,0.01937985,337.5,1255.0,327.16,14.706093749999999,293.32678125,3591.6800000000003,-0.1795201,0.01937985,-9.81,0.0,0.0,2.0
79.09999,79.08,79.37,78.84999,79.099995,26.102998350000004,-0.5,-0.02958012,-0.02958012,9.5,1997.0,146.48,14.244930555555555,288.27871875,3592.96,-0.02958012,-0.02958012,-9.81,0.0,0.0,-0.5
84.06999,84.03,84.50999,83.84,84.112495,27.75712335,-1.100006,-0.01938009,-0.009180069,10.89996,2090.0,143.71,13.744288194444444,287.83439062499997,3594.2400000000002,-0.01938009,-0.009180069,-9.81,0.0,0.0,-1.100006
5.8600010000000005,5.970001,5.779999,5.93,5.88500025,1.9420500825,1.399994,-0.06936002,-0.07956004,322.7,890.0,322.5,10.777105034722222,289.733671875,3595.52,-0.06936002,-0.07956004,-9.81,0.0,0.0,1.399994
5.739998,5.75,5.6699980000000005,5.689995,5.71249775,1.8851242575,0.3000183,-0.03978014,-0.02958012,338.4,868.0,322.37,11.503736979166668,290.60309374999997,3596.8,-0.03978014,-0.02958012,-9.81,0.0,0.0,0.3000183
6.349998,6.339996,6.369994999999999,6.329994,6.34749575,2.0946735975000004,-0.6000061,-0.01938009,-0.01938009,359.3,887.0,321.83,12.821310763888889,292.861265625,3598.08,-0.01938009,-0.01938009,-9.81,0.0,0.0,-0.6000061
6.5,6.540001,6.5,6.509995,6.512499,2.14912467,0.7000122,-0.04997993,-0.02958012,332.4,859.0,321.4,12.47948784722222,293.70809375,3599.36,-0.04997993,-0.02958012,-9.81,0.0,0.0,0.7000122
81.23,81.39,81.37999,81.12,81.27999750000001,26.822399175000005,1.100006,-0.03978014,0.02957988,6.200012,2029.0,132.85,12.20583767361111,294.849859375,3600.64,-0.03978014,0.02957988,-9.81,0.0,0.0,1.100006
83.34999,83.23,83.26999,82.56,83.102495,27.423823350000003,-1.0,0.05915999,-0.06936002,12.70001,2179.0,131.92,12.307044270833332,295.208203125,3601.92,0.05915999,-0.06936002,-9.81,0.0,0.0,-1.0
91.39999,91.51999,91.31999,90.81999,91.26499000000001,30.117446700000006,1.800018,0.05915999,0.05915999,2.799988,2809.0,131.09,13.436106770833332,292.739765625,3603.2000000000003,0.05915999,0.05915999,-9.81,0.0,0.0,1.800018
97.70999,97.61,97.73999,97.34,97.599995,32.207998350000004,0.3999939,0.009180069,0.0,7.700011999999999,2694.0,127.19,14.946657986111111,282.606578125,3604.48,0.009180069,0.0,-9.81,0.0,0.0,0.3999939
94.7,94.65999,94.94,94.56,94.7149975,31.255949175,0.5,-0.03978014,0.01937985,7.399963,2371.0,125.31,14.301935763888888,279.16384375,3605.76,-0.03978014,0.01937985,-9.81,0.0,0.0,0.5
88.26999,88.22,88.89,88.05,88.35749750000001,29.157974175000003,-0.3999939,0.009180069,-0.02958012,9.599976,2190.0,122.59,12.539995659722223,277.0045,3607.04,0.009180069,-0.02958012,-9.81,0.0,0.0,-0.3999939
86.48999,86.47,86.94,86.5,86.5999975,28.577999175000002,0.5,-0.03978014,-0.009180069,8.700012,2076.0,121.69,12.360716145833333,276.25214062500004,3608.32,-0.03978014,-0.009180069,-9.81,0.0,0.0,0.5
89.78999,89.84999,90.01999,89.39999,89.76499000000001,29.622446700000005,0.6000061,0.0,0.009180069,7.299988000000001,2225.0,119.41,12.86929253472222,275.08648437500005,3609.6,0.0,0.009180069,-9.81,0.0,0.0,0.6000061
0.0,0.0,0.0,0.0,0.0,0.0,0.0,-0.009180069,-0.009180069,325.8,797.0,319.28,12.118680555555557,276.81543750000003,3610.88,-0.009180069,-0.009180069,-9.81,0.0,0.0,0.0
89.58,89.75,89.70999,89.17999,89.55499499999999,29.553148349999997,1.200012,0.009180069,0.01937985,6.299988,2466.0,118.05,12.960473090277777,273.56351562500004,3612.16,0.009180069,0.01937985,-9.81,0.0,0.0,1.200012
0.0,0.0,0.0,0.0,0.0,0.0,-0.1999817,-0.009180069,-0.009180069,325.4,808.0,319.86,12.91834201388889,262.9104375,3613.44,-0.009180069,-0.009180069,-9.81,0.0,0.0,-0.1999817
21.13,21.24,21.21999,21.3,21.2224975,7.003424175,-0.5,-0.03978014,0.0,347.9,1275.0,320.98,16.265551215277778,264.3359375,3614.7200000000003,-0.03978014,0.0,-9.81,0.0,0.0,-0.5
2.579994,2.519997,2.610001,2.519997,2.55749725,0.8439740925,-0.7999878,0.0,-0.01938009,396.5,895.0,320.96,14.326979166666668,274.09996875,3616.0,0.0,-0.01938009,-9.81,0.0,0.0,-0.7999878
0.0,0.0,0.0,0.0,0.0,0.0,0.0,0.009180069,-0.009180069,387.7,812.0,321.31,13.647677951388888,250.671890625,3617.28,0.009180069,-0.009180069,-9.81,0.0,0.0,0.0
100.84,100.79,101.26,100.47,100.84,33.2772,0.2000122,-0.03978014,0.0,7.899963,2510.0,105.82,14.165143229166667,238.73145312499997,3618.56,-0.03978014,0.0,-9.81,0.0,0.0,0.2000122
89.97,90.06,90.14,89.55,89.93,29.676900000000003,1.200012,-0.02958012,0.01937985,5.700012,2255.0,104.16,12.525499131944443,229.57381249999997,3619.84,-0.02958012,0.01937985,-9.81,0.0,0.0,1.200012
89.62,89.89,89.75,89.58,89.71,29.6043,2.700012,-0.009180069,0.07956004,0.0,2231.0,103.4,12.748311631944444,226.88517187499997,3621.12,-0.009180069,0.07956004,-9.81,0.0,0.0,2.700012
87.37999,87.31999,87.48,86.87,87.262495,28.79662335,-1.399994,0.01937985,-0.08976007,15.20001,2164.0,102.87,12.818940972222222,223.864140625,3622.4,0.01937985,-0.08976007,-9.81,0.0,0.0,-1.399994
88.15999000000001,88.25999,88.56999,88.06,88.26249250000001,29.126622525000005,0.0,-0.03978014,-0.01938009,8.599976,2160.0,103.84,12.543116319444444,218.69210937499997,3623.6800000000003,-0.03978014,-0.01938009,-9.81,0.0,0.0,0.0
18.03,17.49,17.85,17.46,17.7075,5.843475,-5.399994,0.13974,-0.04997993,382.6,1841.0,322.3,14.976115451388889,253.526953125,3624.96,0.13974,-0.04997993,-9.81,0.0,0.0,-5.399994
29.53,29.06999,29.73999,29.20999,29.3874925,9.697872525000001,-4.399994,0.07956004,-0.07956004,366.8,2090.0,325.54,16.800516493055554,259.954390625,3626.2400000000002,0.07956004,-0.07956004,-9.81,0.0,0.0,-4.399994
36.66,36.7,36.62999,36.59,36.6449975,12.092849175000001,0.5,0.01937985,0.009180069,339.4,2109.0,325.41,16.25052517361111,260.72015625,3627.52,0.01937985,0.009180069,-9.81,0.0,0.0,0.5
29.72,29.56999,29.62,29.53,29.609997500000002,9.771299175000001,0.0,0.0397799,0.0,341.0,1411.0,327.09,15.034014756944444,262.41496874999996,3628.8,0.0397799,0.0,-9.81,0.0,0.0,0.0
90.03,89.81,90.01999,89.12999,89.74749500000001,29.616673350000006,-1.799988,0.01937985,-0.05915999,12.79999,2228.0,112.18,15.714114583333332,103.403421875,3630.08,0.01937985,-0.05915999,-9.81,0.0,0.0,-1.799988
24.25999,24.05,23.98,23.89999,24.047495,7.935673350000001,-2.399994,0.0,0.0,354.6,1394.0,331.7,16.22818142361111,111.63931250000002,3631.36,0.0,0.0,-9.81,0.0,0.0,-2.399994
30.789990000000003,30.8,30.86,30.679990000000004,30.782495,10.15822335,-0.2999877999999999,0.009180069,0.02957988,343.9,1331.0,327.89,17.003819444444446,128.407640625,3632.64,0.009180069,0.02957988,-9.81,0.0,0.0,-0.2999877999999999
10.57999,10.61,10.53,10.48,10.5499975,3.481499175,-0.1000061,0.1795198999999999,0.009180069,347.8,1507.0,325.51,16.124600694444446,125.888984375,3633.92,0.1795198999999999,0.009180069,-9.81,0.0,0.0,-0.1000061
99.31,99.23999,99.42,98.83,99.1999975,32.735999174999996,0.3000183,-0.04997993,0.0,8.0,2468.0,75.03,17.708025173611112,126.47729687500001,3635.2000000000003,-0.04997993,0.0,-9.81,0.0,0.0,0.3000183
98.56999,98.55,98.7,97.95999,98.444995,32.48684835,-0.3999939,-0.01938009,0.0,9.299988,2447.0,64.02,18.576770833333335,267.4923125,3636.48,-0.01938009,0.0,-9.81,0.0,0.0,-0.3999939
95.87999,95.81,96.14999,95.42,95.81499500000001,31.618948350000004,-0.6999816999999999,0.01937985,0.0,9.799988,2370.0,59.72,13.56087673611111,238.65831250000002,3637.76,0.01937985,0.0,-9.81,0.0,0.0,-0.6999816999999999
105.32,105.23,105.31,104.8,105.165,34.70445,0.0,0.06936002,0.0397799,7.099976,3219.0,57.7,17.389765625,231.06104687500005,3639.04,0.06936002,0.0397799,-9.81,0.0,0.0,0.0
107.14,107.04,107.34,106.84,107.09,35.3397,0.3999939,-0.05915999,0.05915999,6.099976,2667.0,58.01,18.06512152777778,217.974609375,3640.32,-0.05915999,0.05915999,-9.81,0.0,0.0,0.3999939
103.41,103.14,103.64,102.69,103.22,34.0626,-0.7999878,-0.01938009,-0.02958012,10.70001,2559.0,58.49,17.430425347222226,219.400453125,3641.6,-0.01938009,-0.02958012,-9.81,0.0,0.0,-0.7999878
32.81,32.66,32.75999,32.39999,32.657495,10.77697335,-2.100006,0.04997993,-0.1091398999999999,357.9,1386.0,308.77,19.506006944444444,228.06017187499998,3642.88,0.04997993,-0.1091398999999999,-9.81,0.0,0.0,-2.100006
101.47,101.4,101.43,100.74,101.26,33.415800000000004,0.1000061,0.0,-0.009180069,8.899963,2511.0,56.85,19.93671875,234.02034375,3644.16,0.0,-0.009180069,-9.81,0.0,0.0,0.1000061
36.11,36.099990000000005,35.97,35.92,36.0249975,11.888249175,0.3999939,0.04997993,0.0,342.4,1532.0,309.44,19.007196180555553,234.03835937500003,3645.44,0.04997993,0.0,-9.81,0.0,0.0,0.3999939
37.56999,37.41,37.48999,37.37999,37.462492499999996,12.362622524999999,-0.1000061,-0.009180069,-0.009180069,344.0,1544.0,312.43,18.904249131944443,226.2771875,3646.7200000000003,-0.009180069,-0.009180069,-9.81,0.0,0.0,-0.1000061
38.0,38.05,38.03999,37.98999,38.019995,12.546598350000002,1.200012,-0.009180069,0.0,338.4,1538.0,311.44,16.77469618055555,207.785953125,3648.0,-0.009180069,0.0,-9.81,0.0,0.0,1.200012
14.39999,14.7,14.49,14.61,14.5499975,4.801499175,2.300018,-0.01938009,-0.009180069,0.0,1249.0,58.67,8.358424479166668,171.40670312499998,3649.28,-0.01938009,-0.009180069,-9.81,0.0,0.0,2.300018
36.05,34.33,35.92,33.92,35.055,11.568150000000001,-20.0,0.02957988,-0.3794401,95.5,1474.0,59.42,11.372760416666667,251.232609375,3650.56,0.02957988,-0.3794401,-9.81,0.0,0.0,-20.0
41.64999,41.44,41.64999,41.5,41.559995,13.71479835,-0.7999878,0.0397799,-0.04997993,347.2,1679.0,319.25,12.206302083333334,247.450953125,3651.84,0.0397799,-0.04997993,-9.81,0.0,0.0,-0.7999878
43.459990000000005,43.37,43.03,42.91,43.1924975,14.253524175,-2.399994,-0.03978014,-0.02958012,18.0,1295.0,62.71,12.182356770833334,228.920109375,3653.12,-0.03978014,-0.02958012,-9.81,0.0,0.0,-2.399994
23.8,23.63,23.95,23.71,23.7725,7.844925000000001,-0.6000061,-0.1193398999999999,-0.01938009,11.20001,1308.0,60.87,9.054379340277778,219.37834375,3654.4,-0.1193398999999999,-0.01938009,-9.81,0.0,0.0,-0.6000061
60.62,60.53,60.599990000000005,60.14,60.4724975,19.955924175000003,-0.6000061,0.08976007,-0.04997993,13.09998,2459.0,60.77,13.5367578125,220.28071875,3655.6800000000003,0.08976007,-0.04997993,-9.81,0.0,0.0,-0.6000061
1.869995,1.869995,1.860001,1.849998,1.86249725,0.6146240925,0.1000061,0.009180069,0.009180069,343.4,910.0,336.95,7.857235243055555,221.73634375000003,3656.96,0.009180069,0.009180069,-9.81,0.0,0.0,0.1000061
56.14999,56.17999,56.11,55.709990000000005,56.0374925,18.492372525,-0.1000061,0.02957988,-0.01938009,8.899963,1929.0,65.48,8.025820312499999,224.51378125,3658.2400000000002,0.02957988,-0.01938009,-9.81,0.0,0.0,-0.1000061
7.559997999999999,7.540000999999999,7.489998,7.439995,7.507497999999999,2.4774743399999997,0.0,0.009180069,0.0,346.0,1280.0,337.79,8.004440104166665,221.54209375,3659.52,0.009180069,0.0,-9.81,0.0,0.0,0.0
6.079994,6.049995,6.119994999999999,6.1100010000000005,6.0899962499999996,2.0096987625,0.0,0.0,-0.009180069,341.9,1230.0,338.02,8.876805555555555,220.030765625,3660.8,0.0,-0.009180069,-9.81,0.0,0.0,0.0
62.73,62.73999,62.72,62.56,62.6874975,20.686874175,0.8000183000000001,0.0,-0.009180069,6.299988,2028.0,72.01,8.81169704861111,213.307375,3662.08,0.0,-0.009180069,-9.81,0.0,0.0,0.8000183000000001
70.67,70.56,70.81999,70.36,70.60249750000001,23.298824175000004,-1.199982,-0.03978014,-0.03978014,11.79999,1745.0,66.17,12.41052951388889,220.64768750000002,3663.36,-0.03978014,-0.03978014,-9.81,0.0,0.0,-1.199982
73.53,73.61,74.03,73.56999,73.6849975,24.316049175,-0.2999877999999999,-0.04997993,-0.03978014,10.0,1792.0,57.3,14.2196484375,224.163828125,3664.64,-0.04997993,-0.03978014,-9.81,0.0,0.0,-0.2999877999999999
69.19,69.17,69.28999,68.86,69.1274975,22.812074175000003,-0.6000061,-0.01938009,-0.02958012,9.899963,1712.0,47.27,14.274713541666667,214.759078125,3665.92,-0.01938009,-0.02958012,-9.81,0.0,0.0,-0.6000061
39.19,39.03999,39.09,38.86,39.0449975,12.884849175000001,-1.399994,0.0397799,-0.03978014,348.3,1701.0,346.63,14.577795138888888,214.0449375,3667.2000000000003,0.0397799,-0.03978014,-9.81,0.0,0.0,-1.399994
67.31,67.25999,67.55,67.00999,67.28249500000001,22.203223350000005,-0.5,-0.01938009,-0.05915999,10.70001,1708.0,42.15,15.276284722222222,214.32264062500002,3668.48,-0.01938009,-0.05915999,-9.81,0.0,0.0,-0.5
64.25999,63.98,64.34,63.75,64.0824975,21.147224175,-2.199982,-0.03978014,-0.06936002,16.0,1531.0,41.2,11.1866015625,210.41084375000003,3669.76,-0.03978014,-0.06936002,-9.81,0.0,0.0,-2.199982
63.16,63.05,63.45,62.95,63.1525,20.840325000000004,-0.5,-0.02958012,-0.02958012,13.0,1522.0,41.79,9.054461805555555,219.130953125,3671.04,-0.02958012,-0.02958012,-9.81,0.0,0.0,-0.5
37.89,37.64999,37.98,37.53999,37.764995,12.46244835,-2.199982,-0.04997993,0.009180069,16.5,1219.0,44.61,5.860377604166667,225.63509375,3672.32,-0.04997993,0.009180069,-9.81,0.0,0.0,-2.199982
0.0,0.0,0.0,0.0,0.0,0.0,0.0,0.01937985,0.0397799,424.9,782.0,354.01,7.950308159722222,231.26462500000002,3673.6,0.01937985,0.0397799,-9.81,0.0,0.0,0.0
78.64,78.56,78.53,78.14999,78.4699975,25.895099175000002,-0.5,0.06936002,-0.02958012,10.70001,2414.0,46.48,11.594717881944444,235.07879687500002,3674.88,0.06936002,-0.02958012,-9.81,0.0,0.0,-0.5
86.90999000000001,86.53999,86.92,86.03,86.599995,28.577998350000005,-3.699982,0.01937985,-0.1193398999999999,18.59998,2438.0,49.26,12.505785590277778,245.02940625000002,3676.16,0.01937985,-0.1193398999999999,-9.81,0.0,0.0,-3.699982
0.0,0.0,0.0,0.0,0.0,0.0,0.0,0.01937985,0.0397799,425.1,784.0,355.11,11.8491015625,247.00126562500003,3677.44,0.01937985,0.0397799,-9.81,0.0,0.0,0.0
86.40999000000001,86.23999,86.47,85.64999,86.19249250000001,28.443522525000006,-1.399994,-0.009180069,-0.08976007,12.0,2334.0,51.06,12.380047743055554,250.96635937500002,3678.7200000000003,-0.009180069,-0.08976007,-9.81,0.0,0.0,-1.399994
0.0,0.0,0.0,0.0,0.0,0.0,0.0,0.01937985,0.0397799,425.1,792.0,355.61,12.090386284722223,249.78784375,3680.0,0.01937985,0.0397799,-9.81,0.0,0.0,0.0
0.0,0.0,0.0,0.0,0.0,0.0,0.0,0.01937985,0.0397799,425.1,798.0,355.8,11.896553819444444,249.80085937500002,3681.28,0.01937985,0.0397799,-9.81,0.0,0.0,0.0
0.0,0.0,0.0,0.0,0.0,0.0,0.0,0.01937985,0.02957988,425.1,798.0,355.94,11.515295138888888,249.58310937500002,3682.56,0.01937985,0.02957988,-9.81,0.0,0.0,0.0
71.56,71.92999,71.94,71.94,71.84249750000001,23.708024175000002,3.899994,-0.06936002,0.05915999,0.0,1738.0,46.4,10.05958767361111,233.90895312499998,3683.84,-0.06936002,0.05915999,-9.81,0.0,0.0,3.899994
0.0,0.0,0.0,0.0,0.0,0.0,0.0,0.01937985,0.02957988,422.4,798.0,356.36,3.040776909722222,227.03039062500002,3685.12,0.01937985,0.02957988,-9.81,0.0,0.0,0.0
0.0,0.0,0.0,0.0,0.0,0.0,0.0,0.01937985,0.02957988,422.4,777.0,356.33,2.106631944444444,208.11393750000002,3686.4,0.01937985,0.02957988,-9.81,0.0,0.0,0.0
0.0,0.0,0.0,0.0,0.0,0.0,0.0,0.01937985,0.0397799,422.5,790.0,356.26,3.7735850694444446,222.34840625,3687.6800000000003,0.01937985,0.0397799,-9.81,0.0,0.0,0.0
0.0,0.0,0.0,0.0,0.0,0.0,0.0,0.01937985,0.0397799,420.5,792.0,356.04,4.0888671875,276.89273437500003,3688.96,0.01937985,0.0397799,-9.81,0.0,0.0,0.0
1.470001,1.559998,1.379997,1.509995,1.47999775,0.48839925749999996,-1.299988,0.09995985,0.02957988,0.0,903.0,40.89,4.103120659722222,154.83882812499996,3690.2400000000002,0.09995985,0.02957988,-9.81,0.0,0.0,-1.299988
28.23999,29.56999,28.05,29.11,28.742494999999998,9.48502335,14.800020000000002,0.1193398999999999,0.1693199,0.0,1975.0,40.05,4.713606770833334,53.472296875,3691.52,0.1193398999999999,0.1693199,-9.81,0.0,0.0,14.800020000000002
38.349990000000005,38.73,38.17999,38.81,38.517495000000004,12.710773350000002,8.200012,0.1091398999999999,0.07956004,0.0,1618.0,40.1,6.0676041666666665,191.33837499999998,3692.8,0.1091398999999999,0.07956004,-9.81,0.0,0.0,8.200012
50.25,50.12999,50.12999,49.69,50.049994999999996,16.51649835,-1.899994,0.09995985,-0.09996009,15.5,2082.0,40.18,7.702565104166666,196.32384374999998,3694.08,0.09995985,-0.09996009,-9.81,0.0,0.0,-1.899994
58.62999,58.53999,58.5,58.22,58.472495,19.295923350000002,-0.1000061,0.07956004,-0.009180069,8.200012,1823.0,41.29,9.6187890625,194.848484375,3695.36,0.07956004,-0.009180069,-9.81,0.0,0.0,-0.1000061
16.87,16.92,16.92,16.93,16.910000000000004,5.580300000000001,0.1000061,0.13974,-0.009180069,342.4,2509.0,345.9,12.212929687499999,183.82693749999999,3696.64,0.13974,-0.009180069,-9.81,0.0,0.0,0.1000061
39.00999,39.0,38.89999,38.73999,38.9124925,12.841122525000001,0.2000122,0.0,-0.009180069,343.5,1659.0,344.27,15.689869791666666,184.97134375000002,3697.92,0.0,-0.009180069,-9.81,0.0,0.0,0.2000122
45.16,45.11,45.2,45.00999,45.1199975,14.889599174999999,-1.0,-0.01938009,-0.01938009,347.9,1380.0,340.84,16.546788194444446,185.038375,3699.2000000000003,-0.01938009,-0.01938009,-9.81,0.0,0.0,-1.0
47.28999,47.349990000000005,47.25999,47.28999,47.297489999999996,15.6081717,0.2000122,-0.04997993,0.0,343.0,1406.0,339.04,16.439396701388887,181.45434375,3700.48,-0.04997993,0.0,-9.81,0.0,0.0,0.2000122
71.28,71.17,71.34999,70.8,71.1499975,23.479499175,-1.299988,-0.01938009,0.0,10.59998,1738.0,42.41,16.53064670138889,191.43018750000002,3701.76,-0.01938009,0.0,-9.81,0.0,0.0,-1.299988
47.77,47.83,47.91,47.81999,47.832497499999995,15.784724175,0.7000122,-0.04997993,-0.009180069,342.6,1434.0,335.83,15.839652777777777,182.5560625,3703.04,-0.04997993,-0.009180069,-9.81,0.0,0.0,0.7000122
46.78,46.86,46.83,46.84,46.8275,15.453075,0.8999939,-0.009180069,0.02957988,340.2,1437.0,325.22,9.540828993055555,45.882265625,3704.32,-0.009180069,0.02957988,-9.81,0.0,0.0,0.8999939
51.28999,51.08,51.12999,51.06999,51.142492499999996,16.877022525,0.0,-0.04997993,0.0,343.9,1541.0,313.89,14.697252604166666,197.935,3705.6,-0.04997993,0.0,-9.81,0.0,0.0,0.0
51.17999,51.08,51.01999,50.86,51.034994999999995,16.84154835,-0.6000061,0.0,-0.03978014,346.4,1614.0,312.47,15.072239583333335,198.168671875,3706.88,0.0,-0.03978014,-9.81,0.0,0.0,-0.6000061
58.51999,58.53999,58.78999,58.39,58.55999249999999,19.324797524999997,0.0,0.0,-0.01938009,8.700012,1796.0,47.19,14.941514756944445,209.264734375,3708.16,0.0,-0.01938009,-9.81,0.0,0.0,0.0
56.42,56.62,56.64,56.31,56.4975,18.644175,0.0,0.0,-0.04997993,9.099976,1738.0,46.94,14.235789930555555,205.0061875,3709.44,0.0,-0.04997993,-9.81,0.0,0.0,0.0
67.25999,67.44,67.20999,66.92999,67.2099925,22.179297525,2.0,0.09995985,0.0,2.599976,2779.0,52.01,11.519322916666667,214.048046875,3710.7200000000003,0.09995985,0.0,-9.81,0.0,0.0,2.0
68.06,67.56999,68.06999,67.28999,67.7474925,22.356672525000004,-4.899994,0.02957988,-0.1693201,22.79999,2082.0,63.29,9.661796875,210.60312499999998,3712.0,0.02957988,-0.1693201,-9.81,0.0,0.0,-4.899994
1.349998,1.4099959999999998,1.349998,1.279999,1.34749775,0.44467425750000006,0.0,0.06936002,0.0,343.5,1046.0,310.11,10.897634548611112,213.605890625,3713.28,0.06936002,0.0,-9.81,0.0,0.0,0.0
22.64,22.8,22.46,22.5,22.6,7.458000000000001,1.200012,0.1897199,0.009180069,332.9,2301.0,310.0,14.166666666666666,56.58321875,3714.56,0.1897199,0.009180069,-9.81,0.0,0.0,1.200012
42.69,42.77,42.45,42.67999,42.6474975,14.073674175,2.100006,0.01937985,0.0397799,334.2,1490.0,307.98,16.55853732638889,181.36307812500002,3715.84,0.01937985,0.0397799,-9.81,0.0,0.0,2.100006
75.67,75.53999,75.64999,75.12999,75.4974925,24.914172525000005,-0.7999878,0.009180069,0.0,10.5,1875.0,57.95,17.039691840277776,184.4101875,3717.12,0.009180069,0.0,-9.81,0.0,0.0,-0.7999878
76.8,76.62,76.83,76.34,76.64750000000001,25.293675000000004,-1.799988,-0.009180069,-0.03978014,12.20001,1897.0,48.85,14.650108506944445,36.656921875,3718.4,-0.009180069,-0.03978014,-9.81,0.0,0.0,-1.799988
70.81,70.87,70.95,70.45,70.77,23.3541,0.6000061,-0.009180069,0.0,6.399963,1795.0,49.92,10.604019097222222,23.572890625,3719.6800000000003,-0.009180069,0.0,-9.81,0.0,0.0,0.6000061
59.05,59.22,59.25999,59.06,59.1474975,19.518674175,1.600006,-0.02958012,0.02957988,4.099976,1432.0,51.56,10.476011284722222,199.58665624999998,3720.96,-0.02958012,0.02957988,-9.81,0.0,0.0,1.600006
0.0,0.0,0.0,0.0,0.0,0.0,0.1000061,-0.03978014,0.009180069,342.1,868.0,306.18,7.027981770833334,230.20906250000002,3722.2400000000002,-0.03978014,0.009180069,-9.81,0.0,0.0,0.1000061
52.64,52.62,53.03,52.37999,52.667497499999996,17.380274175,-1.0,-0.02958012,0.0,8.899963,1608.0,48.25,8.816788194444445,244.6280625,3723.52,-0.02958012,0.0,-9.81,0.0,0.0,-1.0
52.62,52.41,52.55,52.34,52.48,17.3184,-0.5,-0.009180069,0.0,11.0,1746.0,48.04,9.845217013888888,250.015078125,3724.8,-0.009180069,0.0,-9.81,0.0,0.0,-0.5
30.289990000000003,30.129990000000003,30.33,30.09,30.209995000000003,9.96929835,-1.5,0.009180069,0.01937985,13.70001,1366.0,62.15,5.7514453125,119.009375,3726.08,0.009180069,0.01937985,-9.81,0.0,0.0,-1.5
20.68,20.57,20.55,20.55,20.5875,6.793875,-0.5,0.0397799,-0.02958012,9.899963,1808.0,65.04,4.001805555555556,135.806875,3727.36,0.0397799,-0.02958012,-9.81,0.0,0.0,-0.5
20.57,20.54,20.6,20.39,20.525,6.77325,-0.2999877999999999,0.12954,-0.02958012,11.0,1904.0,65.88,4.011176215277778,152.449,3728.64,0.12954,-0.02958012,-9.81,0.0,0.0,-0.2999877999999999
37.62999,37.62,37.5,37.33,37.5199975,12.381599175000002,-0.6999816999999999,0.0397799,-0.05915999,11.29999,1543.0,67.52,6.838020833333333,73.6928125,3729.92,0.0397799,-0.05915999,-9.81,0.0,0.0,-0.6999816999999999
41.25,41.22,41.48,41.19,41.285,13.624049999999999,-1.299988,0.05915999,-0.05915999,14.0,1685.0,68.25,8.0537890625,177.482375,3731.2000000000003,0.05915999,-0.05915999,-9.81,0.0,0.0,-1.299988
39.959990000000005,40.02,40.0,39.92,39.9749975,13.191749175,1.300018,-0.01938009,0.0,4.5,1148.0,69.02,8.493151041666666,345.6678125000001,3732.48,-0.01938009,0.0,-9.81,0.0,0.0,1.300018
33.17,33.069990000000004,33.34,33.209990000000005,33.197495,10.95517335,0.0,-0.28968,0.0,9.5,1340.0,68.32,6.062187499999999,345.406984375,3733.76,-0.28968,0.0,-9.81,0.0,0.0,0.0
8.419998,9.389999,8.309998,9.259995,8.8449975,2.918849175,10.60001,-0.03978014,0.06936002,192.5,938.0,312.88,3.0270876736111108,246.12123437499997,3735.04,-0.03978014,0.06936002,-9.81,0.0,0.0,10.60001
41.25999,41.17,41.19,40.89999,41.129995,13.572898350000001,-1.5,0.12954,0.0397799,13.5,2341.0,63.08,9.578129340277776,195.81734375,3736.32,0.12954,0.0397799,-9.81,0.0,0.0,-1.5
18.91,18.61,18.93,18.61,18.765,6.192450000000001,-3.299988,-0.1091398999999999,0.0,367.7,1267.0,307.9,10.527109375,170.57584375,3737.6,-0.1091398999999999,0.0,-9.81,0.0,0.0,-3.299988
65.75,65.73,65.67999,65.53,65.6724975,21.671924175000004,0.5,0.0,0.009180069,7.899963,2626.0,62.34,11.55529079861111,161.83164062500003,3738.88,0.0,0.009180069,-9.81,0.0,0.0,0.5
8.720001,8.869995,8.709999,8.970001,8.817499,2.90977467,2.100006,-0.03978014,0.08976007,327.1,1264.0,307.12,10.649809027777778,168.463171875,3740.16,-0.03978014,0.08976007,-9.81,0.0,0.0,2.100006
13.3,11.2,12.7,10.8,12.0,3.96,-22.60001,0.1091398999999999,-0.03978014,601.0,1883.0,307.46,11.280711805555555,63.472609375000005,3741.44,0.1091398999999999,-0.03978014,-9.81,0.0,0.0,-22.60001
78.67,78.72,78.81,78.23999,78.60999749999999,25.941299174999997,-0.2999877999999999,-0.009180069,-0.04997993,9.700012,3088.0,71.42,11.23728732638889,340.40353125,3742.7200000000003,-0.009180069,-0.04997993,-9.81,0.0,0.0,-0.2999877999999999
77.75999,77.64,77.86,77.42999,77.672495,25.63192335,-1.600006,-0.03978014,-0.05915999,12.70001,1885.0,65.34,10.76064236111111,319.24403125000003,3744.0,-0.03978014,-0.05915999,-9.81,0.0,0.0,-1.600006
76.78,77.17,76.7,76.69,76.835,25.355549999999997,4.5,-0.009180069,0.1193398999999999,0.0,1924.0,63.84,11.647465277777776,301.25996875,3745.28,-0.009180069,0.1193398999999999,-9.81,0.0,0.0,4.5
83.26999,82.86,83.26999,82.50999,82.97749250000001,27.382572525000004,-3.799988,0.0397799,-0.12954,19.09998,2058.0,53.86,15.192725694444446,169.224359375,3746.56,0.0397799,-0.12954,-9.81,0.0,0.0,-3.799988
82.06,82.00999,82.11,81.42999,81.90249500000002,27.027823350000006,-0.8999939,0.02957988,-0.03978014,11.5,2299.0,55.7,12.785894097222222,31.901890624999997,3747.84,0.02957988,-0.03978014,-9.81,0.0,0.0,-0.8999939
26.14,26.18,26.36,26.219990000000003,26.2249975,8.654249175,-0.3999939,-0.02958012,0.02957988,343.6,1259.0,305.72,13.67404079861111,229.59712499999998,3749.12,-0.02958012,0.02957988,-9.81,0.0,0.0,-0.3999939
76.09,76.41,75.8,75.89999,76.0499975,25.096499175,4.300018,0.0397799,0.1091398999999999,0.0,2360.0,55.06,13.008841145833333,234.026265625,3750.4,0.0397799,0.1091398999999999,-9.81,0.0,0.0,4.300018
72.03,72.11,72.42999,71.94,72.1274975,23.802074175,-0.1000061,0.01937985,-0.009180069,7.700011999999999,1864.0,58.77,10.74773003472222,313.893921875,3751.6800000000003,0.01937985,-0.009180069,-9.81,0.0,0.0,-0.1000061
0.8699950999999999,0.8499985000000001,0.8499985000000001,0.8899994000000001,0.8649978750000001,0.2854492987500001,-0.1000061,0.0,0.009180069,372.8,892.0,304.49,10.024270833333333,316.31600000000003,3752.96,0.0,0.009180069,-9.81,0.0,0.0,-0.1000061
7.839996000000001,6.029999,6.970001,4.939995,6.44499775,2.1268492575,-22.89999,-0.1091398999999999,-0.12954,799.9,976.0,305.29,11.219874131944444,268.660515625,3754.2400000000002,-0.1091398999999999,-0.12954,-9.81,0.0,0.0,-22.89999
8.419998,6.489998,7.329994,5.3600010000000005,6.89999775,2.2769992575,-21.29999,0.01937985,-0.06936002,716.0,1178.0,306.0,11.192990451388889,304.58104687499997,3755.52,0.01937985,-0.06936002,-9.81,0.0,0.0,-21.29999
76.84,77.12999,77.0,76.92999,76.974995,25.401748350000002,2.100006,-0.04997993,0.09995985,0.8999634,1892.0,54.64,10.089639756944443,233.13603125000003,3756.8,-0.04997993,0.09995985,-9.81,0.0,0.0,2.100006
1.349998,1.439995,1.329994,1.4099959999999998,1.38249575,0.45622359749999997,0.8999939,0.08976007,-0.02958012,245.8,871.0,304.85,11.130733506944445,303.905375,3758.08,0.08976007,-0.02958012,-9.81,0.0,0.0,0.8999939
76.76999,76.51999,76.75,76.11,76.537495,25.25737335,-0.6000061,-0.03978014,-0.06936002,11.70001,1829.0,61.01,10.598177083333333,303.001328125,3759.36,-0.03978014,-0.06936002,-9.81,0.0,0.0,-0.6000061
71.86,71.89999,71.67,71.25,71.66999750000001,23.651099175000002,0.1000061,0.04997993,0.009180069,9.599976,2933.0,67.02,11.336467013888889,288.401296875,3760.64,0.04997993,0.009180069,-9.81,0.0,0.0,0.1000061
5.309998,5.1100010000000005,5.339996,5.119994999999999,5.2199975,1.722599175,-1.600006,-0.2101199999999999,-0.009180069,384.8,996.0,302.11,8.901896701388889,262.46975,3761.92,-0.2101199999999999,-0.009180069,-9.81,0.0,0.0,-1.600006
55.61,56.48,55.849990000000005,56.08,56.0049975,18.481649175,5.700012,-0.2499001,0.1193398999999999,0.0,1303.0,64.24,7.059210069444445,259.2728125,3763.2000000000003,-0.2499001,0.1193398999999999,-9.81,0.0,0.0,5.700012
59.42,59.37,59.34,58.849990000000005,59.2449975,19.550849175,-0.5,0.06936002,-0.04997993,11.39996,1857.0,59.04,8.266480034722221,260.350703125,3764.48,0.06936002,-0.04997993,-9.81,0.0,0.0,-0.5
60.459990000000005,60.5,60.23,60.03,60.3049975,19.900649175,0.7000122,0.07956004,0.009180069,6.099976,1948.0,65.04,8.719032118055555,260.0510625,3765.76,0.07956004,0.009180069,-9.81,0.0,0.0,0.7000122
31.41,31.67,31.44,31.61,31.5325,10.405725,1.399994,0.14994,0.0397799,337.3,1855.0,306.37,13.214175347222223,232.605203125,3767.04,0.14994,0.0397799,-9.81,0.0,0.0,1.399994
77.0,77.25,76.81,76.89,76.9875,25.405875,3.800018,0.06936002,0.1091398999999999,3.899963,2370.0,77.33,16.019014756944443,246.195984375,3768.32,0.06936002,0.1091398999999999,-9.81,0.0,0.0,3.800018
35.19,35.209990000000005,34.98,34.89,35.0674975,11.572274175,-0.1999817,0.1091398999999999,0.0,345.5,2011.0,324.08,13.004301215277778,253.52723437500003,3769.6,0.1091398999999999,0.0,-9.81,0.0,0.0,-0.1999817
37.03,37.48,36.97,37.459990000000005,37.2349975,12.287549175,4.600006,-0.01938009,0.04997993,325.1,1493.0,326.11,13.483602430555555,244.17340625,3770.88,-0.01938009,0.04997993,-9.81,0.0,0.0,4.600006
73.12999,73.36,73.55,73.06,73.2749975,24.180749175,0.0,-0.03978014,0.02957988,8.0,1752.0,63.19,10.962921006944445,231.71328125000002,3772.16,-0.03978014,0.02957988,-9.81,0.0,0.0,0.0
0.9700012,0.9700012,0.9399948,0.9300003,0.952499375,0.31432479375000005,0.0,-0.009180069,-0.009180069,341.3,890.0,323.82,8.62775607638889,227.39589062500002,3773.44,-0.009180069,-0.009180069,-9.81,0.0,0.0,0.0
0.0,0.0,0.0,0.0,0.0,0.0,0.1000061,-0.04997993,-0.009180069,341.6,771.0,323.92,8.88595920138889,248.27806250000003,3774.7200000000003,-0.04997993,-0.009180069,-9.81,0.0,0.0,0.1000061
5.399994,5.4199980000000005,5.459999,5.43,5.427497750000001,1.7910742575000003,0.0,-0.009180069,0.0,341.7,913.0,324.03,10.166006944444444,247.211015625,3776.0,-0.009180069,0.0,-9.81,0.0,0.0,0.0
71.41,71.09,71.37999,70.75,71.1574975,23.481974175,-4.699982,0.05915999,-0.1091398999999999,19.20001,2270.0,60.88,14.280594618055556,226.400328125,3777.28,0.05915999,-0.1091398999999999,-9.81,0.0,0.0,-4.699982
68.87999,68.78999,69.05,68.48,68.79999500000001,22.703998350000003,-0.6999816999999999,-0.009180069,-0.02958012,10.09998,1694.0,61.63,13.881449652777778,226.234828125,3778.56,-0.009180069,-0.02958012,-9.81,0.0,0.0,-0.6999816999999999
24.02,24.1,24.28,24.04,24.11,7.956300000000001,0.1000061,-0.3396599,0.0,8.599976,1243.0,62.38,6.442426215277777,225.547921875,3779.84,-0.3396599,0.0,-9.81,0.0,0.0,0.1000061
15.1,15.78,15.12,15.62,15.405,5.0836500000000004,6.0,-0.09996009,0.0397799,273.8,1189.0,331.75,1.6834027777777778,149.6836875,3781.12,-0.09996009,0.0397799,-9.81,0.0,0.0,6.0
0.0,0.0,0.0,0.0,0.0,0.0,-0.1999817,-0.05915999,-0.009180069,13.79999,870.0,62.52,2.095177951388889,104.457578125,3782.4,-0.05915999,-0.009180069,-9.81,0.0,0.0,-0.1999817
67.91,67.91,67.83,67.31,67.74,22.3542,-0.1999817,0.04997993,-0.01938009,10.09998,2078.0,49.97,19.33673611111111,337.69935937500003,3783.6800000000003,0.04997993,-0.01938009,-9.81,0.0,0.0,-0.1999817
64.22,64.16,64.25,63.95,64.145,21.16785,0.1000061,0.0397799,-0.01938009,9.0,1965.0,53.31,17.77980902777778,332.71443750000003,3784.96,0.0397799,-0.01938009,-9.81,0.0,0.0,0.1000061
61.14999,60.91,61.2,60.64999,60.977495000000005,20.122573350000003,-3.299988,0.0,-0.02958012,17.0,1576.0,56.5,15.025698784722222,334.88762499999996,3786.2400000000002,0.0,-0.02958012,-9.81,0.0,0.0,-3.299988
31.95,33.0,32.319990000000004,32.64999,32.479995,10.718398350000001,4.399994,-0.3100800999999999,0.09995985,0.0,1164.0,56.71,3.0105208333333335,326.50090624999996,3787.52,-0.3100800999999999,0.09995985,-9.81,0.0,0.0,4.399994
10.48,10.53,10.50999,10.50999,10.507495,3.46747335,0.2000122,-0.04997993,-0.009180069,7.399963,1109.0,34.72,1.7136979166666668,315.23012500000004,3788.8,-0.04997993,-0.009180069,-9.81,0.0,0.0,0.2000122
15.97,16.04,15.92,15.89999,15.9574975,5.265974175,0.8999939,0.16014,-0.009180069,0.0,1416.0,37.3,5.741931423611112,289.69340624999995,3790.08,0.16014,-0.009180069,-9.81,0.0,0.0,0.8999939
44.89999,44.91,45.25999,45.06999,45.034992499999994,14.861547524999999,-0.5,-0.02958012,-0.01938009,12.29999,1348.0,38.41,9.265230034722222,80.063296875,3791.36,-0.02958012,-0.01938009,-9.81,0.0,0.0,-0.5
44.03,44.08,43.92999,43.849990000000005,43.972494999999995,14.510923349999999,-0.7999878,0.06936002,0.0,12.0,1849.0,47.12,11.771614583333333,353.2433125,3792.64,0.06936002,0.0,-9.81,0.0,0.0,-0.7999878
44.05,44.099990000000005,44.099990000000005,43.64999,43.9749925,14.511747525,-1.0,0.04997993,-0.02958012,13.70001,1860.0,67.62,12.760529513888889,8.16190625,3793.92,0.04997993,-0.02958012,-9.81,0.0,0.0,-1.0
52.33,52.51999,52.25999,52.26999,52.344992500000004,17.273847525,1.800018,0.01937985,0.1091398999999999,0.3999634,1685.0,60.66,15.101410590277778,321.008578125,3795.2000000000003,0.01937985,0.1091398999999999,-9.81,0.0,0.0,1.800018
49.11,48.23999,49.39999,48.33,48.769994999999994,16.09409835,-6.5,-0.2101199999999999,-0.16014,36.39996,1462.0,58.74,12.324249131944445,62.433187499999995,3796.48,-0.2101199999999999,-0.16014,-9.81,0.0,0.0,-6.5
0.0,0.0,0.0,0.0,0.0,0.0,-0.1000061,-0.05915999,-0.05915999,0.0,863.0,54.8,0.02323784722222222,31.450999999999997,3797.76,-0.05915999,-0.05915999,-9.81,0.0,0.0,-0.1000061
0.0,0.0,0.0,0.0,0.0,0.0,0.0,-0.05915999,-0.05915999,0.0,873.0,57.28,0.2750520833333333,26.58234375,3799.04,-0.05915999,-0.05915999,-9.81,0.0,0.0,0.0
6.1699980000000005,6.629997,6.1699980000000005,6.589996000000001,6.38999725,2.1086990925,4.899994,-0.01938009,-0.04997993,0.0,942.0,57.58,0.7143272569444444,55.825062499999994,3800.32,-0.01938009,-0.04997993,-9.81,0.0,0.0,4.899994
0.0,0.0,0.0,0.0,0.0,0.0,0.0,-0.06936002,-0.03978014,0.0,889.0,56.26,0.8088411458333332,347.20396875,3801.6,-0.06936002,-0.03978014,-9.81,0.0,0.0,0.0
1.290001,1.349998,1.259995,1.309998,1.302498,0.42982433999999997,0.8000183000000001,-0.06936002,-0.04997993,0.0,879.0,55.77,0.5722612847222222,340.87935937500004,3802.88,-0.06936002,-0.04997993,-9.81,0.0,0.0,0.8000183000000001
5.059998,5.259995,5.040001,5.220001,5.14499875,1.6978495875000001,2.200012,-0.1193398999999999,-0.01938009,0.0,1047.0,51.91,0.9445963541666667,247.61057812500002,3804.16,-0.1193398999999999,-0.01938009,-9.81,0.0,0.0,2.200012
54.28999,54.17,54.28999,54.19,54.234995,17.89754835,0.2000122,0.01937985,-0.01938009,8.799988,2299.0,52.4,14.442335069444445,353.770265625,3805.44,0.01937985,-0.01938009,-9.81,0.0,0.0,0.2000122
43.8,43.75,43.959990000000005,43.77,43.81999750000001,14.460599175000002,0.1000061,-0.01938009,-0.009180069,8.899963,1262.0,58.14,9.627087673611111,330.417171875,3806.7200000000003,-0.01938009,-0.009180069,-9.81,0.0,0.0,0.1000061
41.5,42.39999,41.78,42.349990000000005,42.007495000000006,13.862473350000002,9.200012,0.0,0.1897199,0.0,1763.0,55.13,11.564900173611111,335.808453125,3808.0,0.0,0.1897199,-9.81,0.0,0.0,9.200012
0.0,0.0,0.0,0.0,0.0,0.0,-0.1999817,0.0,-0.01938009,0.0,895.0,54.24,2.3547135416666665,310.07079687500004,3809.28,0.0,-0.01938009,-9.81,0.0,0.0,-0.1999817
33.97,33.58,33.95,33.25999,33.689997500000004,11.117699175000002,-4.399994,0.08976007,0.01937985,15.70001,1953.0,54.31,9.849440104166666,278.418,3810.56,0.08976007,0.01937985,-9.81,0.0,0.0,-4.399994
5.889999,5.979996,5.869994999999999,5.93,5.9174975,1.952774175,1.100006,0.0,-0.02958012,0.0,925.0,43.72,4.205442708333333,215.42101562500002,3811.84,0.0,-0.02958012,-9.81,0.0,0.0,1.100006
22.61,22.75,22.42,22.62,22.6,7.458000000000001,1.200012,0.0,-0.009180069,2.099976,1339.0,42.52,6.831332465277778,205.35285937499998,3813.12,0.0,-0.009180069,-9.81,0.0,0.0,1.200012
24.73,24.61,24.79,24.52,24.662499999999998,8.138625,-1.0,-0.03978014,0.009180069,11.0,1250.0,39.03,5.750147569444445,273.58349999999996,3814.4,-0.03978014,0.009180069,-9.81,0.0,0.0,-1.0
19.66,20.25,19.7,20.18,19.947499999999998,6.582675,6.5,0.12954,0.0,0.0,1812.0,39.77,5.7095312499999995,70.894890625,3815.6800000000003,0.12954,0.0,-9.81,0.0,0.0,6.5
27.62,28.03,27.649990000000003,28.149990000000003,27.862495000000003,9.19462335,4.800018,0.0,0.06936002,0.0,1148.0,44.36,8.450859375,285.11067187500004,3816.96,0.0,0.06936002,-9.81,0.0,0.0,4.800018
0.0,0.0,0.0,0.0,0.0,0.0,0.0,0.0,-0.009180069,0.0,863.0,41.82,0.02074652777777777,137.635,3818.2400000000002,0.0,-0.009180069,-9.81,0.0,0.0,0.0
0.0,0.0,0.0,0.0,0.0,0.0,0.0,0.0,-0.009180069,0.0,860.0,41.04,0.4673090277777778,135.29924999999997,3819.52,0.0,-0.009180069,-9.81,0.0,0.0,0.0
2.489998,2.860001,2.489998,2.790001,2.6574995,0.8769748350000001,4.200012,-0.2499001,-0.04997993,0.0,881.0,40.75,4.677547743055555,125.12575,3820.8,-0.2499001,-0.04997993,-9.81,0.0,0.0,4.200012
33.05,32.89999,32.98,32.75,32.9199975,10.863599175000001,-1.100006,0.0,-0.02958012,13.89996,2597.0,40.84,8.357165798611112,116.741765625,3822.08,0.0,-0.02958012,-9.81,0.0,0.0,-1.100006
4.629997,4.849998,4.619994999999999,4.839996,4.7349965,1.5625488450000002,2.200012,0.0,0.0,0.0,1003.0,54.66,6.102612847222223,120.453828125,3823.36,0.0,0.0,-9.81,0.0,0.0,2.200012
33.72,31.81,33.569990000000004,31.399990000000003,32.624995,10.76624835,-21.39999,0.06936002,-0.3100800999999999,106.2,1448.0,56.09,11.500212673611111,180.930078125,3824.64,0.06936002,-0.3100800999999999,-9.81,0.0,0.0,-21.39999
53.64999,53.59,53.56999,53.31999,53.5324925,17.665722525,-0.6000061,-0.009180069,0.009180069,11.09998,1753.0,56.87,15.300872395833334,172.841875,3825.92,-0.009180069,0.009180069,-9.81,0.0,0.0,-0.6000061
40.53,41.48999,40.55,41.23999,40.952495,13.51432335,10.5,-0.01938009,0.1999198999999999,0.0,1764.0,46.86,12.526979166666667,180.303796875,3827.2000000000003,-0.01938009,0.1999198999999999,-9.81,0.0,0.0,10.5
65.89999,65.59,65.75,64.97,65.5524975,21.632324175,-3.3999940000000004,0.06936002,-0.01938009,17.5,2031.0,59.75,18.96589409722222,208.3524375,3828.48,0.06936002,-0.01938009,-9.81,0.0,0.0,-3.3999940000000004
68.73999,68.53999,69.03,68.78,68.772495,22.694923350000003,-1.199982,-0.02958012,0.009180069,11.20001,1675.0,57.47,20.001623263888888,218.474609375,3829.76,-0.02958012,0.009180069,-9.81,0.0,0.0,-1.199982
16.32999,16.96,16.38,16.87,16.6349975,5.4895491750000005,6.5,-0.1693201,0.0397799,0.0,1289.0,38.12,2.0571180555555557,273.18467187500005,3831.04,-0.1693201,0.0397799,-9.81,0.0,0.0,6.5
50.17999,50.05,50.42999,49.91,50.142495,16.54702335,-0.2999877999999999,-0.01938009,-0.009180069,11.0,1466.0,37.9,13.741167534722223,179.71495312499997,3832.32,-0.01938009,-0.009180069,-9.81,0.0,0.0,-0.2999877999999999
48.23999,48.31,48.42999,48.17999,48.289992500000004,15.935697525000002,0.3000183,-0.02958012,0.02957988,7.099976,1349.0,42.72,12.382291666666667,156.446125,3833.6,-0.02958012,0.02957988,-9.81,0.0,0.0,0.3000183
55.8,55.7,55.98,55.55,55.75749999999999,18.399974999999998,-0.3999939,0.0,-0.01938009,11.89996,1712.0,47.17,14.440828993055556,148.53192187500002,3834.88,0.0,-0.01938009,-9.81,0.0,0.0,-0.3999939
28.62,28.56999,28.649990000000003,28.59,28.607495,9.440473350000001,0.3000183,-0.1193398999999999,0.04997993,5.899963,1213.0,42.44,5.414001736111111,134.305265625,3836.16,-0.1193398999999999,0.04997993,-9.81,0.0,0.0,0.3000183
21.11,22.71999,20.78,22.45,21.7649975,7.182449175,18.39999,0.09995985,0.26928,0.0,2000.0,39.87,8.368502604166668,107.80796874999999,3837.44,0.09995985,0.26928,-9.81,0.0,0.0,18.39999
34.099990000000005,32.45,33.94,32.22,33.1774975,10.948574175000001,-17.5,0.01937985,-0.2101199999999999,78.70000999999999,1553.0,37.93,11.785516493055557,155.749875,3838.7200000000003,0.01937985,-0.2101199999999999,-9.81,0.0,0.0,-17.5
