time,gps_lat,gps_lng,naive_lat,naive_lng,ai_lat,ai_lng,gps_status
0.0,52.5184417671875,-1.5083977265625,52.5184417671875,-1.5083977265625,52.5184410276746,-1.5083977265625,LOCK
1.28,52.51827518827392,-1.508467097488234,52.51827455737455,-1.5084670541185101,52.51827433193952,-1.5084642923104628,LOCK
2.56,52.518110041051244,-1.5085433478344017,52.518106438980325,-1.5085328321852878,52.518140193430796,-1.5086813868746556,LOCK
3.84,52.5181833843191,-1.508728844319363,52.517938730552686,-1.5085958222926175,52.51817418318283,-1.5089400957141224,LOCK
5.12,52.51826316391237,-1.5089055727767977,52.517769705929396,-1.508653041569486,52.518225773677244,-1.509163516142473,LOCK
6.4,52.51835098717464,-1.5091142483981663,52.517591808343624,-1.5087113626059956,52.518288194636554,-1.5094171844330497,LOCK
7.68,52.51846639593533,-1.5093445820807667,52.51740862021832,-1.5087688433931616,52.51837152174913,-1.5097042476915241,LOCK
8.96,52.518587062895726,-1.5095791990114433,52.517220963116294,-1.508828284296966,52.51847110046525,-1.5099874237444233,LOCK
10.24,52.518716582790894,-1.509800380515305,52.51703654940977,-1.5088787041235614,52.518596696821405,-1.510267577910237,LOCK
11.52,52.51883934556911,-1.509947368625442,52.516854364108745,-1.5089272480885705,52.51873061764994,-1.5104830934288276,LOCK
12.8,52.518961704858874,-1.5100909498326476,52.51667329755361,-1.508972885788821,52.51886276716462,-1.510694672414251,LOCK
14.08,52.51911350641571,-1.5102434909913673,52.51649629796049,-1.5090214450599604,52.518866471535546,-1.5109016944671059,LOCK
15.36,52.51892437129961,-1.5103090138306992,52.5163108554261,-1.5090555623559538,52.518697824204786,-1.5108921382760427,LOCK
16.64,52.518738167133336,-1.5103912498410919,52.51612400346639,-1.5090811737575254,52.518530026680104,-1.5108860495442955,LOCK
17.92,52.51855694446972,-1.5105380902324683,52.51593668348168,-1.509104459578806,52.518358784785086,-1.5109410992332275,LOCK
19.2,52.51838641360498,-1.5107524098564384,52.515748912979895,-1.5091171333710889,52.51819544603815,-1.5110638270808514,LOCK
20.48,52.51823243411242,-1.510991518981317,52.51556986560866,-1.509132470875582,52.518048991011646,-1.5112207972535783,LOCK
21.76,52.518102864336875,-1.5111854883530622,52.51539252883744,-1.509139898501354,52.517929233196455,-1.5113624983076994,LOCK
23.04,52.517981192657025,-1.511360297274747,52.51522040870327,-1.5091580007891603,52.51781322146221,-1.5114934788403558,LOCK
24.32,52.51786455244584,-1.5114848774063954,52.51504489995617,-1.5091709160063504,52.51771088497486,-1.5116009989358334,LOCK
25.6,52.5177578647205,-1.5116122209331886,52.514870732259475,-1.5091807007344384,52.5176152002328,-1.5117167984784083,LOCK
26.88,52.517661919981,-1.511744447187736,52.51469586774986,-1.509188275779029,52.517519065878986,-1.5117919189988362,LOCK
28.16,52.517558526792705,-1.5117627701389074,52.51451616094721,-1.5092137066436888,52.51742554076367,-1.5118062966613903,LOCK
29.44,52.51744706775396,-1.5117788149519256,52.514328661744486,-1.509236397799697,52.517323648864924,-1.5118297831790495,LOCK
30.72,52.51731766892164,-1.5118294942291848,52.51414725306023,-1.5092550066540584,52.517208149386214,-1.5118733707568501,LOCK
32.0,52.517197481941956,-1.511877345531336,52.51397271241598,-1.5092724486799822,52.517098128395546,-1.5119116878508427,LOCK
33.28,52.517084590281016,-1.511912498609272,52.51380155025191,-1.5092875633787415,52.516994706730415,-1.511945216814351,LOCK
34.56,52.51696112299416,-1.5119568868988507,52.51362639778698,-1.5093110139919033,52.51688558742142,-1.5120192287365113,LOCK
35.84,52.51686676334727,-1.5120934448217536,52.51345574111056,-1.5092647622764772,52.516795014709096,-1.51215938096337,LOCK
37.12,52.51679722198741,-1.5122616451100521,52.51327578306778,-1.5092229519685965,52.51671858945333,-1.5123171111211517,LOCK
38.4,52.51672129170066,-1.512434749821108,52.5130931354511,-1.5091812647387701,52.51664065522962,-1.5124873235202132,LOCK
39.68,52.51665150546692,-1.5126304799502408,52.51290414645654,-1.5091402498644735,52.516564196523866,-1.5126743200365558,LOCK
40.96,52.51657763948156,-1.5128300035890887,52.51271520661798,-1.5090997529822596,52.51648903733101,-1.5128648633643866,LOCK
42.24,52.516507882980164,-1.5130220976987643,52.51252688762973,-1.5090528344954317,52.51641978113113,-1.513043203701353,LOCK
43.52,52.516445653985755,-1.5131650259004343,52.51234011263209,-1.5090556316577053,52.516344537754065,-1.5131868278208152,LOCK
44.8,52.51631259502893,-1.5133538066383445,52.51214899792562,-1.509048330996579,52.51621812446122,-1.5133655109805686,LOCK
46.08,52.5161855961579,-1.5135486740265451,52.51195950491868,-1.5090298338239871,52.51604909415994,-1.5134068485169379,LOCK
47.36,52.51611536084973,-1.5133021296774096,52.51177543846026,-1.5089921528197356,52.51592542436346,-1.5132178179810367,LOCK
48.64,52.51601011681895,-1.513120274545619,52.51158830528998,-1.5089359423920619,52.51580952870473,-1.5130729617340448,LOCK
49.92,52.51588246200101,-1.512956266392079,52.511395571320065,-1.5088773870765533,52.515683223539405,-1.512934690765822,LOCK
51.2,52.515748812367534,-1.512794400793874,52.51120436906214,-1.5088176172577645,52.515555713104526,-1.5127885445033082,LOCK
52.48,52.51563145991025,-1.5126426091536902,52.51102576107052,-1.508759147798054,52.5154437308749,-1.5126458918592285,LOCK
53.76,52.5155296384453,-1.5125153512822895,52.51085654059265,-1.5087038727962816,52.5153513915296,-1.512516636476672,LOCK
55.04,52.51544361713672,-1.5124010552203195,52.510691112375646,-1.50865224916078,52.51526356839701,-1.512398800534102,LOCK
56.32,52.515342005614364,-1.5122743880820486,52.51052235441668,-1.5086395330449123,52.51516962678239,-1.5122581919560498,LOCK
57.6,52.51526959638447,-1.512103112831053,52.51035521555643,-1.5086025212591354,52.5150814546488,-1.5121543357879828,LOCK
58.88,52.51516934841414,-1.5121055020925414,52.51018934756896,-1.5085608193467999,52.51499827489782,-1.5121312600197916,LOCK
60.16,52.515070127143176,-1.5120662942019347,52.510033862517204,-1.5084675741881675,52.51491318431182,-1.5121029229202239,LOCK
61.44,52.51497405273946,-1.5120630575580112,52.50988713832956,-1.5083836712703578,52.514834169734236,-1.5120900936292387,LOCK
62.72,52.51488826574406,-1.5120511364696256,52.50973774441651,-1.5083118481907576,52.51475299349296,-1.5120397253723064,LOCK
64.0,52.51480689654012,-1.5119243246999445,52.5095945725804,-1.5082437292694943,52.514662347012106,-1.5119309337374294,LOCK
65.28,52.51471380831629,-1.5118087303821208,52.50945310234977,-1.5081761914845981,52.51457065651748,-1.5118233100757348,LOCK
66.56,52.514616355001706,-1.5116833729322698,52.509307822215405,-1.508101699878543,52.51447092764883,-1.5117131758814408,LOCK
67.84,52.51450175359766,-1.5115722058825392,52.50916435041326,-1.5079986457768304,52.51435445412209,-1.5116353511008196,LOCK
69.12,52.514345231312774,-1.5115395411859154,52.50901683243855,-1.5078919896667113,52.51421168020339,-1.5116010660982833,LOCK
70.4,52.51417563423341,-1.5115129294118033,52.50887116368091,-1.5077835646633653,52.514064089781826,-1.511621226614977,LOCK
71.68,52.51404365226982,-1.511638436627539,52.5087264360426,-1.5076614643795845,52.513939615011566,-1.5117380669406872,LOCK
72.96,52.51392260643305,-1.5118228102835123,52.508597591110465,-1.5074773799207106,52.5138351103746,-1.5119500255798246,LOCK
74.24,52.513902409457735,-1.5121029006552098,52.50848114420311,-1.507272444005638,52.51379945028905,-1.512249558354975,LOCK
75.52,52.51393462297732,-1.512353080389437,52.50838299038802,-1.5070578475156886,52.51373974538595,-1.5124451087563873,LOCK
76.8,52.51381015585442,-1.5123956404452918,52.50829552478803,-1.506813965782443,52.51363368278438,-1.5124870127336698,LOCK
78.08,52.51367857763202,-1.5124672673311774,52.50821202230483,-1.5065569425719585,52.51351207175983,-1.5125308324725117,LOCK
79.36,52.513544074468285,-1.5124846464392203,52.50812035157529,-1.5063051296772005,52.51339143508164,-1.5125398973427977,LOCK
80.64,52.513408244812105,-1.5124881362638032,52.50802322914512,-1.5060521513807972,52.513263644255474,-1.512524334424279,LOCK
81.92,52.513256542619125,-1.5124349001969777,52.5079232847279,-1.5057933473219023,52.513123373392034,-1.5124822601110046,LOCK
83.2,52.513110909563956,-1.512400628924379,52.5078181491869,-1.5055346786343762,52.51298983184675,-1.5124373788875614,LOCK
84.48,52.51297719797185,-1.5123409185975718,52.507698112445276,-1.5052834333684517,52.512860602068315,-1.5124027373066458,LOCK
85.76,52.51281839227072,-1.5123562728470434,52.50757373440339,-1.505018410292225,52.51271539447144,-1.512405417303294,LOCK
87.04,52.512663957017175,-1.5123577032830733,52.507448546833814,-1.5047533317763455,52.51258212617508,-1.512522819005168,LOCK
88.32,52.51265550224042,-1.512582016415926,52.50728673319747,-1.5045297516458953,52.51252524307808,-1.512717453892267,LOCK
89.6,52.51257320492652,-1.512764911489987,52.5071074570461,-1.5043293288492778,52.51245397709534,-1.5128939072794703,LOCK
90.88,52.51253230282599,-1.5129773984824597,52.50691439162149,-1.504166329513739,52.51239838594363,-1.513086668115551,LOCK
92.16,52.512468351463305,-1.51317419164725,52.50671246836813,-1.504029447238087,52.51228315561315,-1.5131755246451826,LOCK
93.44,52.51234391227327,-1.5130480397192956,52.50649667838547,-1.503954985103357,52.51215000512711,-1.5130396877620722,LOCK
94.72,52.512271321795566,-1.512855096546577,52.506280755843925,-1.5038771614440412,52.51205586260123,-1.512849704825712,LOCK
96.0,52.51219758116332,-1.5126625360534123,52.5060656055846,-1.5037986590066064,52.5119726824233,-1.5126592390687208,LOCK
97.28,52.51211773914812,-1.5124694870790654,52.50585062940698,-1.5037193791906776,52.51187849872919,-1.5124829739066672,LOCK
98.56,52.51197743750379,-1.512281997824596,52.50563820135027,-1.5036428034727096,52.51174143697001,-1.5123361865006222,LOCK
99.84,52.51181193846962,-1.512173120894716,52.50543775027485,-1.5035081861712343,52.51159760511184,-1.5122424581801674,LOCK
101.12,52.511619366612095,-1.5121061073647357,52.5052362331356,-1.5033798693894014,52.511424780430595,-1.5121607290659416,LOCK
102.4,52.5114319099521,-1.5120055328756083,52.50504015900304,-1.5032572771200468,52.5112533893902,-1.5120768570571594,LOCK
103.68,52.51126237931151,-1.5119608227121681,52.50485599825505,-1.503146154697216,52.51111084152984,-1.5119947996761842,LOCK
104.96,52.511173025039454,-1.5118865113141735,52.50467419837777,-1.5030367648474985,52.511022834655456,-1.5119162384259075,LOCK
106.24,52.511067093342234,-1.5118318145496719,52.504496717557714,-1.5029022761469888,52.510913622039276,-1.511867642797377,LOCK
107.52,52.510951938313795,-1.5117982070647045,52.50432519621584,-1.502739460803675,52.51080772902986,-1.5118471318643716,LOCK
108.8,52.51081580663225,-1.51180433599844,52.50415487596795,-1.5025599820067452,52.51068702681767,-1.5119860847260627,LOCK
110.08,52.51089211195462,-1.5120754786548203,52.50397902949726,-1.5023679338854037,52.5106964621526,-1.5123063066276188,LOCK
111.36,52.510969275750824,-1.5123588614538348,52.50379623297154,-1.5021796603460849,52.51071331906925,-1.5125982874424975,LOCK
112.64,52.510950199306194,-1.5126930103205225,52.50361141603008,-1.502009447242513,52.51068830140471,-1.5128970235688382,LOCK
113.92,52.510920770608344,-1.5129707313998353,52.503430346284844,-1.5018513000285372,52.5106544288689,-1.513147014329818,LOCK
115.2,52.51084360505802,-1.5132286449099908,52.503243537374686,-1.5016861984145224,52.51058986825628,-1.513378795702156,LOCK
116.48,52.51074510256103,-1.5134925233226122,52.503053563489054,-1.501519828344322,52.510507651885995,-1.513622975653098,LOCK
117.76,52.51065031687188,-1.5137530541011355,52.50286637708879,-1.5013590844905063,52.51042605839548,-1.5138689572677126,LOCK
119.04,52.510557839639105,-1.514005670704734,52.50268438394432,-1.5011933089938028,52.51033512034879,-1.5140883470203317,LOCK
120.32,52.51042864671611,-1.5142054740826871,52.50249200235413,-1.5010522853345307,52.51022355824467,-1.5142699931752281,LOCK
121.6,52.51029026078616,-1.5143839600077753,52.502298051435396,-1.5009102586307308,52.51010557460208,-1.5144441311720858,LOCK
122.88,52.51015583032419,-1.51457256545968,52.50212257618431,-1.5007807474130934,52.509984381747614,-1.5145893604845047,LOCK
124.16,52.51002978936835,-1.5146447958397584,52.50193383244175,-1.5006907054437109,52.509871010694745,-1.5146504015642848,LOCK
125.44,52.50988770909516,-1.514669846364799,52.50173438918562,-1.5006366691790922,52.50973561298643,-1.5146715979936685,LOCK
126.72,52.50974379092841,-1.5146479533909656,52.50153191957286,-1.5006151059889272,52.50960619072378,-1.5146748810892574,LOCK
128.0,52.509603530010494,-1.5146664878192933,52.501339204932734,-1.500508286230764,52.50947155800621,-1.5145859553734697,LOCK
129.28,52.5095774662044,-1.5144547597350402,52.50114996285649,-1.500406632999109,52.5093948869867,-1.5143908171330664,LOCK
130.56,52.509493878102575,-1.5142724014636426,52.50096093021057,-1.5003003194503326,52.50928180918033,-1.5143150196113053,LOCK
131.84,52.509345644109985,-1.5143663980534607,52.50077090681151,-1.5001971970858032,52.50914865680357,-1.5142686589290895,LOCK
133.12,52.50930797682814,-1.5141235790306364,52.50060423170797,-1.5000444437420646,52.50905618463526,-1.5140884939775072,LOCK
134.4,52.50916476571333,-1.5140094790486665,52.50045109284381,-1.4998378284814153,52.50892009940256,-1.5140175330158954,LOCK
135.68,52.508957228233506,-1.5139678822550802,52.50029888818455,-1.4996330146056887,52.508737590890505,-1.5139882638918047,LOCK
136.96,52.508751319597174,-1.5139278960023708,52.50014864237808,-1.4994284216497078,52.50856082545206,-1.5139558606317247,LOCK
138.24,52.508547573187236,-1.5138871875661393,52.50000126706647,-1.4992213981483915,52.50838217932086,-1.5139650157221043,LOCK
139.52,52.508385093493075,-1.513976923296556,52.499879890134785,-1.49897428822722,52.50823245697026,-1.5140366950062245,LOCK
140.8,52.50820855959061,-1.5140709082262758,52.49976147772953,-1.498731276526579,52.508076679565534,-1.5141580898398905,LOCK
142.08,52.50807539257624,-1.5142631588712567,52.49966726815225,-1.4984622436185735,52.50795306484633,-1.5143476637994462,LOCK
143.36,52.50796545402386,-1.5145043948977293,52.49959250432394,-1.4981748809816597,52.50785287361408,-1.514601815533987,LOCK
144.64,52.5079175935666,-1.514810193266724,52.49951098272734,-1.4978875046700053,52.507781797094886,-1.5148955955595258,LOCK
145.92,52.507854613542676,-1.5151052901302167,52.49942300762518,-1.4975995305371403,52.50765519455456,-1.5150891810543603,LOCK
147.2,52.50768527885136,-1.5150748130901803,52.499298950836774,-1.4973307522858819,52.50748945064024,-1.5150688760928634,LOCK
148.48,52.507502736932864,-1.5149720629402312,52.499174793872555,-1.4970674344686459,52.507312353309274,-1.5149918827770201,LOCK
149.76,52.50732920477964,-1.5148607532933902,52.499054937002356,-1.4968213923341798,52.50714623042257,-1.5148606938402362,LOCK
151.04,52.50720392061665,-1.514662335555151,52.49893893955806,-1.496589725376057,52.50700418172043,-1.5146845736677172,LOCK
152.32,52.50705506940306,-1.5144850688555853,52.498822957466,-1.4963641097507956,52.50685518041105,-1.514517944495864,LOCK
153.6,52.50690413319929,-1.5143081020081923,52.49871073056578,-1.4961468325241942,52.506703961546116,-1.514448942803624,LOCK
154.88,52.5067802690941,-1.5144095543027603,52.49860332225128,-1.4959131982351348,52.506593016534445,-1.5145139027706722,LOCK
156.16,52.5066454981866,-1.5145003454081598,52.498484400574135,-1.4956818663134954,52.506468897072196,-1.5145776267798858,LOCK
157.44,52.50649180808312,-1.514578898577244,52.498357228377884,-1.4954565382045661,52.506331600717985,-1.5146326304720301,LOCK
158.72,52.506353698358325,-1.5146209163090734,52.49821933500344,-1.495264452610212,52.50619888181825,-1.5146311937259624,LOCK
160.0,52.506204599113474,-1.5145386586435858,52.498074680981965,-1.4950752917100205,52.50605602632359,-1.5145546429827317,LOCK
161.28,52.506070004915756,-1.5144398750041521,52.49793107855409,-1.494908122086123,52.50592536348834,-1.5144635085252416,LOCK
162.56,52.505938726697465,-1.5143414517353782,52.49779709716116,-1.4947157352418727,52.50579800421873,-1.5143814481646833,LOCK
163.84,52.5058002971802,-1.5142740255579032,52.49767568695123,-1.4945054118504417,52.505671320447576,-1.514312790577601,LOCK
165.12,52.50567467359625,-1.514206898240818,52.49753396240497,-1.4943167150087908,52.50554871267336,-1.5142175079980622,LOCK
166.4,52.50555261777258,-1.5140477338345304,52.497391585667195,-1.494130401830027,52.50541636600519,-1.514069852460041,LOCK
167.68,52.50542287844013,-1.5138847447038803,52.49724988617553,-1.493928535002039,52.50528264363111,-1.513911341028124,LOCK
168.96,52.50529303134281,-1.513704818522676,52.49709843503292,-1.493735756058202,52.50515577158909,-1.5137226303535187,LOCK
170.24,52.505213818150786,-1.5135350168670814,52.496939196716006,-1.4935624025656933,52.50507730723743,-1.5134956566233482,LOCK
171.52,52.505208103174155,-1.5133446896783578,52.49677706266307,-1.4934028574171396,52.505016795436525,-1.513311947607319,LOCK
172.8,52.505078057820356,-1.5131981973583783,52.496607393008816,-1.4932389891600704,52.50489205235739,-1.5131845455216373,LOCK
174.08,52.50493300221757,-1.5130318073250704,52.49644029545609,-1.4930745350540235,52.504751477235104,-1.5130361656528755,LOCK
175.36,52.50479569709371,-1.5128678510827422,52.49627695323907,-1.4929208233717466,52.50462871078443,-1.5128670408795346,LOCK
176.64,52.504719819250695,-1.5127301255261845,52.49611808684406,-1.49274986393465,52.50453999546558,-1.5127452473559617,LOCK
177.92,52.504580644839855,-1.5126401795626738,52.49595835566757,-1.49257806616848,52.50441161532259,-1.5126559223580112,LOCK
179.2,52.50442432793858,-1.512517725885032,52.49579153600949,-1.492401392967236,52.50425982528224,-1.5125423950864876,LOCK
180.48,52.504265192966706,-1.5123830379770848,52.49562337957191,-1.4922268465452508,52.50410674777587,-1.5123857153688167,LOCK
181.76,52.50415053325623,-1.5121769869709412,52.49544765512488,-1.4920450087215835,52.50397515642906,-1.5121841040686368,LOCK
183.04,52.50402925509587,-1.5119660791915681,52.495268873413124,-1.4918602371059013,52.5038455278204,-1.5119813891631704,LOCK
184.32,52.50391881419816,-1.5117792516767903,52.49509955203068,-1.4916811097759832,52.50372124518185,-1.511883888130224,LOCK
185.6,52.503793792611646,-1.5118391124721362,52.494927562911656,-1.4914976645276583,52.50361200992088,-1.5119216794794774,LOCK
186.88,52.50365822247,-1.5119071499305508,52.494758934442835,-1.491315666483447,52.503494555690786,-1.511972042458367,LOCK
188.16,52.503539027599224,-1.5119671756480326,52.49459907526704,-1.4911417129155142,52.50339487399903,-1.5120313875899092,LOCK
189.44,52.50344343048632,-1.5120481285767051,52.494456934764976,-1.4909272660211277,52.503312121609724,-1.5121197666132535,LOCK
190.72,52.50335330106772,-1.5121852291508449,52.49432792013749,-1.490682612696842,52.50323022760947,-1.512246760147808,LOCK
192.0,52.503270647073265,-1.5123328097791624,52.49420102911852,-1.4904404711626487,52.50315165106893,-1.5123840406475015,LOCK
193.28,52.50318366495828,-1.5124887186777733,52.49407243251871,-1.4902024651896242,52.50307697341754,-1.5125243450264587,LOCK
194.56,52.503127187211064,-1.512597470123837,52.49394347442897,-1.4899661440653997,52.50302597102051,-1.5126361870252725,LOCK
195.84,52.50306083220979,-1.512726064813299,52.493817004888626,-1.4896990562474697,52.502928868010564,-1.5127163525284564,LOCK
197.12,52.502888705986244,-1.512666307437734,52.49368635403102,-1.4894174622204868,52.50275995207707,-1.5126826448780677,LOCK
198.4,52.50270283388871,-1.5125973518334954,52.4935503894188,-1.4891272003501257,52.50258434433876,-1.5126290049423883,LOCK
199.68,52.502498297027294,-1.5125172138669962,52.493409632914805,-1.488847876535308,52.50238933282136,-1.5125350359712226,LOCK
200.96,52.502331473706484,-1.5123596976889273,52.49327166540895,-1.4885720165600786,52.50222761216308,-1.512584253328306,LOCK
202.24,52.50232436665113,-1.5125101153863194,52.49313321351045,-1.488295779241639,52.502205859310905,-1.5127371079271261,LOCK
203.52,52.502318553949586,-1.5126528533479164,52.49299321191737,-1.4880163316579393,52.502178270906036,-1.5128849949161824,LOCK
204.8,52.502286319012356,-1.5128282515008342,52.49285496563734,-1.4877268896087588,52.50214611195528,-1.5130305143011082,LOCK
206.08,52.50225791396448,-1.5130022928169953,52.49271512950067,-1.4874328115389548,52.502055429279245,-1.513112090008255,LOCK
207.36,52.50212097831322,-1.5128667114679444,52.49257351515536,-1.4871382937192372,52.50191106076167,-1.5129929370642283,LOCK
208.64,52.50198624036256,-1.5127300902558252,52.49243136843035,-1.4868450972725142,52.50178675059433,-1.512855758080214,LOCK
209.92,52.50188022589321,-1.512618945854429,52.492290848062176,-1.4865612829933097,52.50168029555652,-1.5128711267048074,LOCK
211.2,52.50186623889456,-1.5128007325654362,52.49215661164401,-1.4862799176369106,52.501624340804646,-1.5129482317313643,LOCK
212.48,52.50176196935323,-1.5127714373496337,52.49204080190564,-1.485965271989296,52.50153336251253,-1.5129316607268362,LOCK
213.76,52.50162082738847,-1.5128507145095489,52.491926051400405,-1.485634766783783,52.50141548998615,-1.513034624703368,LOCK
215.04,52.501532342226724,-1.5131112316703776,52.49181498979415,-1.485306390476595,52.501326040398,-1.513257693657553,LOCK
216.32,52.501463547152206,-1.5133738044915308,52.49170615720996,-1.4849795444155478,52.501255758296715,-1.513492771072587,LOCK
217.6,52.501390743847175,-1.5136358240167225,52.49159880624067,-1.4846552421566566,52.501084807321185,-1.5135532678771397,LOCK
218.88,52.50138312897655,-1.5133631984814473,52.491486981921206,-1.4843220976069673,52.501002354022226,-1.5132780083430262,LOCK
220.16,52.50135714825742,-1.513123323340928,52.491355730716,-1.4840241040309148,52.500934408475246,-1.5131201861601453,LOCK
221.44,52.50122183391586,-1.5130954263422032,52.49120185499026,-1.483758120937893,52.500828067843884,-1.5132766299046772,LOCK
222.72,52.50129854839841,-1.5132719955775062,52.491044584207906,-1.4835025817630434,52.50086879418193,-1.5135212874886783,LOCK
224.0,52.50132082509619,-1.513531377452586,52.4908842495685,-1.4832359005652997,52.5008939080201,-1.5137820495444374,LOCK
225.28,52.50134167414437,-1.513800440976102,52.49072017087695,-1.4829677711132425,52.50092600674444,-1.5140492385851696,LOCK
226.56,52.50135226074442,-1.5140735293340064,52.490551803938864,-1.482707462750648,52.50092742631905,-1.5142798273211657,LOCK
227.84,52.501277571149885,-1.514242084043999,52.49038753497636,-1.4824151954865075,52.50083952214919,-1.5143420837494665,LOCK
229.12,52.501158187408286,-1.5141027387302546,52.490218307271356,-1.482158060001226,52.500735220048036,-1.5142230810209425,LOCK
230.4,52.50104021465225,-1.5139921312473463,52.49006202378093,-1.4818669617428397,52.50064134015023,-1.5141694247867732,LOCK
231.68,52.50088906260769,-1.5140779621179454,52.48991242637316,-1.4815630372101176,52.50052935599115,-1.514232252844731,LOCK
232.96,52.50073753225196,-1.5141952479824754,52.48975089189307,-1.4812676715429132,52.500418986745586,-1.5143323553072394,LOCK
234.24,52.50061385414348,-1.5143458839022188,52.48961890416695,-1.4809294474012475,52.5003168070561,-1.5144295036218944,LOCK
235.52,52.50047708474461,-1.5144122946834997,52.48948039344629,-1.4806061819376666,52.500209022675016,-1.5145046281204855,LOCK
236.8,52.500330202757524,-1.5145521462331524,52.48933732043427,-1.4802758352548657,52.50008668387547,-1.5146241194376324,LOCK
238.08,52.50018055638106,-1.5146878740936625,52.48919485174903,-1.479945128490675,52.49995938058168,-1.5147440016990434,LOCK
239.36,52.5000381280943,-1.5148059808111856,52.48905177774353,-1.4796354727817589,52.49984055790624,-1.5148477377643206,LOCK
240.64,52.49990872156637,-1.5148988567887005,52.48891312386462,-1.479352477274456,52.49973211600501,-1.5149574541090929,LOCK
241.92,52.499785924197084,-1.515061718545286,52.488798378882954,-1.4790534599637646,52.49962417537838,-1.5151223531963844,LOCK
243.2,52.499678774605385,-1.5152633744953719,52.488711768021574,-1.4787320171925606,52.4995355131756,-1.5153468612854668,LOCK
244.48,52.499638980807575,-1.5155228876698699,52.48864402502644,-1.4784097470950868,52.49940845947516,-1.5154945568796718,LOCK
245.76,52.49946478721569,-1.5153345491056274,52.48857627096287,-1.4780785293868994,52.49921858466319,-1.5153624009877826,LOCK
247.04,52.49927796772438,-1.5151602340160835,52.48851250446368,-1.4777526224464854,52.499042198828825,-1.5152161113787748,LOCK
248.32,52.49910422301495,-1.5150058648062117,52.48845222429263,-1.477443571750443,52.498876697225434,-1.5151220720775358,LOCK
249.6,52.498933346430945,-1.515025026846037,52.488396429429216,-1.4771505975831756,52.498734154039525,-1.515096886032652,LOCK
250.88,52.49879563243288,-1.5149892016582296,52.488341258270815,-1.4768609699260282,52.49860643231089,-1.5150465813306895,LOCK
252.16,52.49866136775075,-1.5149401372990676,52.48827963282942,-1.4765848549445582,52.49848196081019,-1.5149795110601139,LOCK
253.44,52.49855273357606,-1.5148622366626117,52.48821421741857,-1.4763317379046768,52.498384344212774,-1.5148951889805855,LOCK
254.72,52.4984574853326,-1.5147837948393972,52.48816130964488,-1.4760853287228923,52.498294460243,-1.5148244834390467,LOCK
256.0,52.49836139312866,-1.514739554686197,52.48812397093031,-1.475838167094073,52.49820940463983,-1.5147841548407408,LOCK
257.28,52.49826445817635,-1.5147202582399222,52.4881052976167,-1.4755864281261157,52.49812477821782,-1.514777956855197,LOCK
258.56,52.49816485400251,-1.5147525938278172,52.48808806768237,-1.4753324611565644,52.49803269618136,-1.5146901067266823,LOCK
259.84,52.49817566276957,-1.514624972347656,52.48807429308449,-1.475083962691479,52.49800828306184,-1.5145154155869034,LOCK
261.12,52.49818632976254,-1.5144736864637844,52.488061627557585,-1.4748142228415093,52.49798735118003,-1.5143428089191366,LOCK
262.4,52.4981767594742,-1.5142794930573438,52.4880642276067,-1.4745293127514323,52.49795600406202,-1.5141548511088636,LOCK
263.68,52.498158688489646,-1.5141053819787615,52.48806901029514,-1.47423765918316,52.4979214796338,-1.5139841606606927,LOCK
264.96,52.49810939463623,-1.5138967153723577,52.48809968186631,-1.47394343485602,52.49785231274221,-1.513824627943234,LOCK
266.24,52.4980025513163,-1.5137475626953356,52.48812808082386,-1.4736685886321335,52.497774713166436,-1.5136651577988227,LOCK
267.52,52.49796890667002,-1.513592905403056,52.48814742610661,-1.4733909829470393,52.49773149244467,-1.513507308042582,LOCK
268.8,52.49790899221721,-1.5134396923995963,52.488186604659596,-1.4731375784971277,52.497675106389465,-1.5133860267676225,LOCK
270.08,52.49784202049639,-1.5133580783229301,52.48824402445378,-1.47289716575114,52.49763558840086,-1.5132384861366261,LOCK
271.36,52.497864392926964,-1.5132345873146822,52.488321822931724,-1.4726549484708218,52.497635281159035,-1.5130671246087875,LOCK
272.64,52.49787398179172,-1.5130714617504215,52.48841684471928,-1.472420223221061,52.497624093258,-1.5128929614314102,LOCK
273.92,52.49786951827708,-1.512897153629036,52.48851887114429,-1.472195438727168,52.497609129645376,-1.512713207545475,LOCK
275.2,52.49786793760763,-1.5127224945256517,52.488610935584035,-1.4719661126133228,52.4976040850885,-1.512521757423947,LOCK
276.48,52.4978861006455,-1.5125718808420856,52.48869371061264,-1.4717309512823271,52.49761467739671,-1.5123406559748505,LOCK
277.76,52.49790635024444,-1.5124143152052212,52.48879009588152,-1.4714926030844322,52.49762301125095,-1.5121663546273394,LOCK
279.04,52.49791349746989,-1.5122411631733252,52.48889207766208,-1.4712646268093568,52.49762367761158,-1.511986604690957,LOCK
280.32,52.497920565375864,-1.512087382681969,52.48898968085072,-1.4710426608541016,52.49762940922758,-1.511827608599242,LOCK
281.6,52.4979199387276,-1.5119523504388186,52.48908986989303,-1.470827147344272,52.49763326192822,-1.5116909568426555,LOCK
282.88,52.49791599419571,-1.5118148792270283,52.489196241505475,-1.4706071879759912,52.49762851661989,-1.511557326613813,LOCK
284.16,52.49790393491355,-1.5116726332925663,52.489306682832336,-1.4703927455352503,52.49761556289648,-1.511426355946149,LOCK
285.44,52.49788427667465,-1.5115181009892678,52.4894271086618,-1.4701677876372827,52.49758947879146,-1.5112855821846942,LOCK
286.72,52.49785513390481,-1.5113279289246186,52.48955503447645,-1.4699400387598953,52.49755104371985,-1.5111335115496907,LOCK
288.0,52.497808165616625,-1.5111765412180567,52.48968186487171,-1.4697154693359071,52.497482797456925,-1.511097921153075,LOCK
289.28,52.4977118676583,-1.5112961094195987,52.48982183610315,-1.469479369154167,52.49741348176982,-1.5112284861213505,LOCK
290.56,52.497622769129805,-1.511439004737334,52.48995828598401,-1.4692497216890918,52.497347963450025,-1.5113793213048627,LOCK
291.84,52.49753740644254,-1.5115781270147874,52.490095634785206,-1.4690176709470546,52.497294565032725,-1.5115436704953265,LOCK
293.12,52.49748751912427,-1.511730633157001,52.49024409748553,-1.4687878443160296,52.49725466327346,-1.5116919889856222,LOCK
294.4,52.497414708337466,-1.5118398056413156,52.49035887693522,-1.4685317375764315,52.49719928831451,-1.511774839236381,LOCK
295.68,52.49736509665306,-1.5118572212007741,52.4904464831514,-1.468270548852098,52.4971678058638,-1.5118043719609717,LOCK
296.96,52.49730470737952,-1.5118794375513411,52.490537104457694,-1.468009648834586,52.497122351425055,-1.5118255154263216,LOCK
298.24,52.497267886639676,-1.5118756193956577,52.490647620353556,-1.4677686147709872,52.49709101355145,-1.5118257692474282,LOCK
299.52,52.497181141717796,-1.5118453673716439,52.49075635252767,-1.4675206730157808,52.49701756562839,-1.5118148355938237,LOCK
300.8,52.497088803432405,-1.5118110026893397,52.490866746625635,-1.4672661786932486,52.496942885772604,-1.5117979077301613,LOCK
302.08,52.49698926625607,-1.5117770824072452,52.490984936300435,-1.467015471025984,52.49685915748299,-1.5118154693496437,LOCK
303.36,52.49690856217799,-1.5118508619396644,52.491106065456066,-1.466765950862714,52.496788671419445,-1.5118837038364743,LOCK
304.64,52.496822083119156,-1.511929592250476,52.491229007557386,-1.4665160236386041,52.49671480709231,-1.511958789919563,LOCK
305.92,52.49674496762332,-1.5120092711224065,52.49134582119481,-1.4662766286005562,52.49664881857092,-1.5120290832066596,LOCK
307.2,52.49668052116864,-1.512068966583516,52.49145592699999,-1.466051961784265,52.49659471838519,-1.5120864812227321,LOCK
308.48,52.496625756307495,-1.5121231399071866,52.491567861959574,-1.4658240510843517,52.496542944640574,-1.512142190071059,LOCK
309.76,52.49655874367574,-1.5121872776115375,52.491671431247525,-1.4655777402143852,52.49647943230788,-1.5121930882237755,LOCK
311.04,52.496479743250184,-1.512224118232338,52.49175192388006,-1.4653046681029283,52.49640322218453,-1.5122268902999938,LOCK
312.32,52.49637989699939,-1.512245895890364,52.491834058492955,-1.4650255531333558,52.49631124091536,-1.512253320663209,LOCK
313.6,52.496276905289335,-1.5122659933351776,52.491916987400764,-1.4647448396627358,52.49621924621249,-1.5122771875569194,LOCK
314.88,52.496181146744355,-1.512287327202881,52.491999224123894,-1.4644653765711246,52.496130368056846,-1.5123001552488953,LOCK
316.16,52.49609194357098,-1.5123093321358867,52.49208146899201,-1.4641914708950003,52.49604535053194,-1.5123212227986707,LOCK
317.44,52.49600037737217,-1.5123284712556153,52.49216312419404,-1.4639194805944504,52.495950970972494,-1.5123461055335468,LOCK
318.72,52.49587267438553,-1.5123648334370523,52.49224435968672,-1.4636498849890465,52.49582812423361,-1.5123820873897207,LOCK
320.0,52.495743857035414,-1.5123958083703894,52.492324703354974,-1.4633831314324788,52.49571090263939,-1.512413509543319,LOCK
321.28,52.4956174839287,-1.5124310245318031,52.492404017162265,-1.4631186360474504,52.49558848683225,-1.5124486169418816,LOCK
322.56,52.49549459347144,-1.512465377811721,52.49248362195051,-1.462852842134899,52.49546875137954,-1.5124787350304534,LOCK
323.84,52.49537507829796,-1.5124890680967864,52.492561623588465,-1.4625904375480403,52.49535146665198,-1.5125047261232805,LOCK
325.12,52.49525799586379,-1.5125194707876075,52.49264016243487,-1.4623310879439089,52.49523539382245,-1.512532301040746,LOCK
326.4,52.495137096372204,-1.5125453941977964,52.49271834551588,-1.4620774363793034,52.49512443738526,-1.5125569455287053,LOCK
327.68,52.49505699219361,-1.512567993910503,52.49279089619946,-1.461843760543316,52.495045848756774,-1.512556165722807,LOCK
328.96,52.49499450142074,-1.5125523459544554,52.492862015631076,-1.4616154233566248,52.494978521471054,-1.5125393803898601,LOCK
330.24,52.4949569788719,-1.5125430628965604,52.49293017657578,-1.4613987897958038,52.49493897233181,-1.5125389071418371,LOCK
331.52,52.49492286213339,-1.512552767709478,52.49300149761474,-1.4611714120749,52.49489990451696,-1.5125361150558125,LOCK
332.8,52.49489030567826,-1.5125367681026696,52.49306730271166,-1.4609349784628374,52.494865845848565,-1.5125195149798416,LOCK
334.08,52.49485299586058,-1.5125121741702603,52.4931304703755,-1.460690068063724,52.494824838659135,-1.5125065726492872,LOCK
335.36,52.494796962884855,-1.5125041214770962,52.493186207689156,-1.4604349880303271,52.49476659867602,-1.5125027028759264,LOCK
336.64,52.49471677837114,-1.5124863847889518,52.493240517434934,-1.4601755548292348,52.49468861186868,-1.5125024932512372,LOCK
337.92,52.4946239093374,-1.5124977811386782,52.49331343689222,-1.4599283848246287,52.49460484945703,-1.5125195970968466,LOCK
339.2,52.49453135449646,-1.5125241625450234,52.493385084598785,-1.459676466366094,52.49451717084838,-1.5125468846411996,LOCK
340.48,52.494443854894904,-1.5125573381443902,52.49345537302211,-1.4594197865105194,52.494416361738594,-1.5125528572661793,LOCK
341.76,52.49430967299761,-1.512472849691346,52.49352469676848,-1.4591652288413939,52.49427451076137,-1.5124865035412571,LOCK
343.04,52.49418213175115,-1.512371826298223,52.493595848894586,-1.4589072976805568,52.49414784263955,-1.5124185580497627,LOCK
344.32,52.49404711796931,-1.5123260481362164,52.49367126444548,-1.4586557938297158,52.494014646507,-1.5123778538065265,LOCK
345.6,52.493918173013554,-1.5122957894661953,52.49374879882449,-1.4584097429323326,52.493886640298285,-1.5123453452286493,LOCK
346.88,52.49378835761496,-1.5122697362966344,52.49382755000605,-1.4581662374085513,52.493757113241486,-1.512316166503459,LOCK
348.16,52.493662280848895,-1.5122471514425135,52.4939069281398,-1.4579259395451032,52.49363106333343,-1.512297728304202,LOCK
349.44,52.49352814799384,-1.5122489989156673,52.49398938211957,-1.4576840802511992,52.493512556577706,-1.512363868169438,LOCK
350.72,52.49347785242608,-1.5123810466462289,52.49408579735091,-1.4574555378981393,52.49343726026906,-1.5124655602901593,LOCK
352.0,52.493364210994976,-1.5124965650267397,52.49417579578521,-1.4572260291812087,52.493322742922174,-1.5125548750114521,LOCK
353.28,52.493248348604,-1.512590816813858,52.49426128611222,-1.4569923972038938,52.49320888471891,-1.5126359931681708,LOCK
354.56,52.49312604950121,-1.512689738579272,52.49434176101987,-1.4567522674426907,52.49308360287812,-1.512713881234584,LOCK
355.84,52.492984345271225,-1.5127595435501542,52.49442044496301,-1.4565172482894242,52.492949578853334,-1.5127821787099875,LOCK
357.12,52.49285579906534,-1.512833569712274,52.49449568204325,-1.456289975310043,52.49282607339618,-1.512851108615964,LOCK
358.4,52.49273717701767,-1.5129033340637479,52.494573239029336,-1.4560642728848592,52.492708455308446,-1.5129261712612627,LOCK
359.68,52.49261011441086,-1.513005777291779,52.494660009366896,-1.4558363921500816,52.49258309371061,-1.5130247274304403,LOCK
360.96,52.49248007690023,-1.5131221369712893,52.49475112411089,-1.4556119456177328,52.492454227913,-1.5131361380046509,LOCK
362.24,52.49235291831034,-1.5132427482275888,52.49484246953053,-1.4553865384767688,52.4923341403211,-1.5132667143555847,LOCK
363.52,52.49225539090234,-1.5133947225762345,52.494938122434554,-1.4551670440722457,52.49224947634202,-1.5134510044821388,LOCK
364.8,52.492234285140036,-1.5135732891989873,52.4950339872093,-1.4549460050358616,52.49219586369172,-1.5136311818924817,LOCK
366.08,52.492162058835206,-1.513767205331058,52.495134573033766,-1.454726252584596,52.49205659728277,-1.5136987877878303,LOCK
367.36,52.492080115139494,-1.5135714961886189,52.4952315282314,-1.4545061307808678,52.49193888220974,-1.5135482840369985,LOCK
368.64,52.491991885114125,-1.5134471615877902,52.495331703609,-1.4542833485955742,52.491843591837544,-1.5134366800398702,LOCK
369.92,52.49190495096577,-1.5133437488790975,52.49543553325069,-1.4540580505137175,52.49176025183979,-1.513331418409906,LOCK
371.2,52.49179944385677,-1.5131851920166701,52.495538056608304,-1.4538345180437344,52.49165022499342,-1.513188221510803,LOCK
372.48,52.49169774776753,-1.5130320823399237,52.495635784424266,-1.4536194636560438,52.49154628710037,-1.5130415828285801,LOCK
373.76,52.49161105295523,-1.5129011530562935,52.495728830388416,-1.4534133337251744,52.491467098312825,-1.5129105651920964,LOCK
375.04,52.49154555693922,-1.5128039260630664,52.495818134188305,-1.4532143489758995,52.49141177695304,-1.5128043960520512,LOCK
376.32,52.49149688898974,-1.5127327112683098,52.495908148286304,-1.4530134582717131,52.49136305142956,-1.5127133242395134,LOCK
377.6,52.49144658571422,-1.5126466787089352,52.49599925839276,-1.4528098234046418,52.49131070741969,-1.512629299354165,LOCK
378.88,52.49137402304142,-1.5125490175707004,52.49609035084442,-1.4526058995456734,52.49124331335557,-1.5125317939918705,LOCK
380.16,52.49132194402445,-1.5124479354978788,52.496182101624456,-1.4523986415690782,52.491189745523855,-1.512426346433479,LOCK
381.44,52.491275089550825,-1.5123408357665735,52.496270872668624,-1.4521990969666607,52.491140556668974,-1.5123243248918772,LOCK
382.72,52.49122851863639,-1.5122542015268667,52.496360806844386,-1.4519963139377368,52.49109585390632,-1.5122353507636772,LOCK
384.0,52.49118027655045,-1.5121643499165514,52.49645176409631,-1.4517901822388097,52.49105928806861,-1.5121631825766653,LOCK
385.28,52.491177704891534,-1.512160074608594,52.49654216911686,-1.451584168653155,52.49106564606037,-1.512132871955311,LOCK
386.56,52.491156121312684,-1.5121225166670995,52.496635271193334,-1.4513718523731225,52.491037735284245,-1.5120860842508497,LOCK
387.84,52.49108111947435,-1.5120028697075443,52.49672654734149,-1.4511423222950426,52.490958536979484,-1.5119895643503145,LOCK
389.12,52.49099466404867,-1.5118719958734077,52.4968273433953,-1.4509113047905238,52.49087454415915,-1.5118765104142715,LOCK
390.4,52.490894335032245,-1.5117214233122227,52.496928571477994,-1.4506802007190218,52.49078108741365,-1.5117251435473147,LOCK
391.68,52.490798400881765,-1.5115811461913253,52.497028679108205,-1.4504506921982154,52.490688529991914,-1.5115960784376878,LOCK
392.96,52.49072082768203,-1.5114787305719575,52.49712775767226,-1.4502205691796852,52.490613929619876,-1.511483981557323,LOCK
394.24,52.49064677206306,-1.5113695927115154,52.49722279446494,-1.4499791385381506,52.49053367110229,-1.5113804057247728,LOCK
395.52,52.49056196349297,-1.511283828774674,52.497315766206,-1.4497389090175812,52.49044832309032,-1.511295335355252,LOCK
396.8,52.49045606006495,-1.511179144445012,52.49741152235982,-1.4494934192602984,52.49034469801478,-1.5112058604322385,LOCK
398.08,52.49035034698245,-1.5110946948955848,52.497505670580196,-1.4492475595597427,52.49024659424857,-1.5111288853130718,LOCK
399.36,52.490256179436024,-1.5110303656028181,52.497593637265865,-1.4490001703911233,52.49015969690851,-1.5110592064184392,LOCK
400.64,52.49017105824275,-1.5109647192770583,52.49767895121382,-1.4487544857866537,52.49008104631136,-1.5109826383109863,LOCK
401.92,52.49010217076072,-1.510891118834476,52.49775963425589,-1.4485014749166254,52.490004847681384,-1.510899444995501,LOCK
403.2,52.49000431947441,-1.5107703736801825,52.49783824910256,-1.44825832505448,52.48990506948849,-1.5107868583362185,LOCK
404.48,52.4899226555536,-1.5106533973274536,52.49790745709051,-1.4480272535690326,52.48982624745649,-1.5106631325595477,LOCK
405.76,52.48987620843806,-1.5105649470357116,52.497973113212915,-1.4478007609143233,52.48977511199762,-1.5105588566041765,LOCK
407.04,52.489827652638695,-1.510474399137097,52.498039560347344,-1.4475611718217034,52.48972331329803,-1.510462949473363,LOCK
408.32,52.48977198137787,-1.5103689010325858,52.49810417328128,-1.4473070019338965,52.48966112171007,-1.5103591393218327,LOCK
409.6,52.48970698999368,-1.5102496962590282,52.49817622986693,-1.4470501387710952,52.489591018495005,-1.510250865103597,LOCK
410.88,52.48963932968282,-1.510144995090792,52.49825384003354,-1.4468098508118146,52.48952177203571,-1.5101540560540876,LOCK
412.16,52.489561786818854,-1.5100414131099904,52.49832362291367,-1.4465576956669812,52.48944688859891,-1.510045103446312,LOCK
413.44,52.48949986933061,-1.5099177524005682,52.49838907788816,-1.4463048165833732,52.4893811579959,-1.5099179544306194,LOCK
414.72,52.489448220098716,-1.5098045278757521,52.49844974644052,-1.4460383599352056,52.48932853856429,-1.509794703749189,LOCK
416.0,52.489409264274165,-1.5097075007359597,52.49850324141617,-1.4457691954122895,52.48928698780889,-1.5096867636156288,LOCK
417.28,52.489370537785476,-1.5096194070157152,52.49856088064339,-1.445512111676262,52.489238755295546,-1.509595653765909,LOCK
418.56,52.489291130697794,-1.5094911930351673,52.498622148936406,-1.445248778372732,52.48916002121217,-1.509482770503368,LOCK
419.84,52.48922941180805,-1.5093774243694813,52.49867304368593,-1.444985869200788,52.489099794535214,-1.5093515027702784,LOCK
421.12,52.48919489092693,-1.5092217120924836,52.49871412405217,-1.4447100991432749,52.48904774650532,-1.5091904121316906,LOCK
422.4,52.489157570577525,-1.5090689954638492,52.498756222110856,-1.4444344665717028,52.4889983448537,-1.509029742005309,LOCK
423.68,52.48912017595948,-1.5089101236106692,52.49880233562086,-1.444163385885511,52.48894941086378,-1.5088712408140297,LOCK
424.96,52.48907274962934,-1.508767371869987,52.49885504156516,-1.4438916446436498,52.488903343167465,-1.508728834096294,LOCK
426.24,52.48903359930537,-1.5086549195777952,52.49890831860301,-1.4436115941678465,52.48886622041371,-1.5086009734108974,LOCK
427.52,52.48899590000947,-1.5085214964740024,52.498959736245965,-1.4433288866873555,52.488816573602506,-1.5084877842972335,LOCK
428.8,52.488924895825576,-1.5084357840393912,52.49901913176088,-1.4430447925170664,52.48875635014171,-1.5084094962419325,LOCK
430.08,52.488850213016825,-1.5083475279061271,52.49907249307841,-1.4427497834465595,52.48868887756485,-1.508323591690292,LOCK
431.36,52.48877516147566,-1.508240363201335,52.49912347741929,-1.4424522712357357,52.48862205639991,-1.5082381413117047,LOCK
432.64,52.48871761658604,-1.5081884337868872,52.49919175467834,-1.4421765326768372,52.48857926699321,-1.5081792100833462,LOCK
433.92,52.48867531286074,-1.5081465836822403,52.49926265142827,-1.4418991610376855,52.48853777908171,-1.50813691983329,LOCK
435.2,52.4886100345571,-1.5081093231690779,52.499344231475995,-1.4416124055867487,52.48847820602871,-1.508110416896825,LOCK
436.48,52.488519034382435,-1.5080799486268959,52.499431213559895,-1.441322871717242,52.48839628644827,-1.5080926515655644,LOCK
437.76,52.488417263018626,-1.5080568003815105,52.49952066596724,-1.4410330595646084,52.48830952534325,-1.508076558359091,LOCK
439.04,52.48831413315035,-1.5080318603832574,52.499611009530994,-1.4407435985978487,52.48821586660021,-1.5080593539514973,LOCK
440.32,52.48820663490087,-1.5080124085809476,52.4997018212537,-1.4404528619693635,52.48811653800076,-1.5080430220841146,LOCK
441.6,52.48809908754744,-1.5079936829564526,52.49979521868994,-1.4401696803366852,52.48801573585381,-1.508027069937793,LOCK
442.88,52.48798490252235,-1.5079801778164361,52.499883701952285,-1.4398818604740355,52.487910304613074,-1.5080193360278709,LOCK
444.16,52.48787791321308,-1.5079849512339223,52.49996814165026,-1.4396030696968223,52.48781101876531,-1.5080147006322422,LOCK
445.44,52.48777755465037,-1.5079766401377017,52.500048853020516,-1.4393300959292064,52.48771999278624,-1.5079953251699858,LOCK
446.72,52.48770306754702,-1.5079566496040007,52.500114603867075,-1.4390431073308754,52.48765508513308,-1.5079734559006817,LOCK
448.0,52.48766629460103,-1.5079503958794933,52.50018215971908,-1.4387561369650923,52.48761552658438,-1.5079478521229552,LOCK
449.28,52.4876297328931,-1.5079260043065301,52.50023649944463,-1.4384613339477104,52.48757490377746,-1.5079107608586757,LOCK
450.56,52.48760451054873,-1.5078972372403774,52.500282301729506,-1.438174453397854,52.48755237054244,-1.507876540688706,LOCK
451.84,52.48758982597296,-1.507876579337817,52.50031767103552,-1.4378996897684975,52.4875325994816,-1.5078607804726707,LOCK
453.12,52.487536793801034,-1.5078676654771652,52.500347447504055,-1.4376227318509707,52.48748502342826,-1.5078727307760496,LOCK
454.4,52.48748329027197,-1.50791095860783,52.500386020398054,-1.4373465538710601,52.487431714277804,-1.5078887479803893,LOCK
455.68,52.48741649265691,-1.5078695791593562,52.50041666186958,-1.4370704496310396,52.487369067163016,-1.5079010903558543,LOCK
456.96,52.48736742457076,-1.5079473643381627,52.500438700245894,-1.4367967103909434,52.48730500062479,-1.5079078394584724,LOCK
458.24,52.48732650787164,-1.507845622253259,52.500501156983276,-1.4365426414460782,52.487243984097134,-1.5078681724657672,LOCK
459.52,52.487261134122214,-1.5078844195246077,52.50056387194926,-1.4363005449768722,52.48718888888672,-1.5078995421611534,LOCK
460.8,52.48720642285806,-1.5079076930146142,52.500636651311666,-1.4360727852078816,52.48713437673194,-1.5078873441810385,LOCK
462.08,52.48715832950232,-1.5078489179463714,52.50073391682188,-1.4358600088939417,52.487087649895095,-1.5078466790603147,LOCK
463.36,52.48713676591188,-1.5078377333876936,52.50082268535605,-1.4356476613234028,52.48706735078705,-1.5078221290257965,LOCK
464.64,52.487105035819944,-1.5078075163961062,52.50091467459929,-1.4354129091481895,52.48703291437616,-1.507789445834769,LOCK
465.92,52.48706628050248,-1.5077624953654705,52.50099218998886,-1.4351629738461429,52.48699450789374,-1.5077472160336267,LOCK
467.2,52.48703013124827,-1.507711020081591,52.50107513239622,-1.4349065900859284,52.48695412904603,-1.5077005612879302,LOCK
468.48,52.486974802893805,-1.5076420072114751,52.50117515489309,-1.4346589258565337,52.48689905953161,-1.5076511717888594,LOCK
469.76,52.48691392066651,-1.5076003960192335,52.501276916911095,-1.4344098140713564,52.48684246191859,-1.5076145163044237,LOCK
471.04,52.48682928827778,-1.507540577882253,52.501383813069125,-1.434176864929834,52.486761808873396,-1.5075708432138,LOCK
472.32,52.48675032686197,-1.5075028417558167,52.501492478659515,-1.4339488413647177,52.48668240911123,-1.5075608023875957,LOCK
473.6,52.48663558990436,-1.507547245216335,52.50160673898988,-1.4337303401566908,52.48657762286761,-1.5075994452992676,LOCK
474.88,52.48652506414985,-1.507589974465547,52.501720651800646,-1.4335180511457117,52.48647723554342,-1.5076335691317733,LOCK
476.16,52.48642364586409,-1.5076248465790445,52.50182268130719,-1.43330632110597,52.486384236758845,-1.5076524594765126,LOCK
477.44,52.486346670687894,-1.507635098336115,52.501924316948276,-1.4331188984292953,52.486311912575026,-1.507659735703631,LOCK
478.72,52.48627790995867,-1.5076491484808474,52.50203357756512,-1.4329507930312793,52.486242164133984,-1.5076829107932803,LOCK
480.0,52.48621270861242,-1.5076918264912553,52.502157375619355,-1.4328207704804055,52.48617854126196,-1.5077209296905925,LOCK
481.28,52.486140718319774,-1.5077399391534176,52.50226838752776,-1.4326516704942793,52.48610795588673,-1.5077664564055386,LOCK
482.56,52.48606069675381,-1.507796641457038,52.50236595567529,-1.4324892916880956,52.486021495989576,-1.5077884132576436,LOCK
483.84,52.48596823811438,-1.5077515016261853,52.502466476197384,-1.4323167297708363,52.48592484337648,-1.5077561452959911,LOCK
485.12,52.48586338745873,-1.5076990222248108,52.50257147598632,-1.4321422866210334,52.485821659027195,-1.5076839067552834,LOCK
486.4,52.485805381340846,-1.5075963792044433,52.50266416328278,-1.4319920052717208,52.48575623582726,-1.507596299876722,LOCK
487.68,52.48576599941234,-1.5075558870543964,52.502760895454195,-1.4318598300289676,52.48570764978311,-1.5075777976666587,LOCK
488.96,52.485686206004566,-1.5075883738851616,52.50286823057182,-1.4317136656557161,52.48563103582926,-1.5076072231616113,LOCK
490.24,52.48559151973341,-1.5076201963336786,52.50297852755683,-1.4315562752349038,52.4855461330686,-1.5076218822340235,LOCK
491.52,52.48552803267039,-1.5076152748753604,52.503072987260616,-1.4313955702710364,52.48548516563422,-1.507611486829257,LOCK
492.8,52.48548138367544,-1.507603144841018,52.5031634879005,-1.4312355305237907,52.48543908017285,-1.5076092258468725,LOCK
494.08,52.48542327204186,-1.5076167520962809,52.503245011650435,-1.4310823393793568,52.485383823675946,-1.5076043952627878,LOCK
495.36,52.48538194772671,-1.5075911551436456,52.503323545322935,-1.43091707377937,52.48533421984942,-1.5075397117175044,LOCK
496.64,52.485379196526516,-1.5074757190982446,52.50343745523268,-1.4307851818380788,52.4852873753111,-1.507444657978029,LOCK
497.92,52.48529630838502,-1.5074036963327937,52.503575416305466,-1.430713005301188,52.48520263954562,-1.5074198584746628,LOCK
499.2,52.48518254966278,-1.507428114692424,52.50372208971723,-1.430646197776227,52.48510385020864,-1.5074499657386602,LOCK
500.48,52.485066357573665,-1.507464427962776,52.50387490384904,-1.430591981517967,52.484995491645954,-1.5074386717488568,LOCK
501.76,52.48496875625633,-1.5073648266062425,52.50403020078811,-1.430593386233306,52.48488946976134,-1.5073049378587344,LOCK
503.04,52.484939269377875,-1.5071797536757288,52.50418269808107,-1.4306408663198447,52.484819030996476,-1.5071284276621006,LOCK
504.32,52.48487690363864,-1.5070216283905251,52.504323368179115,-1.4306973021420986,52.4847471426257,-1.5069997393925652,LOCK
505.6,52.484808678278256,-1.5069376082560917,52.504445292311296,-1.4308072618389893,52.48467870674485,-1.506954161453631,LOCK
506.88,52.48471877123062,-1.5069469691340345,52.50456230720626,-1.430931889822453,52.484598460954395,-1.5069675409218657,LOCK
508.16,52.48463282557508,-1.50697102048919,52.50468199914075,-1.431060895516679,52.48452212684244,-1.5069889689153435,LOCK
509.44,52.484533498663914,-1.5069978756303428,52.50481444368254,-1.4311910848135267,52.4844267423701,-1.5070082953912838,LOCK
510.72,52.48440219066804,-1.5069984963411116,52.50494880236461,-1.4313223933400785,52.48430797028605,-1.5070167064500277,LOCK
512.0,52.48427159682141,-1.507000415055307,52.505081310967725,-1.4314478429304685,52.48418551512396,-1.5070486049587681,DENIED
513.28,52.48417460944015,-1.5069241680627272,52.505217312557086,-1.4315696189993286,52.48408275033456,-1.5071000140582782,DENIED
514.56,52.484061437567476,-1.5068316304521299,52.50536319189861,-1.4317013598118842,52.48396154106817,-1.5071570006477353,DENIED
515.84,52.48393739483781,-1.5067458811310592,52.50551219163715,-1.431839366520459,52.48383629601937,-1.5072147111090366,DENIED
517.12,52.4838241985337,-1.5066856090715215,52.50564376598087,-1.432006130341617,52.48371484293393,-1.5072702799832833,DENIED
518.4,52.48371441345068,-1.506670489390101,52.50577164233289,-1.4321609030043454,52.483599330194394,-1.507323516673251,DENIED
519.68,52.48360098902537,-1.5066346287353043,52.505900474330424,-1.432310961075288,52.48348362558358,-1.5073756176133593,DENIED
520.96,52.483501515737856,-1.5065112069150248,52.50604222521296,-1.4324507215587952,52.48336791272263,-1.5074276689888995,DENIED
522.24,52.483527085162194,-1.5063813073533652,52.50615499674593,-1.4326452321178909,52.48325612422116,-1.5074818072061018,DENIED
523.52,52.48349924844345,-1.506253446873073,52.50623985738881,-1.4328709110263043,52.48315009626561,-1.5075373209192375,DENIED
524.8,52.48339017167763,-1.5061240808367529,52.50630227102457,-1.4331219692675952,52.48303903230284,-1.507595340579728,DENIED
526.08,52.48345043934683,-1.5058930279646385,52.50636324531472,-1.4333807909124112,52.4829197177007,-1.5076596093725174,DENIED
527.36,52.4832963089076,-1.5058958859991936,52.50643546020313,-1.4336428403533463,52.48279086683192,-1.5077309482246375,DENIED
528.64,52.48315084073073,-1.505856062711159,52.5065070889142,-1.4338858763959452,52.48265007394812,-1.5078051378521151,DENIED
529.92,52.483052887600444,-1.5057891897862727,52.5065790913421,-1.434110254149432,52.48250863540719,-1.5078759385502423,DENIED
531.2,52.483099670930606,-1.5056030717376931,52.50665940171553,-1.434343248862367,52.482367041230795,-1.5079458952294449,DENIED
532.48,52.48302875621906,-1.5054438711941813,52.50670242160921,-1.4345867053480539,52.4822486809649,-1.5080028623496848,DENIED
533.76,52.48293665429323,-1.5053361623955521,52.50671741932179,-1.4348325819872476,52.48213093425329,-1.5080581879154462,DENIED
535.04,52.48287136485104,-1.5051866100157978,52.50670631238339,-1.4350756529118203,52.48202124523071,-1.5081088278306012,DENIED
536.32,52.48292125183538,-1.5050187168922853,52.50665696149661,-1.4353029846076717,52.48190907166621,-1.5081594998903882,DENIED
537.6,52.4829210192124,-1.5048311844614395,52.50657195504079,-1.4354924885140208,52.48179691315937,-1.5082102616083606,DENIED
538.88,52.48287011055546,-1.5046644099950737,52.506469223626,-1.4356342460676657,52.48168472425282,-1.5082608417505172,DENIED
540.16,52.48301543591439,-1.5045521684990575,52.5063721052453,-1.4357647717648094,52.48157185703169,-1.5083135642843344,DENIED
541.44,52.4831389503576,-1.50442792061334,52.50627143070724,-1.4358715886365645,52.48145891947289,-1.50836709179691,DENIED
542.72,52.48304455040247,-1.5043634255713234,52.50617912985326,-1.4359799809157103,52.48134618351978,-1.50842175298544,DENIED
544.0,52.48296306350171,-1.50427375380147,52.50609342843902,-1.4361012536766786,52.48123380851345,-1.5084783824593349,DENIED
545.28,52.48287793052953,-1.5041854020208592,52.506013374546264,-1.4362420501292716,52.48113513885858,-1.5085296163646542,DENIED
546.56,52.48283493481695,-1.504350195393842,52.505931884790485,-1.4363954048596776,52.48103622423576,-1.5085795603932348,DENIED
547.84,52.48276366993569,-1.5045723181130182,52.50585752948643,-1.4365440002206344,52.48093736582284,-1.5086298034669683,DENIED
549.12,52.482705586670235,-1.5047726194378672,52.50579131386459,-1.4366827336029615,52.480832001915715,-1.5086826170330772,DENIED
550.4,52.48278073023024,-1.5045624874384262,52.50572595812683,-1.4368260362778214,52.48070226259806,-1.5087468484926356,DENIED
551.68,52.48271239979764,-1.5045956204570838,52.50564696566221,-1.4369478139840244,52.48057326059585,-1.5088149659522134,DENIED
552.96,52.48264017802733,-1.504699129803007,52.50556423926443,-1.4370501213662867,52.480444654634944,-1.5088850731383188,DENIED
554.24,52.48254827435763,-1.5046329113292907,52.50546981239318,-1.4371201431197762,52.480348803329164,-1.508937435541536,DENIED
555.52,52.482444692023684,-1.504628792039461,52.50537225780162,-1.4371514500490108,52.48025304603356,-1.5089902595185778,DENIED
556.8,52.48236243058118,-1.50455637741058,52.50526567844006,-1.4371440526773063,52.48016249576369,-1.5090410649344965,DENIED
558.08,52.48227553783103,-1.504444634297908,52.50515870202174,-1.437098839234692,52.48006617441927,-1.509091047567465,DENIED
559.36,52.48218550208854,-1.5045262202728316,52.50506109679302,-1.4370123206151912,52.47996656395194,-1.509141823612258,DENIED
560.64,52.48210293251358,-1.5046509589376655,52.504956044251195,-1.4369530653197808,52.47986579852252,-1.5091919114709722,DENIED
561.92,52.48200007744031,-1.504768825331689,52.504849818686054,-1.4368582048531282,52.479758916141435,-1.5092438355328441,DENIED
563.2,52.48189071711642,-1.5049205072515732,52.504737280851096,-1.4367462478810735,52.481900651245255,-1.5049132381889812,LOCK
564.48,52.48177636022206,-1.5051175390099032,52.50461808699725,-1.436629789342328,52.48178657852092,-1.5051266101881358,LOCK
565.76,52.48164776163829,-1.5052690731478446,52.50448664467465,-1.4365399679722266,52.481653360912276,-1.5052666030647086,LOCK
567.04,52.4815091047477,-1.5054028417011172,52.504350276042466,-1.4364501566621874,52.48151033466538,-1.5053915886656695,LOCK
568.32,52.48136457514484,-1.5055186638613125,52.50421024731702,-1.4363658579089684,52.48136512530891,-1.505509196898308,LOCK
569.6,52.481221159530435,-1.5056421722571378,52.504065934786134,-1.4362766640169944,52.48122052021344,-1.5056321428333408,LOCK
570.88,52.48107763038751,-1.5057662392718512,52.50392326956028,-1.4361915758590427,52.481074099241454,-1.5057447386577387,LOCK
572.16,52.48092917824855,-1.505854234517001,52.50377370535511,-1.436139093189319,52.4809218906169,-1.505825416619571,LOCK
573.44,52.4807634524654,-1.5059037989818722,52.503616710745725,-1.4360868025270477,52.48075767575295,-1.5058823107983397,LOCK
574.72,52.480599565043036,-1.5059431013037519,52.50346820012076,-1.4360315381135644,52.480599545732645,-1.5059346291313416,LOCK
576.0,52.48045791464503,-1.505991131135253,52.50332518706852,-1.4359775949783011,52.48046020840319,-1.5059855362738055,LOCK
577.28,52.480330893788654,-1.5060327473586386,52.50318617175505,-1.4359234872311442,52.480327222045624,-1.5060263173135322,LOCK
578.56,52.480191663949206,-1.5060604105456068,52.50304303048607,-1.43588135870055,52.480186380875914,-1.5060585676619995,LOCK
579.84,52.48004344546857,-1.5060860778360443,52.502907730660006,-1.435807561491498,52.48004574178565,-1.5060987467978355,LOCK
581.12,52.47993098971152,-1.506132679933902,52.50277718342215,-1.4356921485712268,52.47991351786818,-1.5060524484202302,LOCK
582.4,52.47986746083198,-1.5059210379979913,52.5026407737533,-1.4355735131929432,52.47980140864606,-1.5058587617149044,LOCK
583.68,52.47979290332027,-1.505708132636816,52.50250512071794,-1.4354565898546618,52.479695187830245,-1.50568429718993,LOCK
584.96,52.479694203141,-1.5055627752544634,52.50237426611147,-1.4353309999683668,52.47958829581964,-1.5055603468254661,LOCK
586.24,52.4795819306896,-1.5054488899222562,52.50225363235712,-1.4351857305940472,52.47947769878783,-1.5054594710773261,LOCK
587.52,52.479463065790874,-1.5053483742106295,52.502121820128224,-1.4350652427690265,52.479359254211936,-1.5053332656128304,LOCK
588.8,52.479362121885224,-1.5051401412036416,52.501990125776864,-1.4349463815921804,52.479236972661134,-1.5051486288950253,LOCK
590.08,52.47925443386901,-1.5049644356229537,52.50185979956635,-1.4348310703295626,52.47912429606313,-1.5049844150726477,LOCK
591.36,52.47914198247827,-1.5048022923347066,52.501729623124696,-1.4347096525653484,52.47900965510655,-1.5048169534665163,LOCK
592.64,52.47904168990112,-1.504625799090157,52.50159918494721,-1.434585625822928,52.478901227701016,-1.5046530125446549,LOCK
593.92,52.478935126570434,-1.5044893525918694,52.50146982846779,-1.4344621522227095,52.47879821830377,-1.5045098158469166,LOCK
595.2,52.478840694124585,-1.5043503617274459,52.501340315646836,-1.4343349976440847,52.478686101967234,-1.504479248298176,LOCK
596.48,52.4787631204486,-1.5044972494417241,52.501208057612345,-1.4342454259342063,52.47860679588754,-1.504581626787382,LOCK
597.76,52.47867001438477,-1.5045890816029277,52.50107031756489,-1.4341796676486043,52.47852300866009,-1.5046471895830986,LOCK
599.04,52.47856773803044,-1.5046547184324777,52.50093181731397,-1.434117131791146,52.47843154715844,-1.5047037684998503,LOCK
600.32,52.47844855901995,-1.504731651876917,52.500790860215396,-1.434054641609637,52.478323514533905,-1.5047675597221213,LOCK
601.6,52.47832197571376,-1.5047998107802243,52.50064824647938,-1.4339921273192118,52.4782098246987,-1.5048272240850924,LOCK
602.88,52.47819107565048,-1.5048641228616182,52.5005035566442,-1.4339356397051726,52.47808475049002,-1.5048565108433003,LOCK
604.16,52.47805349847718,-1.504830820771776,52.50036372723521,-1.4338882351456856,52.477950190715895,-1.504792227941472,LOCK
605.44,52.47795218077476,-1.5046848418512213,52.50022555833624,-1.4339044054527506,52.47783350961004,-1.504641074049889,LOCK
606.72,52.47786942086066,-1.504478939786512,52.500085667586916,-1.433919552261209,52.477727036012915,-1.5044417601333997,LOCK
608.0,52.477795192073614,-1.5042617606091284,52.49994825417158,-1.43393616479372,52.47763509908649,-1.5042272943029904,LOCK
609.28,52.477733035787,-1.5040537178242628,52.49981031521402,-1.4339582908140833,52.47755735969067,-1.5040394929105896,LOCK
610.56,52.47765906697337,-1.5039208585343748,52.49966635804065,-1.4339876327520804,52.47748831000934,-1.5038980800870732,LOCK
611.84,52.47758188522691,-1.5037694869089242,52.49951047167102,-1.4340273895374966,52.477413448761986,-1.5037086436461533,LOCK
613.12,52.47756306292462,-1.5035320722226673,52.49935048485323,-1.4340800039560297,52.47733872932883,-1.503510254867642,LOCK
614.4,52.47744111086729,-1.5034085171407507,52.499197965582134,-1.434148548530338,52.4772231441297,-1.5034634322494487,LOCK
615.68,52.47731331400199,-1.503478216199861,52.49903887492261,-1.434221932214795,52.47710863741808,-1.503397831317265,LOCK
616.96,52.477281586014,-1.503232126200495,52.498866462274385,-1.4342499868569933,52.47702551659687,-1.5031618465381595,LOCK
618.24,52.477202807503595,-1.5029987239647047,52.4986887294628,-1.4342541103662836,52.47693012481017,-1.5029567899641185,LOCK
619.52,52.477091553350284,-1.5027897347834047,52.498510132617,-1.4342304405260637,52.476797323330544,-1.5028889654110678,LOCK
620.8,52.476961704285564,-1.5029718033184667,52.49833372035355,-1.4342038299407813,52.476687041510964,-1.5030339608887915,LOCK
622.08,52.476844021848855,-1.50312188382351,52.498166365629,-1.4341441394113663,52.476585405625435,-1.5031365937436263,LOCK
623.36,52.47671048978225,-1.5031750736188145,52.49800614469445,-1.434059231867589,52.47648107008194,-1.5032075398876612,LOCK
624.64,52.476592554641776,-1.5032699279365025,52.4978537896109,-1.4339625907622622,52.47638036058113,-1.5032850478410296,LOCK
625.92,52.47646670008186,-1.5033224482584193,52.49770172711078,-1.433864901212837,52.47626583143858,-1.5032990427555981,LOCK
627.2,52.47633781110408,-1.5032468928100178,52.49755512718429,-1.43373721492519,52.47614910217749,-1.5032483639809051,LOCK
628.48,52.476215185272906,-1.5031954106722478,52.49741139197404,-1.4335934351636368,52.47603878979523,-1.5032175776841166,LOCK
629.76,52.47607953596339,-1.5031810545393953,52.49727029559958,-1.4334335126928588,52.4759178370655,-1.503221140989551,LOCK
631.04,52.47593213977786,-1.503215587298282,52.49712490255549,-1.4332681664603377,52.475785915692704,-1.5032247560601384,LOCK
632.32,52.475792022042675,-1.5031680806211982,52.4969595896262,-1.4331324109981418,52.47565619047518,-1.5031037237871723,LOCK
633.6,52.47575718367334,-1.5029853588823943,52.4967870580486,-1.4330170209978272,52.47557959129698,-1.5029577363182811,LOCK
634.88,52.4756459099528,-1.502891870345626,52.49661740275669,-1.4329039405305615,52.47547807491272,-1.5028797348191152,LOCK
636.16,52.47554467719686,-1.502812547545535,52.49645175778988,-1.4327934450287443,52.47538801516381,-1.5028089560301783,LOCK
637.44,52.47544869871219,-1.5027435099808155,52.496281292060935,-1.432691209096922,52.47529700316443,-1.5027951388648804,LOCK
638.72,52.475346732850795,-1.5028156107943966,52.49609442869523,-1.4326069158229817,52.47521212389047,-1.5029167285315292,LOCK
640.0,52.47532409585983,-1.503015254483985,52.49589983272332,-1.4325585837461328,52.4751662984547,-1.5031083795109934,LOCK
641.28,52.475275267772666,-1.5032202009716469,52.495698617201604,-1.4325076161267596,52.47511468342384,-1.5032984093247326,LOCK
642.56,52.47522131751199,-1.5034264856618509,52.49549300633491,-1.4324524898673212,52.47506482161583,-1.5034949778499531,LOCK
643.84,52.47517475437436,-1.5036158633108783,52.49529575083968,-1.4324018541301935,52.47501645905099,-1.503648087443766,LOCK
645.12,52.47512154182365,-1.5037004730016614,52.49510123734699,-1.432373078222436,52.47497663714695,-1.50372292042057,LOCK
646.4,52.47506264785479,-1.5037624583140283,52.494897880267175,-1.4323465171389662,52.47492933940883,-1.5038079011997638,LOCK
647.68,52.47502080768315,-1.5038547010625394,52.49469927078904,-1.4322635442216387,52.4748920282597,-1.5038990293426533,LOCK
648.96,52.47495742134759,-1.5039702718324386,52.4944976785684,-1.4321936797079158,52.474837320269685,-1.5040033787221463,LOCK
650.24,52.47489535297667,-1.5040749007064322,52.49429700581651,-1.43211836902557,52.47478743666928,-1.504100745691991,LOCK
651.52,52.47483843625547,-1.5041719077916664,52.49410028003428,-1.4320417815004693,52.47473636737166,-1.504168868457208,LOCK
652.8,52.47479118231471,-1.5041969388626857,52.49391088153064,-1.431969078367143,52.474669082499574,-1.5041382519747124,LOCK
654.08,52.474775542656,-1.5040151742675942,52.493723229955854,-1.4318611414681537,52.474603573212754,-1.5039594551293156,LOCK
655.36,52.474748473808965,-1.5038074312964382,52.493524827572486,-1.4317526482863798,52.47454784655142,-1.5037542234298693,LOCK
656.64,52.47472074423117,-1.503581464548506,52.49332236330474,-1.431643942377035,52.47449984480819,-1.5035169303010745,LOCK
657.92,52.47470786886215,-1.503350012244348,52.493120909702526,-1.4315548356046284,52.474459524458425,-1.5032914522221215,LOCK
659.2,52.47466042454605,-1.5031901877986011,52.49293194420297,-1.4314632994715777,52.47443043440256,-1.5031193934448162,LOCK
660.48,52.474635093438366,-1.5030733131158638,52.49274851663241,-1.4314063282481604,52.474414500311774,-1.502973559466865,LOCK
661.76,52.47461316918661,-1.5029516544025967,52.49255288161574,-1.4313427032576085,52.47439522319095,-1.502831849212561,LOCK
663.04,52.474599065775394,-1.5028419066489787,52.49235298950481,-1.4313335525732667,52.474362450686016,-1.50277661207328,LOCK
664.32,52.4745257269399,-1.5028689757377947,52.492149786949085,-1.431323877321033,52.47430887393729,-1.5027470353723065,LOCK
665.6,52.4744993491185,-1.5026947941049646,52.491938764635414,-1.4313045941657403,52.47425252940143,-1.5026985422847794,LOCK
666.88,52.474484136858436,-1.5027188216572638,52.49174042424589,-1.4312069230207458,52.474258019369884,-1.502691369888812,LOCK
668.16,52.47446394707425,-1.502696547986635,52.49154425150323,-1.4310814977145225,52.47424834184369,-1.502657047640072,LOCK
669.44,52.4744331458498,-1.502650641685991,52.49133536673935,-1.4309907116476794,52.47422646777742,-1.5026050287630965,LOCK
670.72,52.4743962657682,-1.5025405334313888,52.49111201820021,-1.4309317432426816,52.474185847814205,-1.502499022982365,LOCK
672.0,52.47436769827422,-1.502382953825759,52.49088737967829,-1.4308680401506066,52.47414375156939,-1.5023789696279313,LOCK
673.28,52.47428989264422,-1.5022752207204424,52.49067638253852,-1.430749906523768,52.474085945401846,-1.5022702169517352,LOCK
674.56,52.47423215570807,-1.502142091890715,52.49045950233809,-1.430678483843398,52.47402888290869,-1.5021505991647286,LOCK
675.84,52.474163811282814,-1.5020468007701415,52.49024939335879,-1.4305978508060018,52.473971994003335,-1.5020597985951034,LOCK
677.12,52.47409345189375,-1.5019686127207366,52.490052317513104,-1.4304782245743344,52.47390079024329,-1.5020444109588251,LOCK
678.4,52.47400169999516,-1.5020804693852492,52.48985621463418,-1.4303561518284396,52.47382072065593,-1.5021375760460827,LOCK
679.68,52.473902722052,-1.5021895193254466,52.48965389385793,-1.4302256918726755,52.47373991284444,-1.502238051200537,LOCK
680.96,52.47380698725043,-1.502314800210037,52.489447514170294,-1.4300974801805824,52.47364705284237,-1.5023243237069295,LOCK
682.24,52.47368022469393,-1.5023541951948125,52.4892456489977,-1.4299299557007514,52.473514204686246,-1.5022726408250193,LOCK
683.52,52.47363319969116,-1.5021344154712755,52.48904275610887,-1.4297659943832866,52.47342815847408,-1.5020556783490406,LOCK
684.8,52.47360287361132,-1.5019398557123513,52.48884289390315,-1.429609476721013,52.473365411371795,-1.5018865277938442,LOCK
686.08,52.47349873452233,-1.501785554568206,52.4886394804521,-1.4294425539265623,52.47327176912557,-1.5017830223452449,LOCK
687.36,52.47339854956158,-1.501729002096696,52.488473066208606,-1.429196007657408,52.4731871484115,-1.501753244652153,LOCK
688.64,52.47328294849077,-1.5017402696697595,52.48833295249825,-1.4289028387690261,52.47309180187662,-1.5017688816758454,LOCK
689.92,52.47315870608857,-1.5017734597518841,52.48818664341184,-1.4286150196135272,52.47298715303166,-1.5017966020958051,LOCK
691.2,52.47303181012569,-1.5018027169110455,52.488038191600936,-1.428328660506041,52.47287697765975,-1.5018164890264498,LOCK
692.48,52.4729061261841,-1.5018086399879833,52.487892518624264,-1.4280577814653728,52.47277512080456,-1.5017674208025982,LOCK
693.76,52.47286771280599,-1.5017542504750798,52.48775399932507,-1.4277924844065086,52.472739431990384,-1.5017021805849056,LOCK
695.04,52.472828984151796,-1.5017092302405506,52.48763438732976,-1.4275032473945104,52.47269146996286,-1.5016641553780452,LOCK
696.32,52.47278065752215,-1.5016883631105913,52.48757206245036,-1.4271755147508802,52.47265169622654,-1.5016830447609912,LOCK
697.6,52.47272937287346,-1.501758744655953,52.48750225573954,-1.4268286308947433,52.47259079325149,-1.5016976088693248,LOCK
698.88,52.47267655956315,-1.5016116917110014,52.48745874438064,-1.426467281124586,52.472513695489326,-1.5015824081396132,LOCK
700.16,52.47260496459542,-1.5014483552716387,52.48740240708455,-1.4261052601317903,52.47244013957236,-1.5014436360658936,LOCK
701.44,52.47254936141793,-1.5013086191197391,52.48734364163456,-1.425746441768992,52.47235692038166,-1.501397781086808,LOCK
702.72,52.47245716499539,-1.5014378320764583,52.487288247531225,-1.4254018384908336,52.47227221820219,-1.501470283685128,LOCK
704.0,52.47233911032269,-1.5014539035894017,52.487208809757234,-1.4250585923820287,52.472170886131856,-1.5014755356566014,LOCK
705.28,52.472218271671814,-1.5014413447723707,52.4871252083163,-1.4247218978710718,52.47206910360311,-1.5014669002547683,LOCK
706.56,52.47211937223743,-1.5014396999459634,52.487050906015014,-1.4243892505720077,52.47198413669025,-1.5014733209769588,LOCK
707.84,52.47201901322763,-1.5014657216695295,52.48702357302067,-1.424023348046363,52.471896587531454,-1.5015202928032345,LOCK
709.12,52.47191939314922,-1.5015666635752243,52.487030205218275,-1.4236392732717498,52.47180791783799,-1.501620272938141,LOCK
710.4,52.471843899931024,-1.5016775473979274,52.48704223589741,-1.4232457789262334,52.47173687579015,-1.501723412952844,LOCK
711.68,52.471761001361855,-1.501797081516749,52.48706383969836,-1.422841268167676,52.4716613484917,-1.5018365852880138,LOCK
712.96,52.47167554314532,-1.5019308066213166,52.48703569635814,-1.42244959465833,52.47157294771632,-1.501924088562698,LOCK
714.24,52.47158304434973,-1.5019571840683672,52.48701593668364,-1.4220774792981663,52.471500075026,-1.5019874342211983,LOCK
715.52,52.471530970908006,-1.5020467515351263,52.486992171385076,-1.4217123956366011,52.471452546680354,-1.5020712882992513,LOCK
716.8,52.47148401398187,-1.5021145532880624,52.48693764959717,-1.4213577153222652,52.471399996487335,-1.5021245488806185,LOCK
718.08,52.47140717149464,-1.5021489818695501,52.48687750906564,-1.420997583705235,52.47131582248676,-1.5021352619200117,LOCK
719.36,52.47129381964471,-1.5020728123220595,52.486817940593056,-1.4206512335269486,52.47120310637106,-1.5021070444755746,LOCK
720.64,52.47117700315275,-1.5020789378831194,52.486744270540235,-1.4203117398714982,52.47111285045539,-1.5022314927418856,LOCK
721.92,52.47121593584204,-1.502226007661923,52.486661113692506,-1.4199921347752091,52.47112091721543,-1.5024162917225086,LOCK
723.2,52.4712433862366,-1.502357227678437,52.486570411467355,-1.419686360607601,52.471137564344126,-1.5025598038420978,LOCK
724.48,52.471261361189356,-1.5024790881936023,52.486471956277875,-1.4193951333239607,52.471150720608655,-1.5026835294977152,LOCK
725.76,52.471269697558014,-1.5025940885748257,52.48636420062951,-1.4191092884966994,52.47116093383387,-1.5027944971904048,LOCK
727.04,52.47127793519608,-1.5027076726062158,52.48625687247598,-1.4188271595545676,52.47117707206668,-1.5028918749015556,LOCK
728.32,52.47127895398832,-1.5027422634485335,52.48613569447379,-1.418543869698425,52.47118807302394,-1.5029188110626375,LOCK
729.6,52.47126548972644,-1.5027924007253626,52.486016301793505,-1.4182606966646056,52.471169560190184,-1.5029485190525589,LOCK
730.88,52.47121344997561,-1.5028404725533493,52.485897943942255,-1.4179797903175948,52.47112509468914,-1.5029744780531211,LOCK
732.16,52.47118347301234,-1.5028626407242285,52.48577487189866,-1.4176826031729197,52.47109861494653,-1.502974566009078,LOCK
733.44,52.47113849233128,-1.502865164049035,52.48566764708172,-1.4173599702492194,52.47105457438087,-1.502934125234644,LOCK
734.72,52.471108933483805,-1.5027694245347143,52.48556942701614,-1.417032727791815,52.4710110341586,-1.5028480890724873,LOCK
736.0,52.47105861999648,-1.5026993713341066,52.48554991084584,-1.4166736199919734,52.47095683147119,-1.502786475895178,LOCK
737.28,52.47097730028153,-1.5026468966917554,52.485532317565706,-1.4163217510773831,52.47087923637012,-1.5027452063937052,LOCK
738.56,52.47088010496535,-1.5026277708035993,52.48548845944378,-1.4159619680919622,52.47079394310921,-1.5027114506683226,LOCK
739.84,52.47078066350252,-1.5025798628780194,52.48544199160491,-1.4156219255579252,52.47069977520611,-1.5026614032041368,LOCK
741.12,52.47067671539571,-1.5025270785897575,52.48539257884389,-1.415276131204326,52.4705945592939,-1.5025709455381744,LOCK
742.4,52.470590934843216,-1.5023594930784918,52.48534283771318,-1.414926338118938,52.47048836303555,-1.5024067099869822,LOCK
743.68,52.47050346120137,-1.5021857332412565,52.48529617650421,-1.4145775961637774,52.470391517399435,-1.502233079025525,LOCK
744.96,52.47042106376784,-1.502016471885492,52.48525572766896,-1.4142301842893652,52.47030584748138,-1.5020843602621017,LOCK
746.24,52.47035957776575,-1.501955037789859,52.48523733700852,-1.4139053710443876,52.470258389697015,-1.5020106019285773,LOCK
747.52,52.470318145025594,-1.5019280160001154,52.48522069431866,-1.4135951066326478,52.47021489003467,-1.5020099477146003,LOCK
748.8,52.4702985291251,-1.501952702991003,52.485205149412856,-1.4133028575079032,52.47019663549421,-1.5020522693516782,LOCK
750.08,52.47028809276399,-1.502001718931046,52.4851785840181,-1.4130101210588095,52.47018151871813,-1.5021037568724187,LOCK
751.36,52.470249176676965,-1.5021307813058138,52.48515448342153,-1.4127027080821795,52.47013841386872,-1.5022160901004005,LOCK
752.64,52.470207097785206,-1.5022835837865938,52.48513057826441,-1.4123797331183958,52.47010046187278,-1.5023397955885625,LOCK
753.92,52.47016078602246,-1.5024451497349214,52.48510868946613,-1.412056118360946,52.47006891634332,-1.5025116583776765,LOCK
755.2,52.470172846741306,-1.5025918879090894,52.48509060340942,-1.4117279932482354,52.47007172949305,-1.5026780514857345,LOCK
756.48,52.47017681735956,-1.5027430454679094,52.48505308710684,-1.4113943576241899,52.47006206984096,-1.5028285840168847,LOCK
757.76,52.47014606285619,-1.5028960476996915,52.48502067583811,-1.4110625161680141,52.470046112039164,-1.50300142613323,LOCK
759.04,52.47017250968079,-1.503089252669052,52.484994278036275,-1.410719279090895,52.47005549208503,-1.50322321636716,LOCK
760.32,52.470206276269,-1.503293285779289,52.48496787207083,-1.4103768018811838,52.470079228629075,-1.5034456974984995,LOCK
761.6,52.470240030974765,-1.503456387664905,52.48495126823391,-1.4100559975479474,52.470113592030735,-1.5036314459571687,LOCK
762.88,52.47026958360295,-1.5035893344578823,52.484930807707215,-1.4097517606229943,52.47013736308662,-1.5037691305626775,LOCK
764.16,52.47026752725063,-1.5036976486910365,52.48487804001285,-1.409459081983225,52.47014495231575,-1.50388138423866,LOCK
765.44,52.4702684108247,-1.5038167384527676,52.48481898287256,-1.4091850399978492,52.47014827089251,-1.5039933040886582,LOCK
766.72,52.4702648107271,-1.5039125087608474,52.484762469049365,-1.4089205122880346,52.470156672396094,-1.5040818623004504,LOCK
768.0,52.470267484397,-1.5039844756209833,52.4847182405729,-1.4086626823128638,52.470168475643106,-1.5041514044727122,LOCK
769.28,52.47026828634032,-1.5040476429543213,52.48466697491632,-1.408396333759443,52.47017455293459,-1.504217234002479,LOCK
770.56,52.47026903585803,-1.5041610471881384,52.484616389490746,-1.4081310403578173,52.47017215856605,-1.5043201527380814,LOCK
771.84,52.47026867084706,-1.504271391185464,52.48456527234803,-1.4078648175364339,52.47017190844741,-1.5044238434296366,LOCK
773.12,52.47026858386055,-1.504393474863074,52.48451155474134,-1.4075793638636203,52.47017446477439,-1.50455384407669,LOCK
774.4,52.47029513400698,-1.5045457596534615,52.484444184549304,-1.4072944708180497,52.470175022409336,-1.504716315926387,LOCK
775.68,52.47028197272906,-1.504758683815013,52.484380234624844,-1.4070067966984894,52.47016990484962,-1.5049232386585016,LOCK
776.96,52.47032452601653,-1.504946484928962,52.48434049010583,-1.4066916479707363,52.47012992427449,-1.5050641253396824,LOCK
778.24,52.47024618506526,-1.504943642606289,52.48428964718947,-1.4063877570396766,52.47006658524679,-1.5050544664586627,LOCK
779.52,52.470173804307976,-1.5049450050001847,52.484267379758805,-1.406075647983085,52.47001608307463,-1.505101201407231,LOCK
780.8,52.470140559751954,-1.5050782797223596,52.484287132842205,-1.4057766750285174,52.46998027818346,-1.5052110535572754,LOCK
782.08,52.470087741323745,-1.5051929851005066,52.4843472264553,-1.405509077297525,52.46992322310071,-1.505274837460652,LOCK
783.36,52.47000414174243,-1.5052118883721206,52.48441282141319,-1.405254999740784,52.46985700879324,-1.505333100591488,LOCK
784.64,52.469933474010965,-1.505385723863929,52.48449573177044,-1.4050093228668723,52.46978075024864,-1.5054776572481054,LOCK
785.92,52.46983134765951,-1.505546081402776,52.484569526875106,-1.404747929761875,52.46970291825243,-1.5056405217016269,LOCK
787.2,52.469777951340234,-1.5057703158622642,52.48466293246833,-1.404504739758251,52.469647266517185,-1.505863575720205,LOCK
788.48,52.46974331809629,-1.5060075805500317,52.4847533989875,-1.4042658697998514,52.469601251253366,-1.5060961130753943,LOCK
789.76,52.469698874435004,-1.506230470089662,52.48483805926758,-1.4040376675510429,52.46955715266056,-1.506312829019028,LOCK
791.04,52.469659650772314,-1.5064234284808322,52.484902221927285,-1.4038118396430719,52.46951457392403,-1.5064876781014218,LOCK
792.32,52.46960155697823,-1.5065615569597082,52.484938005890825,-1.403590623377091,52.46947701366672,-1.5066374979634258,LOCK
793.6,52.46957808158263,-1.5066832229863976,52.48497586279837,-1.4033667332042397,52.4694625637858,-1.506790034990112,LOCK
794.88,52.469578376567966,-1.5068467857550742,52.485037560717245,-1.403132021695178,52.46945754850356,-1.5069727114027585,LOCK
796.16,52.46959194963639,-1.5070344000095162,52.48510196864342,-1.4028769058978314,52.46941019507493,-1.5071225944202504,LOCK
797.44,52.46946548154248,-1.5070798831389427,52.48516659989867,-1.4026190752557288,52.46928882008193,-1.5071249854485824,LOCK
798.72,52.469342369762224,-1.5069793599475803,52.48521671769824,-1.4023570311311995,52.46916826475634,-1.5070327394837637,LOCK
800.0,52.469223771227696,-1.5068559296564286,52.48525628538234,-1.40209588317278,52.46904581321162,-1.5070484924532663,LOCK
801.28,52.46917593308712,-1.5070789627218766,52.485318296953075,-1.4018401988527738,52.46895322430145,-1.5071374904776724,LOCK
802.56,52.469069497973635,-1.5069978538812772,52.485366864176555,-1.401584230655508,52.468861326232094,-1.5071447881574749,LOCK
803.84,52.46899531966395,-1.5071493341085465,52.48540399035475,-1.401329893765267,52.46878503424509,-1.507254813134776,LOCK
805.12,52.46887331170075,-1.507264748134118,52.48544020637219,-1.401066293756135,52.4686738306439,-1.5073240349965862,LOCK
806.4,52.46874162849088,-1.5072941844547771,52.485471833117714,-1.400803851726123,52.46856224875177,-1.5073416607736199,LOCK
807.68,52.4686338365848,-1.5073031743050176,52.48548952099343,-1.4005580689492514,52.46846893833929,-1.5073318531729953,LOCK
808.96,52.46852648144364,-1.5072737058941175,52.4855575549622,-1.400331638326185,52.4683768199809,-1.507336854676946,LOCK
810.24,52.46843328457307,-1.5073335715511238,52.48561960580959,-1.4001135167362717,52.46829973618585,-1.5074053230688405,LOCK
811.52,52.46835641098958,-1.5074387868719332,52.4856991106426,-1.3999174696379788,52.46821434219212,-1.5074488043488554,LOCK
812.8,52.468242213021554,-1.507386600336869,52.48580504757134,-1.3997471340284016,52.46810081199746,-1.5073444232066504,LOCK
814.08,52.46820768783816,-1.5071975236848933,52.48592558334184,-1.3996187280209544,52.46800826411645,-1.5072993699357058,LOCK
815.36,52.46816307991266,-1.5073788559523165,52.486036860942754,-1.3995005193757841,52.4679541039388,-1.5074632567648,LOCK
816.64,52.468107345757126,-1.5075334220437524,52.48614063370282,-1.3994038292430655,52.46791771744488,-1.507620014768127,LOCK
817.92,52.468090929204436,-1.5076582273305699,52.48625306454368,-1.3993123217507886,52.46786358946671,-1.507691521174649,LOCK
819.2,52.467967538613124,-1.5075738907669523,52.486355297307156,-1.3992091512644358,52.46775377640353,-1.5076728645310953,LOCK
820.48,52.46784300757742,-1.5076562747082323,52.486455576853665,-1.399080990043165,52.46763822336057,-1.5076656155069406,LOCK
821.76,52.46773681586946,-1.50751585312085,52.48657740991662,-1.3989880849429661,52.467524387381765,-1.5075640332344742,LOCK
823.04,52.46759181891036,-1.5074456677059698,52.48670019116076,-1.3988963321369665,52.46739431165509,-1.5074891636485508,LOCK
824.32,52.46744650159498,-1.5073411455266965,52.48682275580326,-1.3987958215281964,52.46726894005825,-1.507428383638145,LOCK
825.6,52.46734496167615,-1.507350626023193,52.48694514346318,-1.3987347415262004,52.46719554314189,-1.5074137790051603,LOCK
826.88,52.46729648676722,-1.5073517573034239,52.48707296745401,-1.3987068737997759,52.46714876132943,-1.5073519090047227,LOCK
828.16,52.4672634685582,-1.5072814639482803,52.48720701880754,-1.3987064037536505,52.467108617287785,-1.5073020270455009,LOCK
829.44,52.467230888496196,-1.507281382904496,52.48734509774352,-1.3987051992614483,52.46708877531467,-1.507296144290491,LOCK
830.72,52.4671893588582,-1.5072794607970421,52.487489530587524,-1.398711127111286,52.4670532593849,-1.50729604122115,LOCK
832.0,52.467109470826905,-1.5072848306437385,52.487651799673785,-1.398723207588159,52.46698536100371,-1.5073159995132865,LOCK
833.28,52.46701605151023,-1.507329627202602,52.48780321108482,-1.3988086677692206,52.466910277395975,-1.5073656707354943,LOCK
834.56,52.46692789617355,-1.5074055966241782,52.487928564520864,-1.398955113165586,52.4668403290245,-1.5074518476752017,LOCK
835.84,52.46686789111169,-1.5075265135071072,52.48802025521276,-1.399138426198638,52.4667570219132,-1.507490305179146,LOCK
837.12,52.46679801634065,-1.5074375039079264,52.48808272536434,-1.3993439357985553,52.46667776928821,-1.5074204324546006,LOCK
838.4,52.46671461985107,-1.5073596053908336,52.48813285884589,-1.3995537134485676,52.46659380191742,-1.5073725155293907,LOCK
839.68,52.46661274995221,-1.5073319744687408,52.48814524421744,-1.3997847850081244,52.46649549780899,-1.507374909946825,LOCK
840.96,52.46647906899159,-1.5073886747580205,52.48816001703839,-1.4000204170945032,52.46637593831615,-1.5074227012942185,LOCK
842.24,52.46634907624318,-1.5074346934302019,52.48817730304185,-1.4002488337496124,52.466261072082055,-1.507458526133907,LOCK
843.52,52.466230009501714,-1.5074607485304221,52.488206497647525,-1.4004730393837883,52.46614787609459,-1.5074649587975073,LOCK
844.8,52.46610841476659,-1.5074316873867488,52.48825881174756,-1.4006932290330814,52.46601984001194,-1.5073175803059482,LOCK
846.08,52.466161076733876,-1.5072195570540823,52.488313997345585,-1.4009163693884785,52.46598971526199,-1.507054768118464,LOCK
847.36,52.46616152049492,-1.5070448929004114,52.488342959563155,-1.4011395906410402,52.46596964897335,-1.506869125631735,LOCK
848.64,52.46615001832349,-1.5068699201516451,52.488363292649574,-1.4013823346427645,52.4659402815762,-1.506701957992267,LOCK
849.92,52.46611021171217,-1.5066806992185384,52.48835458917334,-1.401633927427865,52.465886122429424,-1.506539747824759,LOCK
851.2,52.466040560566924,-1.5064922647701238,52.48834688702509,-1.4018619150611342,52.46583872417912,-1.506327979885055,LOCK
852.48,52.4660589721787,-1.506376016739262,52.488379871087375,-1.402097847677379,52.465820113225185,-1.5062155479712849,LOCK
853.76,52.465940760326454,-1.5062726520525878,52.488406860009086,-1.4023483819306561,52.46572200687544,-1.5061577617526511,LOCK
855.04,52.46583061876752,-1.5061852111783076,52.48846401797251,-1.4026012635027179,52.46561741714814,-1.5062031622518826,LOCK
856.32,52.46577116148304,-1.5063882054158229,52.48851966204545,-1.4028550503752009,52.465552717685306,-1.5064053184758017,LOCK
857.6,52.465706869177936,-1.506591579056885,52.48857563516835,-1.403109168838461,52.46549735462516,-1.5066116154439346,LOCK
858.88,52.465647661269045,-1.5067956097969617,52.48862743125273,-1.4033627970786973,52.46535737611925,-1.5066506413394438,LOCK
860.16,52.46566848972108,-1.5065494157895984,52.48865918704194,-1.4036135117730046,52.465296960442416,-1.5064028656038586,LOCK
861.44,52.46563003855633,-1.5063005546878865,52.48868954703755,-1.4038601948471057,52.46524515057059,-1.506173822935396,LOCK
862.72,52.4655950505443,-1.5060988315927883,52.488704471458384,-1.4041040053170248,52.46520389167982,-1.506001772391293,LOCK
864.0,52.465502149799306,-1.5059468896781985,52.48871995770756,-1.404354620256397,52.465137353612704,-1.505866780744938,LOCK
865.28,52.46540940849658,-1.5057872452934042,52.48873482820144,-1.4046017968916493,52.46507005841981,-1.5057258373166236,LOCK
866.56,52.465337978160285,-1.5056657623653098,52.48875170623565,-1.404834782280848,52.46502114418792,-1.5055965872361234,LOCK
867.84,52.46527510962674,-1.505524288831119,52.48878111210197,-1.405067718781188,52.46496835327746,-1.505428044318751,LOCK
869.12,52.465243058818785,-1.5052829747670593,52.488805889958996,-1.4052944968743208,52.46491472676997,-1.5051974331821234,LOCK
870.4,52.46519448275132,-1.505081948396388,52.48881887797939,-1.4055192805658911,52.46487011590042,-1.5049871666996997,LOCK
871.68,52.46515961487901,-1.5048815472368349,52.48882886830929,-1.4057436322014887,52.46482664245565,-1.5048000486386863,LOCK
872.96,52.46508505693324,-1.50471279239785,52.48884639891389,-1.4059579587116082,52.464743063086885,-1.5047375491443116,LOCK
874.24,52.46497821502002,-1.50481342987965,52.48888786525792,-1.4061504492732653,52.464664877816745,-1.504824348771739,LOCK
875.52,52.46486560823067,-1.5049109883402316,52.48892577695381,-1.4063370625405571,52.464586896697114,-1.504900161613317,LOCK
876.8,52.46478170649812,-1.5049565330634447,52.48896323682394,-1.4065173136236107,52.464511692275195,-1.5048772823019325,LOCK
878.08,52.46471638928523,-1.5048144376351344,52.48899186735667,-1.4067169554389372,52.46443602239709,-1.5047267364134544,LOCK
879.36,52.464670896512764,-1.5045965199085232,52.488991445550866,-1.4068995314403328,52.464364878843426,-1.5045389719297957,LOCK
880.64,52.46458405602132,-1.5044193783776412,52.48899043560074,-1.4070868251793776,52.46428606782771,-1.504382694852997,LOCK
881.92,52.464484350166295,-1.5042494338519512,52.48897846042286,-1.4072778061018363,52.464190675827126,-1.504252446965757,LOCK
883.2,52.464347880428406,-1.5041475988642474,52.48896466110046,-1.407473389727672,52.46408187924564,-1.5041590012072337,LOCK
884.48,52.4642277295586,-1.5040570886793336,52.48895529721418,-1.4076519842842283,52.46398497623587,-1.504043317153707,LOCK
885.76,52.46414138976426,-1.5039132474977834,52.48896311556511,-1.40783134372426,52.463900977956996,-1.503887119779804,LOCK
887.04,52.46406571739784,-1.5037403271614076,52.48897224709903,-1.4080156927031013,52.46382178453846,-1.503723997478235,LOCK
888.32,52.46398020472124,-1.5035861262491605,52.48897942260015,-1.4081927992743175,52.46374563384037,-1.5035500315260129,LOCK
889.6,52.46392909052115,-1.5033905865638502,52.48896256534455,-1.4083669735781905,52.46367443296388,-1.5033657061016086,LOCK
890.88,52.46382786193182,-1.5032083261343892,52.48895879074432,-1.4085619153945863,52.463574691380394,-1.5031817187727152,LOCK
892.16,52.46372562904337,-1.5029643847229188,52.48895508076647,-1.4087552196237045,52.46346538924365,-1.5029592831483898,LOCK
893.44,52.46361833816476,-1.5027397630526205,52.48895105034155,-1.4089364817153716,52.46336313747117,-1.5027407411848754,LOCK
894.72,52.463538225755855,-1.5025629897241393,52.48894647447323,-1.4091010010994451,52.463306666230594,-1.502434510188724,LOCK
896.0,52.463655862626574,-1.5024107345778162,52.48894263140929,-1.4092611159736717,52.46336930077101,-1.5020965376649857,LOCK
897.28,52.463771299836964,-1.5022649240246748,52.48894085372671,-1.4094255277481893,52.463459705467955,-1.50181238272887,LOCK
898.56,52.46389579388732,-1.5021205197357408,52.48894174589898,-1.4096023621094602,52.46356674202089,-1.5015493552267338,LOCK
899.84,52.46401086778883,-1.5019870948266338,52.48894082704362,-1.4097714639150605,52.46367879290014,-1.5013299706219532,LOCK
901.12,52.46410225017744,-1.501872892329672,52.488940177608576,-1.4099215072650548,52.46378597311595,-1.5011604483927012,LOCK
902.4,52.464179806774865,-1.5017823546627753,52.488940191760804,-1.4100738482609527,52.463880597113004,-1.501024121959982,LOCK
903.68,52.464252433355554,-1.5016896797452728,52.488938761478536,-1.41021651451296,52.463964568878794,-1.5009128313171523,LOCK
904.96,52.4642978965902,-1.5016248969387958,52.48892827522216,-1.4103549473222967,52.464030035072994,-1.5008633079779476,LOCK
906.24,52.4643266137035,-1.5015541086704995,52.488920488947315,-1.4104920799018235,52.4640511342732,-1.500849013605845,LOCK
907.52,52.46431091841374,-1.5015100143703841,52.488895219928054,-1.4106097296227174,52.46405422686295,-1.500890311660131,LOCK
908.8,52.46429199344496,-1.5014902536667472,52.488869809980784,-1.4107244985974647,52.464032544987916,-1.500967904647121,LOCK
910.08,52.464254218837645,-1.501644491925638,52.48884354402966,-1.4108440556945059,52.46395885057151,-1.501107814937716,LOCK
911.36,52.46419014372252,-1.5013824377684015,52.48881904007213,-1.410956316215935,52.46384371888239,-1.5011111618846318,LOCK
912.64,52.464133857651106,-1.50164778515949,52.488797543609365,-1.4110582808768906,52.46379683382407,-1.5014052753033351,LOCK
913.92,52.46408763579192,-1.5018859955356818,52.48878031175521,-1.4111450306532374,52.46376962095812,-1.501689004671573,LOCK
915.2,52.464040163856346,-1.5020940589894618,52.48876673040586,-1.4112244589647691,52.463745833151684,-1.5019304181902589,LOCK
916.48,52.46397263487791,-1.5022620075579776,52.48876117444818,-1.4113032319109509,52.463694031454644,-1.5021241652302844,LOCK
917.76,52.46383706314834,-1.5024247665041761,52.48875536633627,-1.4113831623345494,52.46360146256319,-1.5023195166843861,LOCK
919.04,52.46374489025241,-1.5025642276931408,52.48875135650685,-1.4114490773188513,52.463551113015015,-1.5024852691002626,LOCK
920.32,52.463711397852926,-1.5026347336547807,52.48873662213568,-1.4114994392155822,52.46349607793954,-1.5024788399503595,LOCK
921.6,52.463702057145525,-1.50253023312448,52.488716276580256,-1.4115480601440398,52.463461683722514,-1.502367418498813,LOCK
922.88,52.46368085112723,-1.5024220653776457,52.48869465719886,-1.4115918903854134,52.46343924216809,-1.5022745844172316,LOCK
924.16,52.46364884346483,-1.5023006671857355,52.48866879718777,-1.4116453170773857,52.463408584715815,-1.5021676968641158,LOCK
925.44,52.46361601881773,-1.502153873729784,52.488640670389664,-1.4117043265224967,52.46337432612788,-1.5020365042868657,LOCK
926.72,52.46358818213484,-1.5019932912991687,52.48861311974919,-1.4117631993978947,52.463322046236506,-1.501933067090934,LOCK
928.0,52.46346411125845,-1.501932040803933,52.488583030043294,-1.4118269022078436,52.4632250717531,-1.501898440240354,LOCK
929.28,52.46333784444758,-1.5018751211774,52.48855358089885,-1.4118880062208383,52.4631350541278,-1.5018799329449446,LOCK
930.56,52.46328282506275,-1.5018808401021762,52.488527854603234,-1.411945954544634,52.46309256301503,-1.501919950503373,LOCK
931.84,52.463209784030504,-1.5019958480043958,52.488501698812726,-1.4120038578718088,52.46301321903725,-1.5019505972508698,LOCK
933.12,52.463117005510604,-1.5018591804956047,52.488471747248155,-1.4120673824933536,52.462898635617044,-1.5018212419654697,LOCK
934.4,52.462991604379134,-1.5016003494827623,52.488443057584554,-1.412127611604465,52.462746449103555,-1.5015945720570647,LOCK
935.68,52.46286788756012,-1.501316397637841,52.48841864154937,-1.412180681388132,52.46261563274823,-1.501340081747362,LOCK
936.96,52.462758625433494,-1.5010619975336392,52.48840192273991,-1.412217986290354,52.46245082964087,-1.5013071060596694,LOCK
938.24,52.46275154688421,-1.5013843992163334,52.488385602309705,-1.412253932281334,52.46240638731961,-1.5015973981247288,LOCK
939.52,52.46272782263449,-1.501652362663802,52.48837904346072,-1.4122694571917869,52.46239252328808,-1.5018466598451048,LOCK
940.8,52.46270575342826,-1.5018757901465556,52.488374436551354,-1.4122807190548805,52.46238372144584,-1.5020594329263146,LOCK
942.08,52.46266244004779,-1.502085787387563,52.48837060953805,-1.4122901097838216,52.462369772247875,-1.5022672152258216,LOCK
943.36,52.46264282942267,-1.5022886649690728,52.488367866606914,-1.4122963713895624,52.46239011155527,-1.5025291496245436,LOCK
944.64,52.46278616416638,-1.502530475059753,52.488366100729685,-1.4123009454683602,52.46248675511572,-1.5028776186304762,LOCK
945.92,52.46289502184658,-1.5028029883222864,52.488366100729685,-1.4123009454683602,52.462569180948684,-1.5031731613628991,LOCK
947.2,52.462927303179086,-1.5030247298194233,52.48836494529827,-1.4123051306188024,52.46262378930084,-1.5033881410725345,LOCK
948.48,52.46295593913975,-1.503253283728062,52.488363767820694,-1.4123094154941496,52.46266210544585,-1.5036071509248115,LOCK
949.76,52.46297667850967,-1.5035225065245421,52.48835700764426,-1.4123341194068664,52.462689705910115,-1.5038805794373138,LOCK
951.04,52.46302347684238,-1.5038249749771102,52.48834987850021,-1.4123604069060032,52.462599658533364,-1.5040978629397737,LOCK
952.32,52.46281044255644,-1.5036553812970481,52.48834185068439,-1.4123890293890924,52.46239712727947,-1.5039481629032356,LOCK
953.6,52.462591855550514,-1.503490630901306,52.48833460105364,-1.412414090253015,52.462206825850465,-1.5037642879897388,LOCK
954.88,52.46238229572431,-1.5033748795036852,52.48832608877667,-1.4124423242256223,52.46202536586774,-1.5036123856524006,LOCK
956.16,52.462163450619606,-1.5033121784385166,52.48831560457513,-1.412475836186829,52.461837675292074,-1.5034920907233091,LOCK
957.44,52.46194760681454,-1.503218242581383,52.48830319313937,-1.4125150459639781,52.461647783070084,-1.5033781779070012,LOCK
958.72,52.46174469183692,-1.5031488742218562,52.488293312062474,-1.4125458143864333,52.461462354826004,-1.5032851150812891,LOCK
960.0,52.46151576556636,-1.5030802780351824,52.488280145580504,-1.4125892984793937,52.46129389630673,-1.5033815397459107,LOCK
961.28,52.46151911629697,-1.5032433975646595,52.48827475981735,-1.412609542339262,52.461225595656394,-1.5034370730311606,LOCK
962.56,52.4613053526625,-1.5030859614810046,52.4882683015137,-1.4126332093888934,52.46101093380962,-1.503271453044994,LOCK
963.84,52.46109521696201,-1.5029088422475188,52.488259873900795,-1.4126630269385618,52.46080215507467,-1.5030979117620393,LOCK
965.12,52.46086130597531,-1.5028203342906712,52.488251015698275,-1.4126947031905484,52.460598065176555,-1.5030739536048427,LOCK
966.4,52.46069834384124,-1.5030293495717135,52.48824253304506,-1.4127267337535796,52.4605017824542,-1.5033560654886036,LOCK
967.68,52.46078229407878,-1.5031789954396615,52.48823175896767,-1.4127713660286412,52.4604678898468,-1.5034379709684689,LOCK
968.96,52.460713443109846,-1.5031221854464116,52.488221225175415,-1.4128101093520185,52.46038934481662,-1.5033457686311607,LOCK
970.24,52.46062851192846,-1.5030928197016684,52.48821029081195,-1.412845123357223,52.46032148456554,-1.5032874048723572,LOCK
971.52,52.460543093781325,-1.5030704353009527,52.488198809779256,-1.412877287379258,52.46026217182699,-1.5032420664427244,LOCK
972.8,52.46045517626015,-1.5030586515409579,52.488187595778925,-1.4129046223161388,52.460188321021384,-1.5032608418035733,LOCK
974.08,52.46035842723851,-1.5032742997319193,52.488176978300274,-1.4129307623076937,52.460113890218224,-1.5034827184821085,LOCK
975.36,52.46039144034756,-1.5035370804035288,52.488163231357724,-1.4129561284984324,52.46015392254251,-1.503785944694147,LOCK
976.64,52.46053970148529,-1.5036904626785421,52.48815376149247,-1.4129718610667859,52.46016769285838,-1.5040048106879262,LOCK
977.92,52.46041131457644,-1.5037246630590546,52.48815091483394,-1.412975402192432,52.46010422359102,-1.5040693268713177,LOCK
979.2,52.46037501765673,-1.5039315409247354,52.48813802521895,-1.4129884915924797,52.460115959924615,-1.5043295037892508,LOCK
980.48,52.46053475105816,-1.5040623178892267,52.48811729427477,-1.4130051768631204,52.46026398056196,-1.5046202784958487,LOCK
981.76,52.46070950871948,-1.504173579355614,52.48809317290992,-1.413024394083752,52.46040949510543,-1.5048549983700326,LOCK
983.04,52.460790712970706,-1.504426828422724,52.48807143165999,-1.413038094772693,52.46045269195554,-1.505059597054102,LOCK
984.32,52.46075139839944,-1.5046615627900928,52.48805900026685,-1.4130456333129298,52.46045421497624,-1.505225094941786,LOCK
985.6,52.46075584225194,-1.5048692468746188,52.488036353663986,-1.41305598727617,52.46047311243421,-1.505414906430007,LOCK
986.88,52.46078751960876,-1.5051065397404741,52.48800697237523,-1.4130677916915366,52.46048195336769,-1.505621380195529,LOCK
988.16,52.46076688068339,-1.505378736672536,52.487982924764,-1.4130771993674074,52.4604642981936,-1.5058405562421298,LOCK
989.44,52.46075526716659,-1.5056319329464014,52.48796291873945,-1.4130841931204827,52.46046296463715,-1.5060549318322691,LOCK
990.72,52.4607604387749,-1.5058275024960175,52.487950013140946,-1.4130882426836893,52.460479643064794,-1.5062279294860623,LOCK
992.0,52.46076559484844,-1.505990724072764,52.48794223745277,-1.4130906756365886,52.4604746120893,-1.5063482790479157,LOCK
993.28,52.46072113137177,-1.5060931615835937,52.48794223745277,-1.4130906756365886,52.46044614070956,-1.5063945154809477,LOCK
994.56,52.460674438562435,-1.5061415751483578,52.48794223745277,-1.4130906756365886,52.460402601773765,-1.5063772992066864,LOCK
995.84,52.46059837539272,-1.5060871876170863,52.48793439199971,-1.4130922250186642,52.46035478725878,-1.5063987004642703,LOCK
997.12,52.4606063918815,-1.506187510432736,52.48793439199971,-1.4130922250186642,52.460370355342555,-1.5064985303951375,LOCK
998.4,52.460620791511836,-1.5062632092740769,52.48793099459873,-1.4130925546575344,52.46039879786065,-1.5065710151058505,LOCK
999.68,52.46063893147696,-1.5063386013959263,52.487928118433274,-1.4130926111499553,52.46042994745817,-1.50663749300733,LOCK
1000.96,52.46065399612581,-1.5064065841014098,52.48792654219957,-1.4130929246378574,52.46039795724871,-1.5066638881780814,LOCK
1002.24,52.46064763373296,-1.5062310034771265,52.48792654219957,-1.4130929246378574,52.46035466998222,-1.5064839072504403,LOCK
1003.52,52.46062498684803,-1.5061139126536394,52.48792654219957,-1.4130929246378574,52.46033220994602,-1.5063597403848294,LOCK
1004.8,52.460545651804466,-1.5060311210720772,52.48792654219957,-1.4130929246378574,52.46028529367685,-1.5062623785164655,LOCK
1006.08,52.46050690700774,-1.505992228817777,52.48792654219957,-1.4130929246378574,52.46027498114782,-1.5061795829936175,LOCK
1007.36,52.46048558152931,-1.5059613778342862,52.48792654219957,-1.4130929246378574,52.46025528418429,-1.5061585316087374,LOCK
1008.64,52.46042983531765,-1.5060856236173854,52.487914504107934,-1.4131015055138128,52.46019799841604,-1.5062196706509585,LOCK
1009.92,52.460300956262735,-1.5060943445112207,52.48790243890418,-1.413112767409253,52.46009189531103,-1.5062088428720966,LOCK
1011.2,52.4601830909824,-1.5060684591110642,52.48789758877556,-1.4131173900112182,52.45999315627578,-1.506146084638696,LOCK
1012.48,52.46007906199878,-1.5059598010169732,52.487896107293665,-1.4131183486283605,52.45990389571179,-1.5060912125947858,LOCK
1013.76,52.46001936204847,-1.5059865560640633,52.487896107293665,-1.4131183486283605,52.459855496892494,-1.5061429323372215,LOCK
1015.04,52.459967938419034,-1.5061336141152828,52.48788986016264,-1.4131228998811762,52.45980158308607,-1.5062720364833981,LOCK
1016.32,52.45990570281314,-1.5063027824478465,52.48787627394361,-1.4131312158381435,52.45974342229799,-1.5064258654090767,LOCK
1017.6,52.459848836235494,-1.506492840830938,52.48786011229234,-1.4131404799018197,52.459695321043384,-1.5066127501375244,LOCK
1018.88,52.459823134340795,-1.5066908871842142,52.487839714647045,-1.4131558780887639,52.45967543604772,-1.5068135094013095,LOCK
1020.16,52.45981882681345,-1.50685403396643,52.487826926154995,-1.4131629121943845,52.45967791164462,-1.5069820286152844,LOCK
1021.44,52.459819973328955,-1.5069705652827248,52.487826509659776,-1.413163205960976,52.45966534733966,-1.5070951597355091,LOCK
1022.72,52.45976648790473,-1.5070801101633797,52.48781742488563,-1.4131682197013207,52.459591639775205,-1.507109704841948,LOCK
1024.0,52.459743079975944,-1.5070366806483666,52.48780487207117,-1.4131762037081994,52.459569839371035,-1.5071236998667321,LOCK
1025.28,52.45973309729093,-1.5072127662755668,52.48779539839879,-1.4131849034894606,52.45953696328201,-1.5072752622069825,LOCK
1026.56,52.45966085862627,-1.507337130634457,52.48778686975591,-1.4131980207431698,52.45949808167752,-1.5074218779579711,LOCK
1027.84,52.45965777039845,-1.5075208409401861,52.48777446062833,-1.4132172362102828,52.45948910145735,-1.5076185460671228,LOCK
1029.12,52.45965407563585,-1.5077055041326124,52.48776402403262,-1.413233726997885,52.45948696685035,-1.507809549512747,LOCK
1030.4,52.45965390647594,-1.507857265455551,52.48775721781236,-1.413242145868803,52.45943873403729,-1.5079034381857657,LOCK
1031.68,52.45957197417403,-1.5078219506516006,52.487755169306006,-1.413244567980863,52.459367904435084,-1.5078789707564382,LOCK
1032.96,52.45948995904,-1.5078069755024295,52.48775255825239,-1.413246862662817,52.45930535934595,-1.5078978869005988,LOCK
1034.24,52.459411054293575,-1.5078943478180415,52.48773856516032,-1.413257933651319,52.45924083717503,-1.5079971682510451,LOCK
1035.52,52.45934285244498,-1.508068439819437,52.48772887094848,-1.4132666342538716,52.45915904659274,-1.5081150946882989,LOCK
1036.8,52.45920809527043,-1.508122018623257,52.48771536939347,-1.4132794569664489,52.45905065120063,-1.508162946275012,LOCK
1038.08,52.45911185808249,-1.5081582423887137,52.48770286645262,-1.4132913638138873,52.45897098076471,-1.508195464199862,LOCK
1039.36,52.45902083100824,-1.5081919272430526,52.48768809601278,-1.4133054368430935,52.45888545197373,-1.5081872463111121,LOCK
1040.64,52.458910345491454,-1.5080971341304057,52.4876772782451,-1.4133177102652827,52.45877689565503,-1.5082248208151483,LOCK
1041.92,52.458878213986196,-1.508292458478092,52.48766585750838,-1.4133343957168523,52.45870516411381,-1.508337914620637,LOCK
1043.2,52.458797830856504,-1.50829245531223,52.48765500349619,-1.413353239151789,52.45863441808458,-1.5083156686254577,LOCK
1044.48,52.458721274941944,-1.5082484889226562,52.48764883630752,-1.413367119521136,52.458562440266476,-1.5082560226795318,LOCK
1045.76,52.45862423254006,-1.508120950434574,52.48763993887101,-1.4133923739570031,52.4584526182356,-1.5083360210324868,LOCK
1047.04,52.45867788943377,-1.5081977330568612,52.487631164406444,-1.4134135083071548,52.45849225195122,-1.5084894441553627,LOCK
1048.32,52.45874171950007,-1.5082533792410782,52.487613384310386,-1.4134531321276622,52.45852457377116,-1.5085756667791248,LOCK
1049.6,52.458694789924,-1.5083750250196206,52.487595786806516,-1.4134825887017857,52.45847453557887,-1.50863664551079,LOCK
1050.88,52.4585737650345,-1.5084473554040085,52.48757176487531,-1.4135163357480596,52.45836205505754,-1.5086709215154248,LOCK
1052.16,52.458401283662546,-1.5085018087713078,52.48755338886245,-1.4135420746297371,52.45822675322307,-1.5087508883090726,LOCK
1053.44,52.458292205816896,-1.508751420932306,52.48753768143738,-1.4135629536845615,52.458118210004706,-1.5089468582251884,LOCK
1054.72,52.45818349757845,-1.5090231780462724,52.48751853707974,-1.4135874191620856,52.45801011847309,-1.509191754075402,LOCK
1056.0,52.458100521720986,-1.5093334924107895,52.48749133336726,-1.4136161717692433,52.457916704715565,-1.5094759631121344,LOCK
1057.28,52.45802085675878,-1.509660866543009,52.487467374303485,-1.413641744316667,52.45781939612356,-1.5097592382349434,LOCK
1058.56,52.457897186335614,-1.509923265212299,52.487448559085806,-1.4136711024242958,52.45766951444706,-1.509970846710218,LOCK
1059.84,52.457635261630735,-1.5100810211668645,52.48743068993412,-1.413699160287348,52.45743116565273,-1.5101271061243664,LOCK
1061.12,52.45736810821479,-1.5102161545157777,52.48741253051125,-1.4137277038285978,52.45719588741465,-1.5102618773728307,LOCK
1062.4,52.45709449667136,-1.5103586176492316,52.48739237287858,-1.4137592512211814,52.45694079554575,-1.5104037217358885,LOCK
1063.68,52.4568309666949,-1.5104699233640886,52.487373311693624,-1.413793092185146,52.45669573559623,-1.510498400075862,LOCK
1064.96,52.45661503070206,-1.5104817228107927,52.48735987348962,-1.4138234594827037,52.456491035945035,-1.5105898011347652,LOCK
1066.24,52.45641073568451,-1.5107047256514925,52.48734769157627,-1.4138512521807716,52.45629765230477,-1.5108004600032399,LOCK
1067.52,52.456228148368034,-1.5109248942085376,52.48733808646387,-1.4138775803869341,52.45612171600811,-1.5110102514020123,LOCK
1068.8,52.45604870354768,-1.5111533197096387,52.48732595536511,-1.4139031412070597,52.45595508367544,-1.5112379781014338,LOCK
1070.08,52.45589237586652,-1.5114322966740124,52.487313488071145,-1.4139293688421368,52.455797197237196,-1.5114927907189422,LOCK
1071.36,52.45573285133425,-1.511710310115374,52.48730079375755,-1.4139563117571055,52.45564175956503,-1.5117556958279854,LOCK
1072.64,52.45558042712897,-1.511973303069599,52.48728577378407,-1.4139882644266966,52.45549084831373,-1.512007619796073,LOCK
1073.92,52.455420141767625,-1.512237052174073,52.48726957442421,-1.4140230940771032,52.45533446978172,-1.512260574763459,LOCK
1075.2,52.455258468759105,-1.5124861767840454,52.48725202731335,-1.4140612725933002,52.45517878323646,-1.5125037507897332,LOCK
1076.48,52.45509857641303,-1.5127249767339364,52.4872368257209,-1.4140980553793732,52.45501898695347,-1.5127223460309895,LOCK
1077.76,52.45492117860943,-1.5128991763788062,52.48721873276914,-1.414127135221722,52.454860956043056,-1.512937048264573,LOCK
1079.04,52.45478963920188,-1.5131855287768408,52.48719543775414,-1.4141630236008782,52.45471548942899,-1.513206518875084,LOCK
1080.32,52.454627403259295,-1.513464042587997,52.4871726036188,-1.4142003047740281,52.454528323010955,-1.5134365122567868,LOCK
1081.6,52.45437642602919,-1.5135956050362434,52.48715027096225,-1.414237674353755,52.45429430721945,-1.5135872748312766,LOCK
1082.88,52.454129615792276,-1.5137272115032046,52.48712889494244,-1.4142730211302341,52.45405918156789,-1.513727611646508,LOCK
1084.16,52.45387072695937,-1.5138568081741788,52.48710588907375,-1.4143103343586307,52.45380847456025,-1.5138675464502065,LOCK
1085.44,52.453612634871384,-1.5139754076730294,52.487082329931205,-1.4143497617085299,52.453564166483915,-1.5140098565577114,LOCK
1086.72,52.453382414110266,-1.514124774223248,52.48705135622977,-1.4143994710513543,52.453338196365465,-1.5141659160241348,LOCK
1088.0,52.45314821700364,-1.5142891343224187,52.487018579782074,-1.4144506775969,52.453109175547645,-1.5143372494117524,LOCK
1089.28,52.4529216270746,-1.5144769284422268,52.486983793005116,-1.414500917129017,52.45289287447834,-1.514538271464559,LOCK
1090.56,52.45272115980905,-1.5147278834953595,52.486948937107634,-1.4145494701258603,52.452692597109724,-1.514774680190679,LOCK
1091.84,52.45252581559166,-1.5149787883888277,52.48691463283376,-1.4145974375874497,52.452499126433835,-1.5150085724720017,LOCK
1093.12,52.452341343198526,-1.5152042421490561,52.4868831284459,-1.4146424520199699,52.45231208438736,-1.5152055624158856,LOCK
1094.4,52.45215597814883,-1.5153352173538004,52.48686184622442,-1.4146763035335834,52.452092569173594,-1.5152690913975497,LOCK
1095.68,52.45194002186628,-1.5151412166416798,52.48684191907005,-1.4147080040978826,52.451840434139804,-1.5151373833581205,LOCK
1096.96,52.451737972617074,-1.5149373629781586,52.48681875229043,-1.4147451503284458,52.45161208713896,-1.5149815327392693,LOCK
1098.24,52.45152899752332,-1.5147694431676242,52.4867914563734,-1.4147887282162102,52.45139348606453,-1.5148300221955229,LOCK
1099.52,52.45132491401304,-1.5146021078671166,52.48676496477409,-1.4148309541170465,52.45119516865688,-1.514667461753781,LOCK
1100.8,52.45118869120512,-1.5144738648535685,52.48674260633894,-1.414870980959079,52.45106307348468,-1.5145279787376043,LOCK
1102.08,52.4510972554655,-1.514388066799531,52.4867210857406,-1.4149088366299662,52.45095025098536,-1.5143826990937104,LOCK
1103.36,52.45100871751875,-1.5141560703359584,52.48669843899184,-1.4149483512638616,52.45083437599167,-1.5141628151395121,LOCK
1104.64,52.45093562467206,-1.5139676050492497,52.48668258013645,-1.414977978653592,52.45075730189368,-1.513907152909443,LOCK
1105.92,52.45096834147234,-1.5137425355691128,52.48666435755093,-1.4150152399514462,52.45073872538183,-1.513619134176225,LOCK
1107.2,52.45098807103137,-1.5134973663698235,52.4866418242526,-1.4150559919468007,52.450715858338086,-1.5133591841821383,LOCK
1108.48,52.4509591515187,-1.513249258835714,52.486615677393765,-1.4150931096511516,52.45066632945852,-1.5131264899141013,LOCK
1109.76,52.45089565337846,-1.5130115007504796,52.48658880234246,-1.4151281018942805,52.45059974082758,-1.5129071734450166,LOCK
1111.04,52.45082560927562,-1.512788783094074,52.48656324149399,-1.4151606471450398,52.45053150169748,-1.5126997567990024,LOCK
1112.32,52.45075700961434,-1.512598353667708,52.48654470184471,-1.4151822354904149,52.4504685828576,-1.5125354340775183,LOCK
1113.6,52.450679340392746,-1.5124792144892134,52.48652560785103,-1.4152003868055416,52.450401363054844,-1.5124097511613244,LOCK
1114.88,52.45056924618137,-1.5122935646585118,52.48650228619833,-1.4152231554657304,52.450294516360174,-1.5122377925699144,LOCK
1116.16,52.45046168887541,-1.512074490576246,52.4864800279721,-1.415244898001299,52.45016566621631,-1.5121656123761908,LOCK
1117.44,52.45033961963069,-1.5122377063004244,52.486458128612824,-1.4152651700375125,52.450080048750024,-1.5123075677977154,LOCK
1118.72,52.45029307771787,-1.5123303076246621,52.486425684986294,-1.4152810852104092,52.45002074814969,-1.5123150363986044,LOCK
1120.0,52.45020087291266,-1.5121890839014398,52.48640452858139,-1.4152920340641315,52.44992578942539,-1.5121684843300385,LOCK
1121.28,52.4501492569257,-1.5120645329985087,52.48640073119948,-1.415295658800259,52.4498724307056,-1.5120714841952645,LOCK
1122.56,52.450087675545205,-1.5120343985179274,52.48640073119948,-1.415295658800259,52.449831071695996,-1.5120582271548626,LOCK
1123.84,52.45001615258445,-1.5120561593525044,52.48639599748853,-1.4152993825872513,52.44978693213907,-1.5120983904032421,LOCK
1125.12,52.44994441781022,-1.5121482955792451,52.48639599748853,-1.4152993825872513,52.449736940678015,-1.5121883563092748,LOCK
1126.4,52.44988911809821,-1.5122475532168447,52.486392282592334,-1.4153017004273016,52.44967435173445,-1.5122548765975226,LOCK
1127.68,52.44974628731643,-1.512234382601356,52.486390054082264,-1.4153031014003674,52.44955410825118,-1.512257009688635,LOCK
1128.96,52.44961878164318,-1.512216352496588,52.486390054082264,-1.4153031014003674,52.44944980292439,-1.5122384722280873,LOCK
1130.24,52.449505270414406,-1.5121794042149,52.486390054082264,-1.4153031014003674,52.449360980328976,-1.5122314424295937,LOCK
1131.52,52.44944270515378,-1.5122041411197333,52.486390054082264,-1.4153031014003674,52.44931117451605,-1.5122169815857687,LOCK
1132.8,52.44939425042234,-1.5121745825073292,52.486370970958035,-1.4153224544593273,52.4492572577528,-1.512166986620547,LOCK
1134.08,52.44931406689258,-1.512081008079863,52.48633902464544,-1.4153555089758163,52.449173803498134,-1.5120816041185088,LOCK
1135.36,52.449221894932776,-1.5119630079760502,52.4863096458804,-1.4153865387437055,52.44908415082843,-1.5119585585309834,LOCK
1136.64,52.449160666110544,-1.5118193801952948,52.486286791253306,-1.4154264020388874,52.4490164385321,-1.511783037193572,LOCK
1137.92,52.449151542859745,-1.5116166388697179,52.48626219099708,-1.415467799137661,52.44897340402863,-1.5115592219519733,LOCK
1139.2,52.44913587288711,-1.511413962920434,52.48623685588021,-1.4155095024963804,52.44893932157549,-1.5113340019993937,LOCK
1140.48,52.44913117290348,-1.5112159887301153,52.48620972974462,-1.4155563323572204,52.44893417591799,-1.5110749756846376,LOCK
1141.76,52.449192531832985,-1.511065600594374,52.486187536861316,-1.4155944292765013,52.4489755408441,-1.5108348088946035,LOCK
1143.04,52.44924619064331,-1.5109282521625305,52.48616242029044,-1.4156367306054152,52.44902112328994,-1.510626625827147,LOCK
1144.32,52.44930704134006,-1.5107848390925775,52.48613233963404,-1.4156696148173507,52.44905136914181,-1.5104409494075304,LOCK
1145.6,52.44932176010303,-1.5105799146144898,52.48609384537754,-1.4157067229563711,52.449047611582415,-1.510243727609388,LOCK
1146.88,52.4493359672356,-1.5103590814919987,52.48605715703627,-1.4157425583577214,52.44906721611982,-1.5100038266185096,LOCK
1148.16,52.449383903063556,-1.5102677787042753,52.48602978859082,-1.415767629065407,52.449049407189186,-1.5099503100345637,LOCK
1149.44,52.44930122287387,-1.5103457000890974,52.48601269267493,-1.4157843248628366,52.44898707576872,-1.5101579552327773,LOCK
1150.72,52.44937229151317,-1.5104464190288978,52.48599066992417,-1.4158191855349918,52.449045259932966,-1.510379825484806,LOCK
1152.0,52.44943422061587,-1.510616501965022,52.48596090037699,-1.4158670519347347,52.44911130765679,-1.5106185672254608,LOCK
1153.28,52.44949987764879,-1.5107860143991634,52.485939023931735,-1.4159006343417078,52.44919587078363,-1.5108430245265156,LOCK
1154.56,52.44955177207343,-1.510905358637082,52.48591133535082,-1.415942586115754,52.449281602936566,-1.5110180062929215,LOCK
1155.84,52.449625755903334,-1.5110671516117258,52.485885239496774,-1.4159816537279575,52.44936816069243,-1.5112314450012052,LOCK
1157.12,52.449683229893076,-1.5112032047053265,52.485867897301766,-1.4160134695625666,52.44942835492015,-1.5114038196155635,LOCK
1158.4,52.44969009531046,-1.511359160296432,52.48585358781389,-1.416055611768905,52.44944978256711,-1.511544135130033,LOCK
1159.68,52.44967615639436,-1.5114912784494174,52.485840384526746,-1.4160946177016192,52.4494471898589,-1.5116628020316367,LOCK
1160.96,52.44962517991311,-1.5116518846550882,52.48582306679682,-1.4161307046595104,52.44942874608117,-1.5118304013310413,LOCK
1162.24,52.449642533145806,-1.5118472779914296,52.48579860967377,-1.4161764721494128,52.4494409016344,-1.512033374759488,LOCK
1163.52,52.449652716053656,-1.5120374481222778,52.48577357174446,-1.4162207370544864,52.44942275095162,-1.5121760755968985,LOCK
1164.8,52.4496000536824,-1.5121009072442602,52.48574728294641,-1.416266650927876,52.44939963811127,-1.5122227601089002,LOCK
1166.08,52.449563764585925,-1.5121443657495024,52.485728278293784,-1.4163058798920387,52.44936944212478,-1.5122452014558427,LOCK
1167.36,52.449521061972426,-1.5121533716006097,52.48571204935135,-1.4163598457101598,52.44932533027717,-1.5122482736396528,LOCK
1168.64,52.44937992579975,-1.512156486531927,52.485694856609356,-1.4164190537844665,52.44920157759022,-1.5122488874032314,LOCK
1169.92,52.449232207719504,-1.5121398121514513,52.48567922340843,-1.4164726549555706,52.44909888393638,-1.5123645166600759,LOCK
1171.2,52.44924486570798,-1.5122004208692306,52.485662583359286,-1.41652845310604,52.449110169074785,-1.5124443833589607,LOCK
1172.48,52.44925285669761,-1.5122608130068413,52.48564796152879,-1.416577151842395,52.44908730764024,-1.5124340991680527,LOCK
1173.76,52.44923984382793,-1.5122015428332054,52.48563629050359,-1.4166161565532305,52.44906894046464,-1.5123477337696603,LOCK
1175.04,52.44922711247473,-1.512146299215309,52.485622382483434,-1.4166614961283543,52.44905832872566,-1.512269674332214,LOCK
1176.32,52.449208862794684,-1.5120848508791145,52.485609626247374,-1.4166970384222524,52.449052024708465,-1.5122021616190875,LOCK
1177.6,52.44920874775832,-1.5120844724872968,52.485597241692204,-1.4167315368436133,52.44905108596049,-1.5121575675629673,LOCK
1178.88,52.44915044300766,-1.5119311272716773,52.485580859250874,-1.4167835970542366,52.4489501823856,-1.5121196272796265,LOCK
1180.16,52.44918403774992,-1.5121405729005704,52.48556015310997,-1.4168444127469484,52.4489275657353,-1.5123006601955937,LOCK
1181.44,52.449131756620524,-1.5123472490132397,52.485535865070375,-1.4169141569207433,52.44887729249065,-1.512480016526524,LOCK
1182.72,52.44907985378003,-1.5125546802043486,52.48551006239831,-1.4169895148273697,52.44882790409194,-1.512669983802082,LOCK
1184.0,52.449051603266554,-1.5127555140349416,52.48548304799853,-1.4170662959369376,52.448788113514006,-1.512842004638405,LOCK
1185.28,52.448960786955226,-1.512893625947851,52.48546043592462,-1.417144807779705,52.44868804402581,-1.5128937554406587,LOCK
1186.56,52.44885371091387,-1.5127938400498158,52.48543587257557,-1.4172221489015544,52.44859251820748,-1.5128234216685332,LOCK
1187.84,52.448748664709505,-1.512736112036064,52.48540613600665,-1.4172831708688285,52.44853032683234,-1.5128621627471777,LOCK
1189.12,52.44874444527084,-1.5127441812633284,52.48538202567585,-1.4173521194759722,52.44854607887132,-1.5129266712866676,LOCK
1190.4,52.44874996421858,-1.512782880855672,52.48535849026328,-1.4174260790260527,52.448543918347696,-1.5129699185827759,LOCK
1191.68,52.44865723028194,-1.5128644196806613,52.48532867876468,-1.4175055173398385,52.44845789212246,-1.5129904717023903,LOCK
1192.96,52.44853344396506,-1.5128490484380948,52.4853020299359,-1.4175993468461434,52.448351579315634,-1.5129540552521716,LOCK
1194.24,52.448405789554585,-1.51281614459673,52.48527586578349,-1.4176961579655833,52.44823855355531,-1.5128836826256475,LOCK
1195.52,52.44824912332853,-1.5127457528338728,52.48525211508078,-1.4177861661097209,52.448099954719225,-1.5128104879882232,LOCK
1196.8,52.448116479591555,-1.5126845872107109,52.48523420933228,-1.4178527392994986,52.4479802170141,-1.5128840221251858,LOCK
1198.08,52.44811309033182,-1.512876539873997,52.48521708576838,-1.417936343074526,52.447904143253965,-1.5129498761431,LOCK
1199.36,52.448022716900454,-1.512732310609805,52.48520432499994,-1.418015711517636,52.44780307187709,-1.5127856352027662,LOCK
1200.64,52.44796282602671,-1.5125608707562574,52.485200620390486,-1.4180896787829074,52.44772913853067,-1.5126146154964981,LOCK
1201.92,52.44788272286837,-1.5124195791279855,52.48518720405661,-1.4181627712632023,52.44765405314448,-1.5124682112908463,LOCK
1203.2,52.447797196815685,-1.5122853055254222,52.485181579579354,-1.418218299177404,52.447560256133436,-1.5124883544253263,LOCK
1204.48,52.4478052923907,-1.5123926405236938,52.48517502687142,-1.4182795889027087,52.44755889087743,-1.512635745284465,LOCK
1205.76,52.44786071631516,-1.5125934472390807,52.48516845120893,-1.4183432303581405,52.447581884206144,-1.5128541403235212,LOCK
1207.04,52.4478866930954,-1.51281668052159,52.48516718293767,-1.4184151083196161,52.44759687183218,-1.5130704139803572,LOCK
1208.32,52.44788917335215,-1.51308444102044,52.485164565983425,-1.4184917403309472,52.44759141531833,-1.5133066670856221,LOCK
1209.6,52.44785759455402,-1.5133103628494766,52.485162557491314,-1.4185665722870617,52.447575735642666,-1.5134921101467063,LOCK
1210.88,52.44781756964212,-1.513446762903434,52.48516056795745,-1.4186396543473938,52.447561753661766,-1.5136131798048837,LOCK
1212.16,52.44777105795722,-1.5135811743834076,52.485158950499006,-1.4187035152440566,52.44753624726743,-1.513731665460483,LOCK
1213.44,52.44774276377157,-1.5136582993544592,52.48515735009602,-1.4187525219706743,52.44752516528503,-1.5138255951232662,LOCK
1214.72,52.44770171089929,-1.5138623342206596,52.48515529866222,-1.4188012636600347,52.44750956874022,-1.5139983777862047,LOCK
1216.0,52.447700685087995,-1.5138947749290639,52.48515404333629,-1.4188357009156098,52.44752746262058,-1.5140600244894142,LOCK
1217.28,52.44769211092946,-1.5139936425595233,52.48515131353101,-1.4188819540062394,52.447526042764586,-1.5141674151648097,LOCK
1218.56,52.44770216896432,-1.5141702948031197,52.485147851860425,-1.4189321765590912,52.44748814034274,-1.5142733736018557,LOCK
1219.84,52.44764270880938,-1.514165519928477,52.485139066741056,-1.4189738427745158,52.44745833353266,-1.5143093559081011,LOCK
1221.12,52.44762091287674,-1.5142942391619316,52.48512329023858,-1.419020692786541,52.44744716260958,-1.5144359584759912,LOCK
1222.4,52.447624127056244,-1.5144413968223098,52.48510641949634,-1.419072145325939,52.44746061729751,-1.514597692917263,LOCK
1223.68,52.447659061625906,-1.514567950660546,52.48509042416433,-1.419120891335608,52.44745278226419,-1.5147144883789045,LOCK
1224.96,52.44757690874287,-1.5146350153268429,52.485074958293076,-1.4191707837737255,52.44736062579415,-1.5147030177883805,LOCK
1226.24,52.447530889276585,-1.514497558615537,52.48505975030575,-1.4192108746743164,52.44729695268803,-1.514560598189165,LOCK
1227.52,52.447490271449034,-1.5143628275267873,52.485043086822444,-1.4192545337814217,52.44721621829354,-1.5146341156723149,LOCK
1228.8,52.44759506330809,-1.5143466471495823,52.485026407571866,-1.4192975239022534,52.44721215958746,-1.5146990637321178,LOCK
1230.08,52.447675419758404,-1.514276920884915,52.4850104914276,-1.4193336435775843,52.44725503713032,-1.5144734977270944,LOCK
1231.36,52.44774219354339,-1.5141729129825536,52.48499484795181,-1.4193670664194384,52.44732009371882,-1.514256762042259,LOCK
1232.64,52.44779258268103,-1.5140435450964858,52.48497371073744,-1.4194051005005304,52.447351519576145,-1.514102585143513,LOCK
1233.92,52.447757148903406,-1.5139999924508145,52.48495786242554,-1.4194617566794758,52.447374936521946,-1.5139923702405458,LOCK
1235.2,52.44781002440692,-1.5138353769290949,52.484941337726184,-1.4195232418645851,52.44741702812084,-1.5137532561846248,LOCK
1236.48,52.44786157816547,-1.5136891415181588,52.484929876179635,-1.4195841732367407,52.44737287182785,-1.513637413627285,LOCK
1237.76,52.44778780808269,-1.5139720006243074,52.48491657806749,-1.4196578396679727,52.44730112899155,-1.5138986113786865,LOCK
1239.04,52.44770319034323,-1.514273144955854,52.48490419018889,-1.4197320385514096,52.44723637769295,-1.5141683748103283,LOCK
1240.32,52.44754648419233,-1.5145238166105137,52.484894524138625,-1.419800218254016,52.447070629879995,-1.5143013010252404,LOCK
1241.6,52.44739708429504,-1.5142519156231065,52.48488950123197,-1.4198584245884296,52.446902131026334,-1.5140529665861224,LOCK
1242.88,52.447394058219714,-1.5139156066291575,52.484884463145335,-1.4199163411070486,52.44684317018549,-1.513685456121852,LOCK
1244.16,52.447435040917135,-1.5135993808438757,52.48487664401335,-1.4199766992261698,52.446861084169186,-1.5132780598167088,LOCK
1245.44,52.44755446155384,-1.5133674371148342,52.48487620516468,-1.420039885042874,52.44675756765082,-1.513231888860708,LOCK
1246.72,52.44763929282086,-1.5135217269877477,52.484876007451774,-1.4200662535651312,52.44684981918592,-1.5135059875626997,LOCK
1248.0,52.44767320796649,-1.5136218682256266,52.48487700593299,-1.4201110415564056,52.44696877999282,-1.5136816744330488,LOCK
1249.28,52.44770877847356,-1.513682435714243,52.48487534121425,-1.4201349551032272,52.4470056234633,-1.5137760056332088,LOCK
1250.56,52.447570450175604,-1.5134408339920216,52.48487396843899,-1.4201557891496464,52.44688850057283,-1.5135907341169237,LOCK
1251.84,52.44741562458839,-1.5132061874985487,52.48487182286515,-1.420179900870469,52.446781839953346,-1.513417454101096,LOCK
1253.12,52.44722038989403,-1.5131670156832677,52.484868970616425,-1.4202060171691708,52.44666023523681,-1.5134423751885657,LOCK
1254.4,52.44712113832954,-1.5133901098101983,52.484862932833,-1.420232278778445,52.44660418916012,-1.5136563871507536,LOCK
1255.68,52.44709550955101,-1.513724000530844,52.4848592312319,-1.420254076704553,52.44658199958433,-1.5139520622122251,LOCK
1256.96,52.44703385291924,-1.5140258692212625,52.48485672917948,-1.4202728807013294,52.446554209224466,-1.5142352269098953,LOCK
1258.24,52.44696840094205,-1.5143361201382866,52.48485232279856,-1.4202941267225748,52.44655959821571,-1.5145774952080637,LOCK
1259.52,52.44704713162752,-1.514639076799425,52.48484803512622,-1.420311784278166,52.44666926097849,-1.5149638859081895,LOCK
1260.8,52.44719734247515,-1.5148427183683197,52.484843948990545,-1.420328934691482,52.44653345187972,-1.5151597602990248,LOCK
1262.08,52.44733534078377,-1.5145867488391078,52.484835724950734,-1.4203611883960237,52.446536067590344,-1.514728191019304,LOCK
1263.36,52.447425573005994,-1.5142393453287086,52.48482757835206,-1.4203929421947619,52.446605809702,-1.5142428319819896,LOCK
1264.64,52.44750949051576,-1.5139147617848503,52.484823223288146,-1.4204102816081767,52.44647416221832,-1.5142305877452613,LOCK
1265.92,52.44757574920679,-1.5138695051156705,52.4848094936793,-1.420452189513101,52.44664096510863,-1.5142676937149226,LOCK
1267.2,52.44744179278475,-1.5136968358460474,52.484795290760985,-1.4205012071276237,52.446589886417264,-1.5140423604981363,LOCK
1268.48,52.447325038224754,-1.5134944446236915,52.48478151137847,-1.4205526868864085,52.44654423195787,-1.5137732642695254,LOCK
1269.76,52.44720371265711,-1.5132745750309806,52.4847677129735,-1.4206053315275569,52.44650765695162,-1.51353188128496,LOCK
1271.04,52.4471644215617,-1.5132393364296053,52.48474663127939,-1.4206858335143073,52.44655037691363,-1.5133989505435268,LOCK
1272.32,52.4471309337616,-1.5131934329208367,52.48474207461646,-1.420752781597416,52.44656111966694,-1.5133175977991506,LOCK
1273.6,52.44712344147945,-1.5131891836026283,52.484736504723664,-1.4208248662505507,52.44661313285633,-1.513291907315872,LOCK
1274.88,52.447116394376465,-1.5131889154551275,52.48472498497217,-1.420895379357487,52.44664200768304,-1.5132961292812568,LOCK
1276.16,52.447098123846274,-1.5133230974011322,52.484716339605626,-1.4209549740581215,52.446636903806954,-1.5133665674831294,LOCK
1277.44,52.44705538117223,-1.5133297251138857,52.484704944023036,-1.4210244267717087,52.44664004467878,-1.5133622819709724,LOCK
1278.72,52.44700832962367,-1.5133228450164038,52.48469681148524,-1.421103726435702,52.44663410024745,-1.5133313427364263,LOCK
