timestamp,gps_lat,gps_lng,naive_lat,naive_lng,ai_lat,ai_lng,gps_status
0.0,52.5184417671875,-1.5083977265625,52.5184417671875,-1.5083977265625,52.518442085506734,-1.5083977265625,LOCK
1.28,52.51842753519993,-1.5080788668057634,52.51842477235826,-1.5080121718859503,52.518485685295175,-1.5080542237129946,LOCK
2.56,52.51842934398386,-1.5077410917731486,52.51840184484664,-1.5076240738145836,52.51845444938467,-1.507692673288194,LOCK
3.84,52.518439734092134,-1.5074088508674017,52.51837299205413,-1.507241720029615,52.51842384092115,-1.507331672599699,LOCK
5.12,52.51844721739851,-1.5070970595431026,52.51832138200986,-1.5068717332744095,52.51840810510359,-1.50697969172374,LOCK
6.4,52.51849851285898,-1.5067974468635474,52.51824471710303,-1.5065233366516984,52.518424235813086,-1.506628464237833,LOCK
7.68,52.51854628668598,-1.5065237954030044,52.51817071993486,-1.5061812505928305,52.5184332301464,-1.5063327481521493,LOCK
8.96,52.51853251382172,-1.5062796582367204,52.51812184099948,-1.5058307327467915,52.51842263758993,-1.506080562970425,LOCK
10.24,52.51856144838949,-1.5060297025961051,52.518069454238116,-1.5054943908543088,52.51843116290368,-1.5058087950658623,LOCK
11.52,52.51858424507321,-1.5058018227860193,52.51800504005135,-1.505173283899458,52.518448146870966,-1.5055612254410125,LOCK
12.8,52.51862446891811,-1.5055831884523478,52.517934522788686,-1.504853072166156,52.51847347390071,-1.5053218244848123,LOCK
14.08,52.51864940805545,-1.505366675426125,52.51788028999577,-1.5045256129138462,52.518468741587135,-1.505120806532901,LOCK
15.36,52.518581987964474,-1.5051747996668898,52.51785983080328,-1.5041921381730936,52.518441023297534,-1.5048946253548805,LOCK
16.64,52.51868806826025,-1.5050387869004411,52.51787547807626,-1.5038607371452122,52.518530678116704,-1.5046665203513698,LOCK
17.92,52.518773078250234,-1.5048652785031447,52.51792471893776,-1.5035362039103797,52.518605621796496,-1.5044576373562732,LOCK
19.2,52.51884035184924,-1.5046619309197051,52.51799926025574,-1.5032184598093572,52.518671418200825,-1.5042342614575173,LOCK
20.48,52.51893399283295,-1.5043808769563545,52.51807640448238,-1.5028932439803835,52.51872367330315,-1.5039188334151061,LOCK
21.76,52.51897280340925,-1.5040699264321393,52.5181527288903,-1.5025588524898368,52.518689280485965,-1.5036621645804025,LOCK
23.04,52.518791504813294,-1.5038937154322023,52.518224609159084,-1.502226214193337,52.51853009483761,-1.5035652580422807,LOCK
24.32,52.51863048129818,-1.503687246185163,52.51829038431474,-1.501904220272936,52.5183755096548,-1.5034248529719174,LOCK
25.6,52.51849973047272,-1.5034644382688518,52.51835201315517,-1.50158954313725,52.51824533782352,-1.503252506504112,LOCK
26.88,52.51839167298389,-1.503239236135801,52.51840996899296,-1.5012788473228462,52.5181361233759,-1.5030748753187635,LOCK
28.16,52.51826959766304,-1.5030422200293436,52.51846579394395,-1.5009717099901512,52.518023225071985,-1.502909007782524,LOCK
29.44,52.518153272632794,-1.5028419179977823,52.5185417862402,-1.5006797541432904,52.51790317204391,-1.50278246357435,LOCK
30.72,52.51799004654916,-1.502823631889753,52.51863972861931,-1.5004112495851203,52.51776678650135,-1.5028541218929836,LOCK
32.0,52.51791037847915,-1.5030517092213111,52.518736897486434,-1.50014444272738,52.51769732602584,-1.5030788645701874,LOCK
33.28,52.51783083047364,-1.5032814311971823,52.51883495284567,-1.4998749022141393,52.517631848748415,-1.5033043561663075,LOCK
34.56,52.51773814529177,-1.5035166570059877,52.51893674819546,-1.4995907511587458,52.51755443069363,-1.5035360950939647,LOCK
35.84,52.517627637661995,-1.5037858670973983,52.51903630055146,-1.4993061524636233,52.51746331207629,-1.5038108528479925,LOCK
37.12,52.51753140264266,-1.5040676675572464,52.51914797831487,-1.4990299451188966,52.51732983715905,-1.5040193817959369,LOCK
38.4,52.517336452030406,-1.5039825062342633,52.51926358604746,-1.4987639502051384,52.51714760171318,-1.503984304661277,LOCK
39.68,52.517175772581304,-1.5039434633651296,52.51937879648007,-1.498502436414172,52.51700569402021,-1.5039647064963557,LOCK
40.96,52.51700950455054,-1.5039469721993972,52.519493298693426,-1.4982455055882848,52.516856957869464,-1.5039647964307152,LOCK
42.24,52.51685502887945,-1.503924798161472,52.51960557872985,-1.4979947925298587,52.516717225248065,-1.5039457077165417,LOCK
43.52,52.51673044526207,-1.503903905362342,52.51970767485825,-1.4977631978886559,52.516604786471675,-1.5038398747337005,LOCK
44.8,52.516726903619485,-1.503710605520818,52.51982347162322,-1.4975483167533816,52.516581280187424,-1.503621413501605,LOCK
46.08,52.51672827781619,-1.5035044249291913,52.519939139466224,-1.49732518666901,52.516572338248686,-1.5034008430307855,LOCK
47.36,52.51672355113586,-1.5033002076536168,52.520054777108776,-1.4970969021101153,52.51656193985604,-1.503190254731795,LOCK
48.64,52.51669630542489,-1.503068938930723,52.520174169760466,-1.4968653601269843,52.516533407643834,-1.5029535093649844,LOCK
49.92,52.51667807003914,-1.502819080844806,52.520291006574666,-1.4966263608105892,52.516493139079905,-1.5027136129588683,LOCK
51.2,52.51659561780359,-1.502600850741642,52.52040769799461,-1.4963857892224584,52.5163917674694,-1.5025662396318593,LOCK
52.48,52.51643653526853,-1.502602723525787,52.520521700075435,-1.4961513327162892,52.516257293296995,-1.5025758706288588,LOCK
53.76,52.51627972535508,-1.5026125110214663,52.52063842753531,-1.4959230247395996,52.51612023096702,-1.5025931816648217,LOCK
55.04,52.516120893520856,-1.5026283912728153,52.5207595035524,-1.4957168037622794,52.51598078371783,-1.5026363687433255,LOCK
56.32,52.51597492354998,-1.5027202856779824,52.52088222746406,-1.4955068533780642,52.515848554781435,-1.5027216997460227,LOCK
57.6,52.515825375713845,-1.5027923968684873,52.520999091192685,-1.4952841175837808,52.51571205101344,-1.5027926481379665,LOCK
58.88,52.5156747493162,-1.5028563882944015,52.52112982249432,-1.4950868590511501,52.515575975833805,-1.502872725467811,LOCK
60.16,52.51553586650854,-1.5029688529075473,52.521279330339624,-1.4949356996305054,52.51545065266843,-1.5029968477483768,LOCK
61.44,52.51541797889349,-1.5031320557402819,52.52144123904386,-1.4948375251892283,52.515345355127664,-1.50317625280392,LOCK
62.72,52.515342264177896,-1.5033674922187334,52.52160527267606,-1.4947394281287816,52.51521884547244,-1.5033243727199292,LOCK
64.0,52.51519227236575,-1.5032257588825995,52.52176969387533,-1.494618271025964,52.51506140803834,-1.5031939217199664,LOCK
65.28,52.51506747684231,-1.5030435742343158,52.521932538522854,-1.4944999877530245,52.5149321917302,-1.5030191786756462,LOCK
66.56,52.51493901575358,-1.5028396812607796,52.522077975609776,-1.4943548778910531,52.51480428884693,-1.5028064619435961,LOCK
67.84,52.514841077905615,-1.5025839572127075,52.52221861977881,-1.4942164859087588,52.51469171974535,-1.5025586519343295,LOCK
69.12,52.514774930262156,-1.5024216940684776,52.522357209942996,-1.4940870001370716,52.514631121775544,-1.5023889823986534,LOCK
70.4,52.514709526092304,-1.5022775629502023,52.52249494897583,-1.4939632605069584,52.51457219658924,-1.5022428454658112,LOCK
71.68,52.514640697171316,-1.5021213310837085,52.52263220079642,-1.493844199407298,52.5145049565576,-1.5020896494280385,LOCK
72.96,52.51456942929938,-1.5019742864457453,52.52276882142602,-1.4937267656251054,52.51443742996604,-1.5019450756895418,LOCK
74.24,52.51449454640041,-1.5018256061322923,52.52290739388263,-1.4936017075528711,52.51436835768095,-1.5017888742797325,LOCK
75.52,52.51442687609344,-1.5016243561603948,52.52305696594713,-1.4934819291195807,52.514287835174954,-1.5016050081819334,LOCK
76.8,52.51433070198863,-1.501486995739695,52.52320098911184,-1.4933624032753627,52.514203864897915,-1.5014545011256784,LOCK
78.08,52.51425843080283,-1.50130584465553,52.52333602096709,-1.4932180507145931,52.51413035164361,-1.5012645760653147,LOCK
79.36,52.514199126023236,-1.5011095308315436,52.52346069010478,-1.493035725125683,52.514061144719435,-1.5010749124574259,LOCK
80.64,52.514107228848864,-1.500934476801767,52.52358675158709,-1.4928549090058818,52.513972562761026,-1.5009035518808203,LOCK
81.92,52.51400514166216,-1.5007478701708685,52.52371737281317,-1.492671295156859,52.513877650912555,-1.5006927726795,LOCK
83.2,52.5139648129578,-1.5005065742750778,52.52385506003336,-1.4924788532609554,52.51380279204571,-1.5004769458551572,LOCK
84.48,52.51381902731784,-1.5003716810115524,52.52399465533019,-1.4922814137053888,52.51367930703319,-1.5003034180358688,LOCK
85.76,52.5137716297137,-1.5001292429607345,52.524136077389954,-1.4920820243743473,52.513611766703036,-1.5000552739929263,LOCK
87.04,52.513699310930704,-1.4998869259081842,52.52427780423973,-1.491884843339916,52.51353490392952,-1.4998051154132486,LOCK
88.32,52.513656288771344,-1.4996553715203655,52.52442034804441,-1.4916882454463407,52.513443788732275,-1.4996511092138036,LOCK
89.6,52.51351818718718,-1.4997472667429304,52.524564463916015,-1.4914864727468773,52.513325948208845,-1.4997264335738159,LOCK
90.88,52.51336965497398,-1.499797668703769,52.524706053441314,-1.4912764364577367,52.51319858413365,-1.4997847616285989,LOCK
92.16,52.513227846572754,-1.4998612525196287,52.524840851318686,-1.491052709241612,52.513072481564166,-1.4998384477423374,LOCK
93.44,52.513117523510296,-1.4998706773064492,52.52496384833878,-1.4908062673026583,52.51297631634402,-1.499846052275147,LOCK
94.72,52.51298993624129,-1.4998479121265877,52.52508821312167,-1.4905537042511603,52.51286079618205,-1.4998254463296625,LOCK
96.0,52.51289058676712,-1.499819442971411,52.525202666162116,-1.4903050445281607,52.512772938014876,-1.4997984942031342,LOCK
97.28,52.512803362690065,-1.4997832597803444,52.52530597077673,-1.490042807983411,52.512694946703775,-1.4997582399035259,LOCK
98.56,52.51271770099307,-1.4997108909337442,52.5254107348682,-1.4897870630876984,52.512613755727976,-1.499701173865926,LOCK
99.84,52.51261711395802,-1.499660465735248,52.52551676967676,-1.4895277859506333,52.512521439325475,-1.499652449517287,LOCK
101.12,52.5125025223252,-1.4995789938616335,52.525632121794274,-1.4892542018320625,52.512417042351224,-1.4995144508653675,LOCK
102.4,52.512500367280964,-1.4993925789896845,52.52574816099945,-1.488984213741102,52.51239166478057,-1.4993026388053154,LOCK
103.68,52.51249080889155,-1.499225328923139,52.52586400273175,-1.4887159183627021,52.51237585345483,-1.4991227362141248,LOCK
104.96,52.51248504587604,-1.4990427032818403,52.5259812884505,-1.4884461178908686,52.51236119523739,-1.4989311096030298,LOCK
106.24,52.51247558155755,-1.4988623954158524,52.52610197622136,-1.4881698588501515,52.51234697555995,-1.4987433727812165,LOCK
107.52,52.512463610488524,-1.498651646130153,52.526221781773984,-1.4878942399284087,52.51232762084702,-1.4985224823386387,LOCK
108.8,52.51245878801676,-1.4984339150670807,52.526339804861095,-1.4876180188550627,52.51231629358103,-1.498288608435954,LOCK
110.08,52.51246262349354,-1.4981954586981596,52.526454637130435,-1.4873323389968296,52.51230783725783,-1.4980311759808853,LOCK
111.36,52.5124681838108,-1.4979493976134985,52.52657110018014,-1.4870540853682401,52.512301446901375,-1.4977670212984162,LOCK
112.64,52.51247359036979,-1.4977027526875952,52.52669109983271,-1.486779478386398,52.51229446270361,-1.4975057629146031,LOCK
113.92,52.5124721427449,-1.4974603982135666,52.52681108459093,-1.4865124328751786,52.51228610405563,-1.497251490096548,LOCK
115.2,52.51247100131971,-1.4971788751059452,52.526927119135344,-1.4862286303822019,52.51221713857794,-1.497032840163748,LOCK
116.48,52.51228353765671,-1.4971691774636615,52.527043868714486,-1.485944921611925,52.5120594920261,-1.4970478824370506,LOCK
117.76,52.512094390152264,-1.4971443188453128,52.52715842147791,-1.4856560675023291,52.511892839831816,-1.4970522911174218,LOCK
119.04,52.511911883756675,-1.4971104885603508,52.527270144573826,-1.4853603529965131,52.511728661979156,-1.4970394422319229,LOCK
120.32,52.5117353581578,-1.4970530832802695,52.52737857739848,-1.4850636831714672,52.51156761123068,-1.4970163683964635,LOCK
121.6,52.51156458165984,-1.4970337339052626,52.5274799003561,-1.4847643168141342,52.51141220923709,-1.4969964620696936,LOCK
122.88,52.51142696895812,-1.4969631188224033,52.52759903782868,-1.4844917971489962,52.51128533524512,-1.496882957463953,LOCK
124.16,52.511383844360815,-1.4967965102007823,52.52774083314918,-1.4842476660801198,52.51122824696735,-1.49673093185487,LOCK
125.44,52.511300123712175,-1.4966429544377753,52.527903373129,-1.4840103469841182,52.511145086720475,-1.496603786825921,LOCK
126.72,52.511171686720104,-1.4965178578669793,52.528086760514604,-1.4837945245165451,52.51102575197502,-1.4964974266658968,LOCK
128.0,52.511018986300606,-1.4964075096294904,52.52827176898655,-1.4835798774111715,52.510883722805005,-1.4963890907915072,LOCK
129.28,52.51087458432945,-1.4962659889073378,52.52845409369566,-1.4833660780736502,52.51074177891325,-1.4962662625402607,LOCK
130.56,52.51072402273155,-1.4961627506513506,52.528637543296064,-1.483159778234372,52.51059886342844,-1.4961730366664092,LOCK
131.84,52.51058738074588,-1.496085860583674,52.52881304873477,-1.4829774198212315,52.51047179237623,-1.4960921833715612,LOCK
133.12,52.51046618023177,-1.4960025892509203,52.52898553944066,-1.4828185571362285,52.51035674017773,-1.4960278913319436,LOCK
134.4,52.5103451399768,-1.4959859786476943,52.52916771013479,-1.482727534085019,52.510245951123096,-1.4959400299174217,LOCK
135.68,52.51030486303365,-1.4957688805947063,52.52934258530068,-1.4825981429426305,52.510185950142336,-1.4957026451592108,LOCK
136.96,52.51028844471244,-1.4955269288058628,52.52951857696485,-1.4824564093718273,52.51014629519291,-1.4954490923971226,LOCK
138.24,52.51025222775743,-1.4953007290955382,52.52969506811044,-1.482309176733159,52.51010669064734,-1.4952106055627068,LOCK
139.52,52.510228108601495,-1.495059792183825,52.529870817573766,-1.4821648376405179,52.51002635216153,-1.4950360053780776,LOCK
140.8,52.51008442685536,-1.4951092830096375,52.53004762061438,-1.4820215797365939,52.50990490112335,-1.495087647448703,LOCK
142.08,52.50995827911331,-1.495152051879272,52.530217768799965,-1.481876429654764,52.50979583373055,-1.4951152264418681,LOCK
143.36,52.50985910534102,-1.4951448210032443,52.53038255828433,-1.4817484427704006,52.509714124665905,-1.4951327400663494,LOCK
144.64,52.50976867521826,-1.4951936159363783,52.530558913303594,-1.4816534335717144,52.509639552936655,-1.4951886142330533,LOCK
145.92,52.509659139954714,-1.4952640266664836,52.53073659350369,-1.4815502806065484,52.5095422286423,-1.4952539879377986,LOCK
147.2,52.509537963313036,-1.495320290941709,52.53091276605669,-1.481440308317408,52.50943454817364,-1.495318800458127,LOCK
148.48,52.509421357584905,-1.4953976630696857,52.53108750153171,-1.4813226688243974,52.50934261777536,-1.4954641158695245,LOCK
149.76,52.5094281061099,-1.4956284978254006,52.531264142820646,-1.481181660809757,52.50931673744167,-1.4956921735438355,LOCK
151.04,52.50934415502337,-1.4958793987764059,52.53144483284437,-1.4810331159729109,52.509235045360455,-1.4959312774017883,LOCK
152.32,52.50925681170216,-1.4961247070076689,52.53162097670538,-1.4808853390256596,52.509161713648744,-1.4961855892122982,LOCK
153.6,52.509210123736196,-1.4964034203368155,52.53180397497416,-1.4807310821688655,52.50911185527908,-1.4964667408359391,LOCK
154.88,52.50916276071796,-1.4967121530384047,52.531991020179106,-1.4805762896107637,52.50906453121416,-1.4967811287439852,LOCK
156.16,52.50912864638596,-1.4970306793877397,52.53217980068937,-1.4804203995527332,52.50902975789878,-1.4971075577635147,LOCK
157.44,52.50910037203876,-1.497339124681749,52.532368713102684,-1.4802652541788348,52.50899511938882,-1.497417420644436,LOCK
158.72,52.509053569374,-1.497643292096727,52.53255784774003,-1.4801074357908266,52.5089474479823,-1.4977199208745389,LOCK
160.0,52.508999378703194,-1.4979473902393052,52.53274924032773,-1.479953804257565,52.5088994590955,-1.4980294172530266,LOCK
161.28,52.508966771592696,-1.498252978036158,52.532940815914046,-1.4798064137367188,52.50886504773922,-1.498340499782652,LOCK
162.56,52.50893224303895,-1.4984692181676929,52.533125667959105,-1.479668286267017,52.50881453427381,-1.4985327223366178,LOCK
163.84,52.508842585048164,-1.498582205717509,52.53331321982428,-1.4795415208418803,52.508741521133366,-1.4986447266944003,LOCK
165.12,52.50875973458469,-1.4987179619644162,52.53350673792965,-1.479420662341949,52.508654275728574,-1.4987424958398206,LOCK
166.4,52.508643628323945,-1.4987389506190891,52.53370387429211,-1.4793069811465756,52.50854994138012,-1.4987693987634865,LOCK
167.68,52.50853008553591,-1.4987793255611817,52.53390745750519,-1.4792168910757295,52.508446646448235,-1.4988087066792617,LOCK
168.96,52.508433806747426,-1.4988248585449946,52.53410380403929,-1.4791294831551869,52.50836591716428,-1.4988959382426894,LOCK
170.24,52.50837910575011,-1.4991092774786396,52.53430069507543,-1.4790387446175197,52.50829649968946,-1.4991768668273073,LOCK
171.52,52.508323997436236,-1.4993828426664666,52.534493862162215,-1.4789478658191475,52.50822545646887,-1.499433038598495,LOCK
172.8,52.5082287598095,-1.4995744638187845,52.534687070210275,-1.4788606030089704,52.508140541300875,-1.4996226046843644,LOCK
174.08,52.50815658964938,-1.4997381786744985,52.534881851742995,-1.4787723886384248,52.5080755300384,-1.4997852273551262,LOCK
175.36,52.50808418333197,-1.499923500750522,52.535084360787636,-1.4786809491235275,52.5080050651833,-1.4999664447234893,LOCK
176.64,52.50800351150488,-1.5001310030572637,52.53529078122157,-1.4785884560290472,52.50792590434324,-1.5001693433238443,LOCK
177.92,52.507921050118895,-1.50034916637076,52.53549789556639,-1.4784980477624423,52.507842617249196,-1.5003810669622517,LOCK
179.2,52.507827327023385,-1.500558921757731,52.53570495854857,-1.4784061970490154,52.507750771326606,-1.500585753161276,LOCK
180.48,52.50772964929919,-1.500757044568246,52.53591341521634,-1.478322869518419,52.507661092841495,-1.5007893829359353,LOCK
181.76,52.507650065863146,-1.5009794103919858,52.5361243738961,-1.4782488970618521,52.50758168294806,-1.5010118800156342,LOCK
183.04,52.50757658943924,-1.5011822705625548,52.53633154466462,-1.4781745104394988,52.50750826662727,-1.5012129625811035,LOCK
184.32,52.50749918380637,-1.5013776930392122,52.53653259887342,-1.4780824949845792,52.50742315840761,-1.5013895889174587,LOCK
185.6,52.50740996255543,-1.501488187628566,52.53673739121387,-1.4780173661458487,52.50734399979986,-1.5015039635138514,LOCK
186.88,52.50732763795762,-1.5016075003855351,52.5369449645373,-1.477981738567478,52.50725151313384,-1.5015803719432668,LOCK
188.16,52.507221257386966,-1.501565690922673,52.53714882933814,-1.4779890163952085,52.507148988565426,-1.5015561897781695,LOCK
189.44,52.507112912204846,-1.5015522201498868,52.537352370701136,-1.4779970423366804,52.50704616401798,-1.5014974627305793,LOCK
190.72,52.5070559430117,-1.5013639197324102,52.53755471439619,-1.478065825193006,52.50696588956337,-1.501330698474907,LOCK
192.0,52.50694559063389,-1.5012127971597724,52.53776125972609,-1.478154366654073,52.50685483074537,-1.5011945314028208,LOCK
193.28,52.50682063450675,-1.5010670827921953,52.537969812610754,-1.478240059093541,52.506720511857004,-1.5011095264874175,LOCK
194.56,52.50667368934337,-1.5011136625866432,52.538174123810144,-1.4783340858363625,52.50658462415587,-1.5011375790520882,LOCK
195.84,52.50655691600619,-1.501115765635285,52.53837144873557,-1.4784246413988105,52.50647765771937,-1.5011528509728398,LOCK
197.12,52.50644780948739,-1.5011789557037996,52.53855445637682,-1.4785759835003833,52.506378522488355,-1.5012192326822975,LOCK
198.4,52.50634848171644,-1.5012753473305303,52.538732261553854,-1.4787580007831753,52.506267145016515,-1.501242581715959,LOCK
199.68,52.506261248974084,-1.5011283638993818,52.53890715440434,-1.4789593269637744,52.50616497261237,-1.5011358740776626,LOCK
200.96,52.506142868983254,-1.5010932796679435,52.539084412689306,-1.4791611864127434,52.506055046857476,-1.5011105437916104,LOCK
202.24,52.505992079239874,-1.5010950760913495,52.53926690697822,-1.4793681580699498,52.50591279978049,-1.501104140442164,LOCK
203.52,52.505843247151795,-1.5010636510341615,52.539454454527984,-1.4795801158412412,52.50576902069454,-1.5010409974340486,LOCK
204.8,52.50571579392106,-1.5009101249220667,52.53964603351351,-1.479803202891427,52.50563067888883,-1.5009230656604464,LOCK
206.08,52.50558164331157,-1.500850365370808,52.53982101368383,-1.4800348955197018,52.505503230991586,-1.500863514192942,LOCK
207.36,52.505451382928854,-1.5007922730468441,52.53998301884676,-1.480292442293112,52.50537816181184,-1.5008131774080191,LOCK
208.64,52.50531006933355,-1.5007634174283817,52.54014651113225,-1.480554651500139,52.5052433445408,-1.5007894118360936,LOCK
209.92,52.50515496467145,-1.5007624846486365,52.54031360161148,-1.480820191739268,52.50509393725174,-1.5007788772784438,LOCK
211.2,52.504997528816595,-1.500733399957373,52.54048138447436,-1.4810874672904135,52.50494037103557,-1.5007515367131645,LOCK
212.48,52.50482751799139,-1.5007085428918412,52.54064835185945,-1.4813532404912764,52.5047729668792,-1.5006993314359196,LOCK
213.76,52.50465468521099,-1.5005758018243873,52.54082878974659,-1.4815988450428308,52.50459403147756,-1.500569213420162,LOCK
215.04,52.50449025910545,-1.5004085211978966,52.54100911610609,-1.4818424728022668,52.50442141632115,-1.5004096448270148,LOCK
216.32,52.504328689299996,-1.5002376093366545,52.54119346431107,-1.4820808221357578,52.50425403078011,-1.5002420574082593,LOCK
217.6,52.50417124917955,-1.5000592321219792,52.54138111277201,-1.4823108794113824,52.50409109566238,-1.5000649054531856,LOCK
218.88,52.50402121491559,-1.4998714748148203,52.541569287368574,-1.4825379231523237,52.5039349960862,-1.4998779004247824,LOCK
220.16,52.503876622060154,-1.4996807137505987,52.54175769189441,-1.4827594413106728,52.503782830679924,-1.4996991474856578,LOCK
221.44,52.503724041919085,-1.4995308970782182,52.541954680392784,-1.4829713107565259,52.50363322224048,-1.4995361964533442,LOCK
222.72,52.50357570869199,-1.4993338735094344,52.5421588866995,-1.4831654136100922,52.50347890791857,-1.4993353588560492,LOCK
224.0,52.503439797333996,-1.4991163383413841,52.542363337190054,-1.4833531978777654,52.50333358614585,-1.4991190634169358,LOCK
225.28,52.50330034801747,-1.4989020003896127,52.54256785262968,-1.4835377909997438,52.503187292581984,-1.4989090060801789,LOCK
226.56,52.503189237501104,-1.4987274480446007,52.54276782080088,-1.4837260043140896,52.50307481366418,-1.498731526152343,LOCK
227.84,52.503079156982,-1.4985699118484255,52.5429656119572,-1.4839164592464538,52.50296680456369,-1.4985701673762237,LOCK
229.12,52.502969651453654,-1.4984089436994117,52.54316229567334,-1.4841090460906647,52.502856764488044,-1.4984153122146049,LOCK
230.4,52.50284474968071,-1.4982669543915692,52.54335920535659,-1.4843034968275068,52.502735194219134,-1.4982748617963353,LOCK
231.68,52.50271921353439,-1.4981295154383303,52.54355662926969,-1.4844975015021036,52.50261370988775,-1.4981319114608824,LOCK
232.96,52.502599734156746,-1.4979748897281302,52.543760143227686,-1.4846701607356454,52.502482792465656,-1.4980414334923517,LOCK
234.24,52.50244394796928,-1.4980768370095765,52.54393820080311,-1.4848943157795178,52.50233571328138,-1.498106374343835,LOCK
235.52,52.502290987196595,-1.4980916168865708,52.54410690628079,-1.4851288561064035,52.502193180931194,-1.4981169261362568,LOCK
236.8,52.50212807326582,-1.4981151134229131,52.54427930809014,-1.4853668947253686,52.50204015995637,-1.4981419146555832,LOCK
238.08,52.50195428251767,-1.4981648661423643,52.54445526820025,-1.485606252921471,52.501874703849225,-1.498185391523562,LOCK
239.36,52.50177516171627,-1.4982065457697655,52.54462389092909,-1.4858515093141986,52.501704475221935,-1.4982336762589077,LOCK
240.64,52.501617423881,-1.498263799418163,52.54477570968325,-1.4860837979818788,52.50155482680314,-1.4982937894490036,LOCK
241.92,52.50149523194136,-1.4983227572755826,52.54492136161162,-1.4863120148716173,52.50143869196266,-1.4983481706198674,LOCK
243.2,52.501383522395315,-1.4983791821247623,52.54505737541501,-1.486541152621343,52.50133019935497,-1.4983899064475579,LOCK
244.48,52.50128464485111,-1.4984048441421163,52.54519765172216,-1.4867473019317097,52.50123671328844,-1.4984143003680677,LOCK
245.76,52.50117075933793,-1.498423714917441,52.545337422817646,-1.4869531716640874,52.501127252147676,-1.4984362801087638,LOCK
247.04,52.50104279869518,-1.4984597732447769,52.54547618614592,-1.4871765403170636,52.501003802392184,-1.498472349423017,LOCK
248.32,52.50091526262721,-1.498498590334408,52.54560546113413,-1.487421424518636,52.5008832989697,-1.4985362836467822,LOCK
249.6,52.50081095608815,-1.4986293774242232,52.54572913377666,-1.4876761363129962,52.50077738010416,-1.4986559654001876,LOCK
250.88,52.50070754821671,-1.4987419887122733,52.54584953713291,-1.4879255764015116,52.50067630822439,-1.4987644144494543,LOCK
252.16,52.500605282761406,-1.4988642212453585,52.545971654987476,-1.4881711422198318,52.50057407805998,-1.4988792093806669,LOCK
253.44,52.50050544238972,-1.4989676156277447,52.54609327722407,-1.4884180598788626,52.500481670999584,-1.4989977793101958,LOCK
254.72,52.500437104205126,-1.499120219702692,52.54620651035254,-1.4886792159995197,52.50041742063368,-1.4991641626952525,LOCK
256.0,52.50041363784148,-1.4992928057510264,52.54631961142603,-1.488942276489984,52.5003817096754,-1.4993362156126342,LOCK
257.28,52.5003696555127,-1.499460273722225,52.54642592540625,-1.4892113955218076,52.50030107494665,-1.499452881576054,LOCK
258.56,52.500261722530965,-1.499423507828696,52.54652829783468,-1.489483366697009,52.50019973594674,-1.499461797429583,LOCK
259.84,52.500151763254294,-1.4995407143417179,52.546642171104715,-1.4897613357825212,52.50009144374682,-1.4995644311118843,LOCK
261.12,52.50002466730423,-1.4996427889333508,52.54675932485846,-1.4900354047908906,52.49997641723354,-1.4996894841463522,LOCK
262.4,52.499925213998,-1.4999115248552681,52.54686293613113,-1.490321308107438,52.49987366623966,-1.4999599150675358,LOCK
263.68,52.49985199318454,-1.5001982988509972,52.546947581101016,-1.4906185824686686,52.499795589625805,-1.5002506445427914,LOCK
264.96,52.49979033807834,-1.500489471697052,52.54701759223874,-1.4909061566132062,52.49973356770552,-1.500547957419631,LOCK
266.24,52.49975268135243,-1.5007233101986273,52.547088487830834,-1.4911918862896434,52.49969480971996,-1.5007875313187957,LOCK
267.52,52.49972690367502,-1.5010304946411883,52.54716247867515,-1.491488727558569,52.49965396887998,-1.5010962870793294,LOCK
268.8,52.499687184298914,-1.5013486725077665,52.54724929851369,-1.491783714485276,52.49958928954237,-1.5013971847720684,LOCK
270.08,52.49956959705469,-1.5016353676445127,52.54733177940281,-1.4920771964022406,52.49948407028888,-1.5016849143505853,LOCK
271.36,52.499476658581735,-1.5019457216558627,52.547389831707655,-1.492385543947854,52.49933278355743,-1.5019074622558926,LOCK
272.64,52.49927077555423,-1.5018301160620113,52.547444951144776,-1.4926916912741623,52.499125792435805,-1.5018306309077212,LOCK
273.92,52.49907346697299,-1.501718290580226,52.547496989783205,-1.4929996706135298,52.49893610047344,-1.5016928296175502,LOCK
275.2,52.49892740678962,-1.5014650156421703,52.54755067277528,-1.493308177329886,52.49880093511754,-1.501327101894651,LOCK
276.48,52.49907462497893,-1.5012015841816824,52.54760461315448,-1.4936195189711698,52.49890109371579,-1.5009082107490985,LOCK
277.76,52.49922108553274,-1.5009314850431912,52.54765684709309,-1.493936973492359,52.49903077021834,-1.5005343172686023,LOCK
279.04,52.4993651955067,-1.500648851230045,52.54770958327259,-1.494261385018498,52.499161820375406,-1.5001679587260044,LOCK
280.32,52.4995051962904,-1.500360376693443,52.547761107663696,-1.4945885751053136,52.49928731762173,-1.4998065641268354,LOCK
281.6,52.499643008610576,-1.5000660938829204,52.54781565293816,-1.494915411963426,52.49940721395129,-1.4994452768587256,LOCK
282.88,52.49978427795375,-1.499772793145388,52.54787066899981,-1.4952497294437652,52.49952567694092,-1.4990851495620179,LOCK
284.16,52.499923911186265,-1.4994742391863412,52.54792770310468,-1.4955863184535523,52.499641658526954,-1.498725793113871,LOCK
285.44,52.50006615797044,-1.4991768825498641,52.547983378340376,-1.4959294830288081,52.499639513727075,-1.4984489726279198,LOCK
286.72,52.499847111226195,-1.4991199290165589,52.54803808984359,-1.4962695178433698,52.499466673033616,-1.498533770109265,LOCK
288.0,52.49963283928434,-1.4990439712402237,52.54809852890185,-1.496607772254775,52.499288424829885,-1.4986060372471415,LOCK
289.28,52.49942628453783,-1.4989434592278084,52.548162626272074,-1.4969431698070268,52.499112084841485,-1.498632822997343,LOCK
290.56,52.499229049112664,-1.4988302967939062,52.54822944834128,-1.4972764812089863,52.49894047415087,-1.4986175197479177,LOCK
291.84,52.499029558226255,-1.4987184376625873,52.548293929467576,-1.497612125242917,52.4987641517393,-1.498582380891419,LOCK
293.12,52.49882471587444,-1.498624174325044,52.54834772506205,-1.4979524674267295,52.49857913628579,-1.4983784870405532,LOCK
294.4,52.498956940687755,-1.4983285296246291,52.548399755919625,-1.4982921933279305,52.49864491233105,-1.4979713621069835,LOCK
295.68,52.49907961498118,-1.498046580905437,52.548450050164504,-1.4986238538121437,52.49875479827936,-1.4976211993950803,LOCK
296.96,52.499192231394936,-1.4977788168153612,52.548498240093885,-1.4989474045498026,52.498876470969904,-1.497303893178377,LOCK
298.24,52.499307543326324,-1.4974774798697734,52.54854719559721,-1.4992807244096373,52.49898951700445,-1.496952201369316,LOCK
299.52,52.49942440420707,-1.4971545767746997,52.548598601034925,-1.4996212823717114,52.499095944941544,-1.496573422141883,LOCK
300.8,52.49954967341385,-1.4968329545634325,52.5486500954226,-1.4999619720557484,52.49919999506335,-1.4961927897436562,LOCK
302.08,52.49966547176926,-1.4965164580233294,52.548700273151425,-1.5002989206438304,52.49930142388214,-1.495828949260339,LOCK
303.36,52.49978363158211,-1.4962253962116252,52.54875652201119,-1.5006264533303533,52.499391288977606,-1.4955068589449028,LOCK
304.64,52.49983612644653,-1.4959068264324906,52.54878958488197,-1.5009667961149917,52.49943585649023,-1.4952094009265102,LOCK
305.92,52.49988327000085,-1.4955667324868425,52.54882660648719,-1.5013101595698968,52.49947106447313,-1.494877072969467,LOCK
307.2,52.49996141302716,-1.4952205288464082,52.548870638510145,-1.5016501640474855,52.499533863264624,-1.4944985182222237,LOCK
308.48,52.50010547630073,-1.4949351398770574,52.54891397912769,-1.5019824945758358,52.49965455618213,-1.4941341414839875,LOCK
309.76,52.50024189690082,-1.4946636128484658,52.548962803250966,-1.502314413678737,52.499780280572594,-1.4938113159847926,LOCK
311.04,52.50035869455877,-1.494369024377744,52.54896133761007,-1.5026453511324913,52.499868176526995,-1.4935097979851415,LOCK
312.32,52.50037716001549,-1.494004441102738,52.54896518501173,-1.502974654766886,52.49978689202546,-1.4933185466799905,LOCK
313.6,52.50016631929242,-1.4941307970543412,52.548969972852184,-1.5033056397904998,52.49964187771135,-1.493565728112583,LOCK
314.88,52.499949612241046,-1.4942547516448994,52.548976208118475,-1.5036310698883966,52.499500002407174,-1.4938356141495857,LOCK
316.16,52.49973452717749,-1.4943770115546786,52.54898378033862,-1.5039484705460915,52.499357277322765,-1.4940913381913052,LOCK
317.44,52.499520967128895,-1.4945167911606787,52.54899189782913,-1.5042663461262047,52.499203483531325,-1.4943235182254349,LOCK
318.72,52.49930475116055,-1.4946262907263645,52.548998271657794,-1.5045756775146335,52.498989137151106,-1.4943455552658857,LOCK
320.0,52.49934768973312,-1.4942963046372117,52.5490066577548,-1.50486695338176,52.49897925083051,-1.4940051894383217,LOCK
321.28,52.49939302115044,-1.4939937553844997,52.549013274200206,-1.5051529524355531,52.499018446817516,-1.4936952334910676,LOCK
322.56,52.49941596783955,-1.4936881092587033,52.549014736583246,-1.505438361182016,52.49905201985446,-1.4933895276098763,LOCK
323.84,52.49943067878653,-1.4933758742345606,52.549015112706684,-1.5057223716606343,52.499034384526276,-1.493126907678937,LOCK
325.12,52.49925719827038,-1.493186816019088,52.54901390880446,-1.5060168470157942,52.49888488385814,-1.4930650109176011,LOCK
326.4,52.49904662210044,-1.4933280334519292,52.54901291143716,-1.50631125253168,52.49872180039903,-1.4932329203023988,LOCK
327.68,52.498853101373015,-1.4934192015546621,52.54900989177895,-1.5066128835918795,52.498527769933,-1.493176574410733,LOCK
328.96,52.498911216535774,-1.4930167765348068,52.549012348028,-1.5069170640800398,52.49850059718755,-1.492725699107225,LOCK
330.24,52.49896348296775,-1.4926073237801851,52.54901365419884,-1.5072210783841402,52.49851852003859,-1.492273750809788,LOCK
331.52,52.49901317690604,-1.4921944789860573,52.54901393034123,-1.5075278283471898,52.49854907311412,-1.49181932211128,LOCK
332.8,52.499070481030195,-1.4917807509065695,52.54901333157358,-1.5078358296381764,52.4985837666458,-1.491366082498794,LOCK
334.08,52.49911599275638,-1.4913708940362855,52.54901314704864,-1.5081399724515896,52.498611875946985,-1.4909265104450076,LOCK
335.36,52.49916247172025,-1.4909632011605924,52.54901090614365,-1.5084428252761313,52.49863597269702,-1.490494511333542,LOCK
336.64,52.499193535903494,-1.4905534821351076,52.54900698418051,-1.5087424523602835,52.498650154601194,-1.4900693485924728,LOCK
337.92,52.499230624685524,-1.4901456849463317,52.549006310148336,-1.509040421156192,52.49862197462742,-1.4897124579803844,LOCK
339.2,52.4990332485345,-1.4898860009775758,52.54900734798791,-1.509337774053873,52.49845508255468,-1.489629020511051,LOCK
340.48,52.49879028105107,-1.4899836660102337,52.54900778646669,-1.5096310629364758,52.49828706996289,-1.4897977538297156,LOCK
341.76,52.49855209672662,-1.4901000460396683,52.54900621667694,-1.509922721628711,52.49811670954729,-1.4899801930453216,LOCK
343.04,52.4983120260963,-1.49020747326577,52.549003061044345,-1.5102155983174863,52.49793725397204,-1.4901487076950164,LOCK
344.32,52.49807314338242,-1.4903339215429179,52.54899879525767,-1.510506567005148,52.49774651163583,-1.490305864146776,LOCK
345.6,52.49783421018727,-1.4904073305269214,52.5489947491089,-1.5107950951285298,52.497550733486094,-1.4904233312939212,LOCK
346.88,52.49760631518841,-1.4905214692928184,52.548990868993634,-1.5110831259608806,52.49735623146461,-1.4905451703852406,LOCK
348.16,52.49737624031413,-1.4906152080300739,52.54898774654522,-1.5113701029912134,52.49715638898536,-1.4906561720897418,LOCK
349.44,52.49715322165297,-1.490736607188976,52.548983666610326,-1.5116558513581078,52.49695691501096,-1.4907746358658254,LOCK
350.72,52.49694086094362,-1.4908091276021878,52.54897669286814,-1.511943508525745,52.496767137214476,-1.49085850691522,LOCK
352.0,52.49673070842249,-1.490939599143455,52.548969290858615,-1.512236992183592,52.49657354124524,-1.4909779957971712,LOCK
353.28,52.4965166783259,-1.4910410706781108,52.54896206306845,-1.5125279841167838,52.496376888942855,-1.4910838957623471,LOCK
354.56,52.496306160173965,-1.4911667827310473,52.54895347615939,-1.512818474506208,52.496179496799,-1.4912016394066643,LOCK
355.84,52.49609048151014,-1.4912766889574858,52.548944578760725,-1.5131104324047302,52.4959637712165,-1.4912577468744086,LOCK
357.12,52.49593572155504,-1.4911352604921844,52.54893505488584,-1.513402166240033,52.49580491288891,-1.4911344910371038,LOCK
358.4,52.49577801527424,-1.4910085743129484,52.548920313806036,-1.513695955451919,52.49564754727736,-1.4910552824683505,LOCK
359.68,52.495644914322234,-1.491013655898675,52.548912724594125,-1.5140062835521897,52.49552807380864,-1.4910471690417684,LOCK
360.96,52.495497785184455,-1.4910081784121556,52.548912816807324,-1.5143284306744325,52.49539265551859,-1.4910523821752362,LOCK
362.24,52.49533473287122,-1.49107752189948,52.54890432771343,-1.5146610964455112,52.49523965643813,-1.4911109001514424,LOCK
363.52,52.49516277401479,-1.4911448169643644,52.548897491328084,-1.5150037851325513,52.49507628851294,-1.491168479650544,LOCK
364.8,52.49497881879637,-1.491203383824699,52.548890009310135,-1.5153483722371337,52.494901017283375,-1.4912266418935105,LOCK
366.08,52.49479446548165,-1.4912695615816935,52.54888072926265,-1.5156941705213929,52.494724541516284,-1.4912922324124924,LOCK
367.36,52.49462053276267,-1.4913320775550445,52.548870237377734,-1.5160440768434802,52.49455892411937,-1.491362234797577,LOCK
368.64,52.49444716692021,-1.4914409729904052,52.548855009337764,-1.5163964597930668,52.4943929469239,-1.4914732210796762,LOCK
369.92,52.49430082541573,-1.4915543802752658,52.54884336241766,-1.5167380844739182,52.49423652440243,-1.4915220293191669,LOCK
371.2,52.49417529661547,-1.491447355847691,52.54882861275433,-1.5170810918757958,52.494105932393104,-1.491388912370315,LOCK
372.48,52.49411804803213,-1.4912477647633353,52.54880380114596,-1.5174170414926056,52.494034759387,-1.4911736769334418,LOCK
373.76,52.494087368307014,-1.4909812354585952,52.5487753397728,-1.5177667592145287,52.4939696369074,-1.490913989494339,LOCK
375.04,52.49399723059016,-1.49072230820958,52.54874128175721,-1.5181239759344716,52.49386745149357,-1.490671848107868,LOCK
376.32,52.49389122755035,-1.490483533884991,52.54870579750157,-1.5184888245639225,52.49375801874865,-1.4904369114210645,LOCK
377.6,52.4937833625297,-1.4902292102198555,52.54867056324245,-1.5188572017574635,52.493643192179135,-1.4901815918990724,LOCK
378.88,52.49364612752502,-1.4899369385595218,52.54863648400107,-1.519219934630474,52.49349171653791,-1.489897151980944,LOCK
380.16,52.49352282186519,-1.4896393056172093,52.54861194867655,-1.519575672587826,52.493352127643945,-1.4896017337024403,LOCK
381.44,52.493399882831945,-1.4893533680952116,52.548600299151936,-1.5199286193141623,52.49322112567057,-1.4893048063363534,LOCK
382.72,52.493293825049825,-1.4890416674011595,52.54859192871228,-1.5202832412733631,52.49309688955843,-1.488990364823024,LOCK
384.0,52.49318046939023,-1.488731540617364,52.548567448877044,-1.5206388406514146,52.492969398354184,-1.4886818078266548,LOCK
385.28,52.49305199125987,-1.4884240271539713,52.5485208042849,-1.5209917481856905,52.492831018624905,-1.4883728102529177,LOCK
386.56,52.49292085250124,-1.4881026064983582,52.54847418215411,-1.521338992054669,52.492684549894264,-1.4880589541300535,LOCK
387.84,52.49278157767247,-1.4878015145179044,52.5484289726058,-1.5216790397300253,52.492538026683974,-1.4877599630407667,LOCK
389.12,52.492642397620706,-1.48751235360694,52.54838397677755,-1.5220173665608991,52.492394221692635,-1.4874697968401447,LOCK
390.4,52.492502996979326,-1.4872133181884957,52.548349674651966,-1.5223498609426878,52.49224977161347,-1.4871662253742641,LOCK
391.68,52.49238435678601,-1.4869052410493697,52.54832457718431,-1.5226826913933384,52.492125080188906,-1.4868431909090487,LOCK
392.96,52.492276681942826,-1.4865660299288428,52.54828928333675,-1.5230170785550394,52.491997325992,-1.4865127786022987,LOCK
394.24,52.492136068643404,-1.4862628897519243,52.54822896152659,-1.5233385526903036,52.49184812887796,-1.4862406394699164,LOCK
395.52,52.49193463377286,-1.4860638194000875,52.54814349586411,-1.5236483172398534,52.49166429043588,-1.486045350317101,LOCK
396.8,52.49172065003069,-1.4858557707681295,52.548064411715025,-1.523968296042965,52.49145901309943,-1.4858485436789957,LOCK
398.08,52.49149274361654,-1.4856580704222682,52.547983201025666,-1.5242894304320682,52.49123761640758,-1.4856522861406858,LOCK
399.36,52.49126799174913,-1.485425465187917,52.54790160208297,-1.5246117822412215,52.49100980118881,-1.4854371009971274,LOCK
400.64,52.49104438092853,-1.485197780773245,52.54781959284525,-1.524935213319012,52.49078574011113,-1.4852131471839582,LOCK
401.92,52.490824839218675,-1.4849568350773124,52.54773811076821,-1.5252626294121439,52.49056352761569,-1.484974608468027,LOCK
403.2,52.49062656764296,-1.484693275057017,52.547657295681105,-1.5255897075265088,52.49035965756153,-1.4847119928115455,LOCK
404.48,52.490433920387154,-1.484424895028179,52.54757800297575,-1.5259161984426954,52.49016357203903,-1.4844461902667812,LOCK
405.76,52.49024243046221,-1.4841716783553265,52.547499785245485,-1.5262433241611073,52.48997346355492,-1.484192157035513,LOCK
407.04,52.49004542951437,-1.4839282945562582,52.547421959557845,-1.526571193608564,52.48978131515138,-1.4839361167758045,LOCK
408.32,52.4898655915857,-1.4836482969144973,52.547343441358564,-1.5268977328067583,52.48959510769457,-1.483660559516721,LOCK
409.6,52.4896811187597,-1.4833846479211596,52.54726473424389,-1.5272183936153794,52.48940967138033,-1.4834036717136296,LOCK
410.88,52.48950061573427,-1.483148387317366,52.547193406374014,-1.5275251614455454,52.48923626624792,-1.4831595187826336,LOCK
412.16,52.48934338936102,-1.4829085469793355,52.54713085742358,-1.5278082431350006,52.48908063901893,-1.4829318070397925,LOCK
413.44,52.489168923622266,-1.4827365945808706,52.54706957033648,-1.5281034012057584,52.48892377453374,-1.4827470177955235,LOCK
414.72,52.488998359590475,-1.482540873676513,52.54701958108021,-1.5284088970068423,52.488762554181015,-1.482548564492467,LOCK
416.0,52.48883239055414,-1.4823401594181884,52.54697456995499,-1.5287114593113968,52.48860468103608,-1.4823438206213846,LOCK
417.28,52.48867712379145,-1.4821319123768593,52.54693066566365,-1.5290036632328592,52.48845483318304,-1.4821354057489495,LOCK
418.56,52.48852510761848,-1.481929557073782,52.546887012376324,-1.5292925072954051,52.48830901694565,-1.4819351506897365,LOCK
419.84,52.48837566981013,-1.481746120904535,52.54684460480182,-1.529558578910151,52.48816798404145,-1.4817537818928774,LOCK
421.12,52.488233854168655,-1.4815846810752882,52.54678424704929,-1.5297962187636196,52.48803327628419,-1.4816118057769787,LOCK
422.4,52.48797572191411,-1.4815907334042884,52.54671622443651,-1.5300297202541284,52.487782038604955,-1.4815024733740485,LOCK
423.68,52.487924765410874,-1.4811741206350735,52.546641750991235,-1.5302600975077423,52.487619014038444,-1.481190018803084,LOCK
424.96,52.48766842011909,-1.4812336631280327,52.54656263289775,-1.5304960851754226,52.48740029201438,-1.4812576874705508,LOCK
426.24,52.48741141028461,-1.4813373256336524,52.54647891728434,-1.530736901555671,52.487169220403196,-1.4813538514657252,LOCK
427.52,52.48713957737145,-1.481394006368177,52.54639364253063,-1.530974385403449,52.486885955618376,-1.4812963922923192,LOCK
428.8,52.48707927459318,-1.4809659634610235,52.54630861876507,-1.5312124016906399,52.486743550966125,-1.4808710267456104,LOCK
430.08,52.48700364187621,-1.4805476534696134,52.54622098160995,-1.5314504274512288,52.48663670641201,-1.4804400836047449,LOCK
431.36,52.486948497947644,-1.4801227131246721,52.5461332841522,-1.5316864170839124,52.48655639642597,-1.4799929461446006,LOCK
432.64,52.48689064819798,-1.479693865799901,52.5460444049983,-1.531923868948454,52.48647893267681,-1.4795419091417263,LOCK
433.92,52.486835511045776,-1.4792593862906975,52.545954157068664,-1.5321623213548945,52.48640157577851,-1.479088708836421,LOCK
435.2,52.486781859831716,-1.4788398801820772,52.545865133750446,-1.5324019527383264,52.48632986696447,-1.4786480413429706,LOCK
436.48,52.486724553215026,-1.4784022740745761,52.545781095720876,-1.5326425224690243,52.486248699604474,-1.4781978194875258,LOCK
437.76,52.48667050949003,-1.4779703604359093,52.545704860004605,-1.5328853789987338,52.48612986399542,-1.4778616849485522,LOCK
439.04,52.48642104393952,-1.477934895456288,52.54562874553887,-1.5331231459261039,52.48594175436697,-1.4777227855583739,LOCK
440.32,52.48640671133449,-1.4775292259528376,52.54554982453794,-1.5333565523571668,52.48583750281132,-1.4774187837383679,LOCK
441.6,52.48617273118055,-1.4775548097940585,52.54547471819399,-1.5335882769062021,52.485669454183544,-1.477462722397119,LOCK
442.88,52.48594331402087,-1.4775498726484346,52.5454014500947,-1.533808370880727,52.48547924369142,-1.4773916929180295,LOCK
444.16,52.485859403238436,-1.4771936344676073,52.54532967768019,-1.5340279217910051,52.485373215543504,-1.477051072670517,LOCK
445.44,52.485780583532744,-1.4768335215526651,52.54526266297959,-1.5342457114219006,52.4852951845863,-1.4766892871693482,LOCK
446.72,52.48571536493987,-1.4764661827739562,52.545200302632196,-1.5344621305521253,52.48518635854505,-1.4764233360313066,LOCK
448.0,52.48551886750158,-1.4764944809657707,52.545138864778316,-1.534684280424779,52.485052041144755,-1.4764457011097831,LOCK
449.28,52.48530871399099,-1.4765226087321026,52.545072954286006,-1.5349213495665677,52.48489694404204,-1.476514737327821,LOCK
450.56,52.48509928367796,-1.4767352625997292,52.54500323332865,-1.5351630509413947,52.484734411745094,-1.4767310824398354,LOCK
451.84,52.484881833516546,-1.476940478012153,52.54493108258133,-1.5354086872220067,52.484507346603614,-1.4768234530524482,LOCK
453.12,52.48477883116165,-1.476568230137576,52.54487307128431,-1.5356638439886245,52.48436139909725,-1.476482127589232,LOCK
454.4,52.48468083897679,-1.4761967721785285,52.544811822308084,-1.5359220258067858,52.48425486547856,-1.4761130306982024,LOCK
455.68,52.48458268723628,-1.4758195798692668,52.54475392282903,-1.5361862939795157,52.484159960375514,-1.4757222217167079,LOCK
456.96,52.48449778583059,-1.4754226443836893,52.544698536419126,-1.5364447356713113,52.48407474565139,-1.4752985150790117,LOCK
458.24,52.48445257563067,-1.4750081308849563,52.54464570737568,-1.5367007558269106,52.48401102507939,-1.4748611215114624,LOCK
459.52,52.48438905205627,-1.4746080726209174,52.54459269481427,-1.5369598329311436,52.48388682973011,-1.4745744131274388,LOCK
460.8,52.484155436987585,-1.4747390679110546,52.544542353379384,-1.53721685035133,52.48373510253838,-1.4748294895028304,LOCK
462.08,52.48422123884677,-1.4751317496499374,52.54449578847862,-1.5374703236129998,52.483819456622136,-1.4752533840505164,LOCK
463.36,52.48426833365111,-1.4755249963263866,52.54445116177302,-1.5377177320280782,52.48391388214245,-1.4756603154376453,LOCK
464.64,52.48430789027987,-1.475914389321026,52.54440660810899,-1.5379594641942296,52.48400375352087,-1.4760608024816875,LOCK
465.92,52.48434714214563,-1.4763108066232609,52.54436282337416,-1.5381994669391832,52.48399423352171,-1.476429615241371,LOCK
467.2,52.4841092081204,-1.4764231360182405,52.54431911677676,-1.5384355633825626,52.483804715047356,-1.4765424772494704,LOCK
468.48,52.48386787586615,-1.4764797660037596,52.5442767555836,-1.5386686197622494,52.483603041835174,-1.4766000096474559,LOCK
469.76,52.48363785167396,-1.4765378156090532,52.54423351937225,-1.5389027322442765,52.48340605796253,-1.4766510897064569,LOCK
471.04,52.483411728033644,-1.476636207205071,52.54419172454505,-1.53913364154417,52.48320447298201,-1.476717626491729,LOCK
472.32,52.48318360438948,-1.4766737358187674,52.544155025505276,-1.5393674786269,52.48299745122435,-1.47674273390861,LOCK
473.6,52.482942047006176,-1.4767231105024763,52.54411661924493,-1.5396041855451021,52.482795748605874,-1.4769115405646984,LOCK
474.88,52.48294499259574,-1.4771246975475139,52.544079113368774,-1.5398423729418844,52.48277757291529,-1.4773069688329035,LOCK
476.16,52.48295669691747,-1.4775214929553901,52.54404016963158,-1.540083812924876,52.48278720247094,-1.4776978888677992,LOCK
477.44,52.48297019547116,-1.4779210532236675,52.543999363891416,-1.5403221328119743,52.48280461378661,-1.478093500672957,LOCK
478.72,52.4829755623693,-1.4783107902328643,52.54395744197939,-1.5405530654115338,52.48273093157506,-1.4784287594994039,LOCK
480.0,52.48274291977122,-1.478351861408472,52.54391402928888,-1.5407855327048194,52.4824819365139,-1.4783579575897536,LOCK
481.28,52.48270359928402,-1.4779581623134246,52.543868712086734,-1.5410225261633066,52.48238986710101,-1.4779330178377241,LOCK
482.56,52.48264052681296,-1.4775566438392005,52.54382389237057,-1.5412576346230316,52.482315420205246,-1.477496375414095,LOCK
483.84,52.48259130336984,-1.4771486373059162,52.543778873030966,-1.5414887490494587,52.48225526140186,-1.4770517898151876,LOCK
485.12,52.48253808846518,-1.4767318670557361,52.543736414752786,-1.5417176990757189,52.48219013640134,-1.4766034106346877,LOCK
486.4,52.482497006129044,-1.476312984381765,52.54369298961032,-1.5419439688261312,52.48212779125994,-1.4761624309035126,LOCK
487.68,52.48243067090241,-1.4759006410036866,52.5436487581857,-1.542168686490341,52.4820491407574,-1.4757359151470804,LOCK
488.96,52.4823733781645,-1.4754876098266285,52.54360604015462,-1.5423934291735366,52.481974950691004,-1.4753062987283134,LOCK
490.24,52.48231741218006,-1.4750736433552707,52.54356312512349,-1.5426192081109817,52.48189955196738,-1.4748810957637597,LOCK
491.52,52.48225702935005,-1.4746635788272027,52.54351567580505,-1.5428422233727728,52.481820709044214,-1.4744655721852444,LOCK
492.8,52.482186930366616,-1.4742605288242927,52.543466051437676,-1.543064499008897,52.48173886043962,-1.4740536846638967,LOCK
494.08,52.48214572909727,-1.4738564753806849,52.543418707787026,-1.543279828946262,52.48167908749627,-1.4736376155413458,LOCK
495.36,52.48208767193662,-1.4734640846595313,52.54337095714269,-1.5435011324014187,52.48156891869523,-1.4733444917893237,LOCK
496.64,52.48185284959754,-1.473454505234435,52.54332455419237,-1.543725388707054,52.48139593916621,-1.4733474265738482,LOCK
497.92,52.48161716930456,-1.4734126907639515,52.54327833983199,-1.5439522334222342,52.481161602454094,-1.4734061059859995,DENIED
499.2,52.4813726009289,-1.4734247325713026,52.54322919637828,-1.544174800522209,52.480954560154835,-1.4736227164146705,DENIED
500.48,52.48113283366796,-1.4734485374627357,52.5431818477523,-1.544388749761885,52.480750974888295,-1.4738255651638448,DENIED
501.76,52.48090040583375,-1.4734303543844403,52.54314050699394,-1.5445936408280285,52.4805487187667,-1.4740196223986193,DENIED
503.04,52.48067319535406,-1.4733744213636526,52.543087572135754,-1.544798394990784,52.48034816722918,-1.4742040190755623,DENIED
504.32,52.48042806264431,-1.4733901329701569,52.543032771665544,-1.544999813005756,52.480141469777294,-1.4744234148888222,DENIED
505.6,52.48018849460342,-1.4734613362175928,52.542977713334956,-1.5451961178172477,52.479935054748154,-1.4746371553419673,DENIED
506.88,52.47995145323982,-1.4735283996677244,52.54292383203672,-1.545395031879947,52.47972978943797,-1.4748417828783074,DENIED
508.16,52.47971823237641,-1.47353212914182,52.54287276402965,-1.5455929863462705,52.47952851796493,-1.475031626264288,DENIED
509.44,52.47948671039551,-1.4734997384824904,52.542827344186286,-1.545792245621827,52.47932497239783,-1.4752149536597967,DENIED
510.72,52.47925964043176,-1.4734578561769325,52.54278342346639,-1.5459904029064464,52.47912381553542,-1.475392953269449,DENIED
512.0,52.47904671348273,-1.473438790146753,52.542740761146064,-1.5461780227849296,52.47893231701196,-1.4755432465559826,DENIED
513.28,52.47884500098077,-1.4734002633339776,52.54270538359569,-1.5463417992029798,52.478747819802756,-1.475677363336389,DENIED
514.56,52.47866638561124,-1.473350347332999,52.542669940444455,-1.5465242318890926,52.478578255092366,-1.475781624777545,DENIED
515.84,52.47847751503018,-1.473310069697246,52.54262482013209,-1.546697513210466,52.478400669113505,-1.4758969132525583,DENIED
517.12,52.47829039300958,-1.473301215352045,52.54257854600169,-1.546875896335981,52.4782258620377,-1.4760053899526777,DENIED
518.4,52.47809862777074,-1.4732559115063069,52.54253405348677,-1.547067717475678,52.47804556650422,-1.4761240040483734,DENIED
519.68,52.477898655826856,-1.4732190493579884,52.54249277764449,-1.5472728838305572,52.477858762821675,-1.4762540468746064,DENIED
520.96,52.47769590378279,-1.473141493335678,52.54245202396218,-1.5474891429099118,52.47766805531814,-1.4763941371472522,DENIED
522.24,52.47748616992452,-1.4730944622299045,52.54241332602983,-1.5477120722244595,52.47747513225283,-1.4765415105309116,DENIED
523.52,52.477279248909745,-1.47301015179211,52.54237545371014,-1.5479321066412766,52.47728340828479,-1.4766882880296457,DENIED
524.8,52.47715500411789,-1.4732828967889642,52.54233825979086,-1.548161851887034,52.47709384432061,-1.4768261489554757,DENIED
526.08,52.47708255824945,-1.4735963258208635,52.54230434367349,-1.548386119951299,52.47690722153977,-1.4769637635052522,DENIED
527.36,52.47699914292117,-1.473881556499931,52.54227588183942,-1.5486075047418841,52.47672798955518,-1.4770831869268766,DENIED
528.64,52.47690145633836,-1.4741562554544014,52.54224584211755,-1.5488320068269052,52.476551044667374,-1.4772000563717496,DENIED
529.92,52.476856484824374,-1.4744763451720764,52.542216281757035,-1.5490564329523782,52.476366129960724,-1.477334166519043,DENIED
531.2,52.4768112680025,-1.4748088010241547,52.542183727707176,-1.5492839321138845,52.47617740696227,-1.4774775992179656,DENIED
532.48,52.47676652895691,-1.4751475942063144,52.54215035775466,-1.549513216516269,52.47598633526285,-1.4776262801239812,DENIED
533.76,52.47672032001183,-1.4754955248062318,52.54211832466609,-1.5497383435298708,52.475791075961425,-1.4777816628869116,DENIED
535.04,52.47665884476562,-1.475822689070459,52.542088235329416,-1.5499737679218641,52.47559951770545,-1.4779248488876953,DENIED
536.32,52.47658550163447,-1.476150428091081,52.54206182095211,-1.5502161225103046,52.47540763908405,-1.4780758602848771,DENIED
537.6,52.47650813787142,-1.4764678911673665,52.54203738174956,-1.5504608694910191,52.4752179978565,-1.4782152849373786,DENIED
538.88,52.47640944077925,-1.4767702403237104,52.54202049827273,-1.5507123219825503,52.47502814959226,-1.4783599831636578,DENIED
540.16,52.47629919704469,-1.4770790049668574,52.542006730976084,-1.5509664639638594,52.47483214265731,-1.4785156599857634,DENIED
541.44,52.47618393117765,-1.4773696531749254,52.54199374629241,-1.551219338887125,52.474639239036726,-1.4786621313896753,DENIED
542.72,52.47607892603977,-1.4776489799564314,52.54198136841509,-1.5514591981148926,52.474454081388735,-1.4787919408264425,DENIED
544.0,52.47599406771198,-1.477875428550578,52.541966909306794,-1.5516757918911952,52.47430055958158,-1.4788771304107435,DENIED
545.28,52.47592415503613,-1.4780883794672364,52.54195312332347,-1.5518765500418588,52.47415958503768,-1.4789502829443852,DENIED
546.56,52.47585670163584,-1.4782928355404223,52.54193913858693,-1.5520766311291796,52.47402285602006,-1.4790197830242944,DENIED
547.84,52.475784986177615,-1.4785377078662547,52.54193041878267,-1.552291361088039,52.4738639549082,-1.4791086341457975,DENIED
549.12,52.47570594204462,-1.4788139363778547,52.54192406012148,-1.5525046785513503,52.47368921997092,-1.4792209313992892,DENIED
550.4,52.47562485959167,-1.4790867247019543,52.54191599213172,-1.5527154171950874,52.47351690596192,-1.4793297334575213,DENIED
551.68,52.47554558394104,-1.479362941524277,52.54190633529108,-1.5529266921858054,52.4733438468233,-1.47944093260164,DENIED
552.96,52.475461461062714,-1.4796471974411445,52.54189777903308,-1.5531385086538756,52.473164327857866,-1.4795609885571708,DENIED
554.24,52.47542636115213,-1.479958761111992,52.541869568303454,-1.553345111402745,52.47298569280983,-1.4796785359724651,DENIED
555.52,52.47543230313677,-1.4802857501838806,52.54184061642971,-1.5535537657627057,52.47280133095259,-1.479804326035656,DENIED
556.8,52.47540993314404,-1.4806401668420117,52.541810326005645,-1.5537724541888074,52.47260688337567,-1.479962865100253,DENIED
558.08,52.475390444283335,-1.4810064794818958,52.54177850536488,-1.5539967594087,52.47240869743666,-1.480138276680749,DENIED
559.36,52.47536133284725,-1.4814191420312923,52.54174609335046,-1.5542223480033848,52.47220019392014,-1.4803807651987102,DENIED
560.64,52.475355208506855,-1.4818290985750382,52.54171234168622,-1.5544441727901521,52.471992764288856,-1.4806145740619878,DENIED
561.92,52.47533016496518,-1.4822409383860446,52.541679255283036,-1.5546585083794948,52.47178372140939,-1.4808561402303655,DENIED
563.2,52.47531698570438,-1.482639893028689,52.54164730940204,-1.5548672883306254,52.47157603176074,-1.4810642311530546,DENIED
564.48,52.47531062041923,-1.4830280068895247,52.541617688712684,-1.5550700301070175,52.47137332473508,-1.4812607329978191,DENIED
565.76,52.475280728119515,-1.483387063554907,52.54159044221616,-1.5552676338174964,52.47117815838508,-1.4814271890875026,DENIED
567.04,52.47524519821453,-1.4837433407807832,52.54156550890776,-1.5554601117314026,52.470982944503014,-1.4815918137930653,DENIED
568.32,52.4752110501991,-1.4840659152259807,52.54154238611405,-1.5556449366049774,52.470799752700316,-1.4817180077140553,DENIED
569.6,52.475167700869434,-1.4843863370773138,52.54151833432796,-1.5558356350515026,52.47061430710587,-1.4818495795208373,DENIED
570.88,52.47511449285667,-1.4847285529929721,52.541493943254125,-1.5560233160882309,52.470419907909715,-1.4819996173382228,DENIED
572.16,52.475079302175665,-1.4850706623441425,52.541469736514514,-1.5562126817651367,52.47022802066125,-1.4821495110548166,DENIED
573.44,52.475019734756735,-1.4854195686414202,52.54144599342529,-1.556400142668801,52.47003007885629,-1.4823135234143545,DENIED
574.72,52.47497225952866,-1.4857518125811566,52.541422091601696,-1.556582470084034,52.469840337141775,-1.4824526445589319,DENIED
576.0,52.47493310166912,-1.4860893956860888,52.5413974254073,-1.5567669361300207,52.46964930392603,-1.482598218190385,DENIED
577.28,52.4748567946201,-1.4864356322515042,52.54137327309522,-1.5569540580359902,52.46945060990692,-1.4827627824561667,DENIED
578.56,52.47478952996998,-1.4867782800822087,52.54134865316718,-1.5571407556192438,52.469253667196135,-1.4829219900704702,DENIED
579.84,52.47472054623555,-1.4871106386988004,52.54132397683754,-1.557326658503407,52.46906212685394,-1.4830726921857684,DENIED
581.12,52.47466652497598,-1.4874434980589295,52.54129945777973,-1.5575139800379523,52.468872681833595,-1.4832177273210974,DENIED
582.4,52.47456079142817,-1.4877876773106917,52.541276302696666,-1.5577034491420292,52.468667177550856,-1.4834114999490355,DENIED
583.68,52.47445297559961,-1.4881231397656582,52.541257543613526,-1.5578958913292273,52.46846509222189,-1.4835929600437898,DENIED
584.96,52.474318964971985,-1.4884365884185449,52.54124505983024,-1.5580906035433923,52.468262767075984,-1.4837834087290547,DENIED
586.24,52.47416842922785,-1.4887316005467823,52.541233181895734,-1.558288726011402,52.468059597853035,-1.483979181479327,DENIED
587.52,52.47401605994864,-1.4890414855143161,52.54122067037927,-1.5584897934196262,52.46785108034446,-1.48418420260352,DENIED
588.8,52.47389692670873,-1.4894070126974803,52.541207171460194,-1.5586897553880494,52.467641113209055,-1.484414840377411,DENIED
590.08,52.47378761354368,-1.4897724628756557,52.541192537600786,-1.5588929954749886,52.46743462999607,-1.4846385160308173,DENIED
591.36,52.47367109548715,-1.4901349005815288,52.54118211600483,-1.5590969817738103,52.46722767295566,-1.4848669916815849,DENIED
592.64,52.47358830256087,-1.4904831457589784,52.541170335977526,-1.5593088390936378,52.46702588523441,-1.4850417389531412,DENIED
593.92,52.47350149272836,-1.4908508012925363,52.54115707362146,-1.5595302132079545,52.46682014718133,-1.485248072630027,DENIED
595.2,52.47341578631418,-1.4912477174053762,52.54114250811818,-1.559752994449973,52.4666136180325,-1.4854992737596544,DENIED
596.48,52.473341188440465,-1.4916557520978175,52.54112561051652,-1.5599762526590177,52.46640808024933,-1.485763007552636,DENIED
597.76,52.4732745438159,-1.4920746520805466,52.54110642985426,-1.5602033630774848,52.466199681979795,-1.4860355524700581,DENIED
599.04,52.473018758374685,-1.4920411627926031,52.541085683898196,-1.5604326527987329,52.4659915026729,-1.4862825251194183,DENIED
600.32,52.47297183917343,-1.4923941850138989,52.54106460735284,-1.5606634372767088,52.465792947743275,-1.4864429127969803,DENIED
601.6,52.47290762589966,-1.4927503915673,52.54104436796119,-1.5608935257881063,52.46559548434016,-1.4866237285134989,DENIED
602.88,52.47284699515966,-1.4931103345238612,52.54102085489927,-1.561115735014817,52.46539412291615,-1.4867950528568006,DENIED
604.16,52.472792926748255,-1.4934643124450446,52.54099906035573,-1.5613351017843908,52.46519577184181,-1.4869612959058172,DENIED
605.44,52.472746351694106,-1.493816680796995,52.54097542003669,-1.5615577313184876,52.4649993052896,-1.4871228948264539,DENIED
606.72,52.472694124987406,-1.4941938564344404,52.54095379505073,-1.5617897215592913,52.464796536172564,-1.4873139570447513,DENIED
608.0,52.472648799946306,-1.4946212338111113,52.54093007673762,-1.562019227810377,52.46458905510766,-1.487581566120236,DENIED
609.28,52.472397138091026,-1.494750920003231,52.540904802769205,-1.5622483115262018,52.46438154182096,-1.487848297641094,DENIED
610.56,52.472134382057675,-1.4946664750947214,52.540878292527594,-1.562479446947379,52.46417436603303,-1.4881257614555663,DENIED
611.84,52.471865445471366,-1.4945877392308509,52.54085304566858,-1.5627097034225526,52.4639666543013,-1.488416772964078,DENIED
613.12,52.47180325671778,-1.495023802307433,52.54082997722687,-1.5629376891605078,52.46375926691963,-1.4887065496482559,DENIED
614.4,52.471741278089475,-1.4954576184412265,52.540809077810195,-1.5631636336448131,52.463551753522495,-1.4889943000396038,DENIED
615.68,52.47167167504207,-1.4958799648732164,52.54079041584813,-1.5633824722547558,52.46334342395559,-1.489269028576625,DENIED
616.96,52.47160109220507,-1.4962922627076283,52.540773878987586,-1.5635939736564015,52.46313492978722,-1.4895289745669213,DENIED
618.24,52.47153589691712,-1.4966834963254307,52.540763142334484,-1.5637963375343908,52.462927305351705,-1.489746612238482,DENIED
619.52,52.47143273350857,-1.4970413740403545,52.54076102458882,-1.5639991524612036,52.46272238106883,-1.4899543905190624,DENIED
620.8,52.47134059314139,-1.4974157383999527,52.54074644805363,-1.564201357464412,52.46251407016992,-1.4901734105905742,DENIED
622.08,52.471286188348124,-1.4978142115142552,52.54073617993436,-1.5644035287491609,52.46230578148645,-1.4903953770555591,DENIED
623.36,52.471213783846174,-1.4982112661878106,52.540726774208956,-1.5646096114868446,52.462095717382326,-1.4906280645304815,DENIED
624.64,52.47115023254689,-1.498612553711034,52.54071962843022,-1.5648164206487818,52.46188736033573,-1.4908621429914672,DENIED
625.92,52.47105086429826,-1.4990144420786329,52.540714082641614,-1.5650293990004946,52.46167923618309,-1.491132353324421,DENIED
627.2,52.470948870655164,-1.499405142926622,52.5407129409495,-1.565237210323215,52.461472982502066,-1.4913853147125813,DENIED
628.48,52.47076205682547,-1.4996914165684203,52.54071377296795,-1.5654499328808231,52.46126389410592,-1.4916321104271701,DENIED
629.76,52.470507621057045,-1.4996960066370797,52.540717653954765,-1.5656601756383073,52.46105472297353,-1.4918678289371845,DENIED
631.04,52.47040613751057,-1.5000725364904866,52.54072406690967,-1.5658694438684746,52.46084765295653,-1.4920985558895805,DENIED
632.32,52.470321060777245,-1.5004686000418759,52.54073035102965,-1.5660769574174134,52.46064000225717,-1.4923439753115046,DENIED
633.6,52.47021185603141,-1.5008539870455482,52.54073760409076,-1.5662823807263042,52.4604321923354,-1.4925972183304075,DENIED
634.88,52.470094488697995,-1.5012421915580922,52.54074531957497,-1.5664871823197632,52.46022308076284,-1.4928632139519298,DENIED
636.16,52.46998571907393,-1.5015885311858184,52.5407549134001,-1.5667047676188979,52.46001594161598,-1.493063429300604,DENIED
637.44,52.469855443035485,-1.5019383604760144,52.54076629856389,-1.566919141981234,52.45980922051178,-1.493289702225108,DENIED
638.72,52.46973377404492,-1.5023082535817367,52.540778665630896,-1.5671296825248242,52.45959962794356,-1.4935340645276365,DENIED
640.0,52.4695953912098,-1.5026519707741026,52.54079054236246,-1.567332987665741,52.45939057501514,-1.4937629721567502,DENIED
641.28,52.46950868542561,-1.503088267756023,52.54079231111697,-1.5675350623703679,52.45918406549172,-1.494079871899053,DENIED
642.56,52.4694733534522,-1.5035214568967004,52.54078349990845,-1.567721663027548,52.45897862455858,-1.4943627028498145,DENIED
643.84,52.46920838184521,-1.5035861290048858,52.54077662065062,-1.5679105185016062,52.45877221343944,-1.4946408709369834,DENIED
645.12,52.46902153464707,-1.503889836901594,52.540770679547045,-1.568097069385751,52.45856411739564,-1.4949055850356385,DENIED
646.4,52.46901802097046,-1.50424702799822,52.54075911077373,-1.5682702656860987,52.458369870068786,-1.4950618138829916,DENIED
647.68,52.468812721793256,-1.5043056901427805,52.540748528954516,-1.5684457731359,52.45818142629906,-1.495198551592917,DENIED
648.96,52.46883142474654,-1.504681387923915,52.54073627578316,-1.5686339976176427,52.45797706620524,-1.4953837081999695,DENIED
650.24,52.468869568875924,-1.505067358092551,52.54072168034472,-1.568830310819715,52.45776987601934,-1.4955871482001362,DENIED
651.52,52.468905506655986,-1.505459444514589,52.54070556425372,-1.5690237667271192,52.45756290891648,-1.4957966986981879,DENIED
652.8,52.468966761666735,-1.5058299962786796,52.540689999844616,-1.5692141078482515,52.457360949082215,-1.4959887677453885,DENIED
654.08,52.46891558935924,-1.5061264897700681,52.54067446416887,-1.569407730065727,52.457185495607106,-1.496097039770105,DENIED
655.36,52.468718071246286,-1.5060766340044096,52.54066119556072,-1.569605675297177,52.457000488904306,-1.4962234350708359,DENIED
656.64,52.46851926725006,-1.5061076246373764,52.54064519175223,-1.5698016491430549,52.456816080137074,-1.4963508217515458,DENIED
657.92,52.46851737750061,-1.506444251230935,52.540617483307564,-1.5699938438786414,52.456629738476956,-1.4964910309498205,DENIED
659.2,52.46835822915514,-1.5066296538306156,52.54058097971501,-1.5701813057560585,52.45644903449887,-1.4966179371838515,DENIED
660.48,52.468197358417086,-1.5068315393831375,52.54053797945456,-1.570369688379175,52.456263075785216,-1.4967507590392732,DENIED
661.76,52.46804610921426,-1.5070479016572298,52.5404867099623,-1.5705485261048224,52.456079547672715,-1.4968812573907835,DENIED
663.04,52.46796575040016,-1.5073414803553937,52.54043235749947,-1.5707141133800386,52.45589789543438,-1.4970095838544912,DENIED
664.32,52.4678791180853,-1.5076265329211997,52.5403766542215,-1.5708677314676134,52.45571844476515,-1.4971285171223974,DENIED
665.6,52.46778724540347,-1.5078961974517018,52.540324119506245,-1.5710341469079236,52.455542806082875,-1.497240073460805,DENIED
666.88,52.46769960455313,-1.5081681928991122,52.540273773269796,-1.5712144743446144,52.455368376883605,-1.4973509018298286,DENIED
668.16,52.46756226559956,-1.5084103627652359,52.54022857646003,-1.5714125000820283,52.45518438687454,-1.4974814742817317,DENIED
669.44,52.46739818722447,-1.5086321069328519,52.54019769770593,-1.571608654834242,52.45499261247747,-1.497628687312539,DENIED
670.72,52.46721173736564,-1.5087369983988517,52.540173891175186,-1.5718068588585057,52.45481216489286,-1.4977506551437225,DENIED
672.0,52.46701492809941,-1.5088001566302323,52.54014887487827,-1.572012976437092,52.4546269683168,-1.4978786863951519,DENIED
673.28,52.46680644796212,-1.5088748605795883,52.54012256141116,-1.572226020407559,52.45443265473813,-1.498029975497129,DENIED
674.56,52.46659748199491,-1.5089584316470277,52.54009544143007,-1.572442187402523,52.454239900957894,-1.4981872237636213,DENIED
675.84,52.46638694515708,-1.5090210648781992,52.54006856996235,-1.5726623485171154,52.45404621113537,-1.4983364116483169,DENIED
677.12,52.46617988777865,-1.5091571744595234,52.54003595657742,-1.572881828169966,52.4538481083514,-1.4985048093046245,DENIED
678.4,52.465977686510975,-1.5093203355476548,52.53999729657216,-1.5730989566619984,52.45364876208248,-1.4986730045726528,DENIED
679.68,52.4657876170618,-1.509526597719682,52.539948395778076,-1.5733113599371922,52.45344932609258,-1.4988483578185516,DENIED
680.96,52.465617625416584,-1.509770070967582,52.539886341617745,-1.5735129623144593,52.45325166363231,-1.4990236190282875,DENIED
682.24,52.46548000004793,-1.5100775086316485,52.53981504589848,-1.5737025893294645,52.453048832150934,-1.4992150839072482,DENIED
683.52,52.46534752669316,-1.5103898957796131,52.53973982456128,-1.5738938282311536,52.452845272160374,-1.4994005284816965,DENIED
684.8,52.46521717689872,-1.510709000704355,52.53966537767516,-1.5740909885884202,52.45264210510829,-1.4995957446735437,DENIED
686.08,52.46507313873391,-1.5110181011119836,52.53959967228954,-1.5742889721108246,52.45243612081521,-1.4997926667374166,DENIED
687.36,52.464927523022105,-1.5112995280467405,52.539537380324944,-1.5744819885068726,52.452237684455866,-1.499963792893777,DENIED
688.64,52.464785793157915,-1.5115679962498016,52.53947422951301,-1.574674876239905,52.45204530205562,-1.500116294793903,DENIED
689.92,52.46464955223825,-1.5118568083833532,52.53940931403453,-1.5748632220151844,52.45184539740831,-1.50028458244829,DENIED
691.2,52.46452590440203,-1.512148946618298,52.53934296325282,-1.5750435568747123,52.45165190188275,-1.5004417749593595,DENIED
692.48,52.46447729019724,-1.5124063040501878,52.53927626028193,-1.5752154971832975,52.45147274839387,-1.5005672137611852,DENIED
693.76,52.464429362938276,-1.5126663768740378,52.539207762315925,-1.5753844467643787,52.451284579364504,-1.5007042318858979,DENIED
695.04,52.46435977527631,-1.5129855115060844,52.5391320268182,-1.5755598893459526,52.45109586580434,-1.5008424304897212,DENIED
696.32,52.46433398140199,-1.5133471172786483,52.53905072260486,-1.5757381672091715,52.45089733918924,-1.501007387407126,DENIED
697.6,52.464305717983244,-1.5137215673405675,52.53896949173135,-1.5759146741075032,52.45069517278968,-1.5011888019412691,DENIED
698.88,52.464295952494034,-1.514070547025189,52.53888818718441,-1.5760965507272096,52.45050165189158,-1.5013367234762414,DENIED
700.16,52.464279483619976,-1.5144247981173022,52.53880657716322,-1.5762835048996544,52.45030639614351,-1.5014907071137746,DENIED
701.44,52.46429720191671,-1.514765753898857,52.5387206686913,-1.57646884029118,52.45011645429189,-1.5016339142858002,DENIED
702.72,52.464307306220874,-1.5151120104988143,52.53863326897571,-1.5766530204265778,52.44992535619913,-1.5017812140271336,DENIED
704.0,52.46432308033143,-1.5154546187673963,52.53854394931059,-1.576835373849409,52.44973499563717,-1.5019234189888337,DENIED
705.28,52.46411935175707,-1.5155836468375878,52.53845043881354,-1.5770261192530952,52.44953724649806,-1.5020859886345137,DENIED
706.56,52.46392650024478,-1.5157381001911778,52.53835298091517,-1.5772236289567674,52.449344596716294,-1.5022341690746785,DENIED
707.84,52.4637236502647,-1.5158752713443016,52.53825091404244,-1.577422028272347,52.44914877878021,-1.5023946439603404,DENIED
709.12,52.46353113813334,-1.5160526344191496,52.53814338511697,-1.5776223371008127,52.448952089670804,-1.5025585655230675,DENIED
710.4,52.46336464611915,-1.5162430083628229,52.53803264327473,-1.5778157418353649,52.44876670603066,-1.5026909743253667,DENIED
711.68,52.46329881760507,-1.5165666878952093,52.53791965429011,-1.578016131945784,52.4485773088074,-1.5028306848515214,DENIED
712.96,52.4633158715865,-1.5169045634422968,52.53782215308331,-1.5782153423522625,52.44838907909355,-1.5029692226179794,DENIED
714.24,52.463259666380125,-1.5172203228061856,52.53772039194543,-1.5784249434533693,52.448205884099,-1.503097446669902,DENIED
715.52,52.46318182786583,-1.5175438050602446,52.53761639964953,-1.5786416884207732,52.448012985728276,-1.5032434935414156,DENIED
716.8,52.46311981968561,-1.5178759167461031,52.53750999729393,-1.5788646059703026,52.44782024702276,-1.5033914486914541,DENIED
718.08,52.46304518532088,-1.5182074372695096,52.53740399583908,-1.5790895145639476,52.4476267857466,-1.5035471929835895,DENIED
719.36,52.462982713979635,-1.5185475222752713,52.537299435233166,-1.579310806612647,52.44743273716479,-1.503703219128042,DENIED
720.64,52.462914721632124,-1.5188711408852233,52.537197048690516,-1.579524755290644,52.44724324316006,-1.5038436102023087,DENIED
721.92,52.46285984408504,-1.5191828396298486,52.53709735342675,-1.5797283872548498,52.447059780251244,-1.5039675232618905,DENIED
723.2,52.462808720866704,-1.5194878510782084,52.53699516788979,-1.5799298478664938,52.44688186393654,-1.504090598976238,DENIED
724.48,52.462745216408045,-1.5198036839210287,52.536890886481636,-1.5801287985609846,52.44669792359342,-1.5042254221055635,DENIED
725.76,52.4626986742855,-1.5201387033112375,52.53678111502871,-1.5803225668145264,52.44650769477365,-1.504369767643035,DENIED
727.04,52.462649263745384,-1.5204936899077894,52.53667243686794,-1.5805190427600928,52.4463099020959,-1.5045331126445152,DENIED
728.32,52.46260914951265,-1.520842389990651,52.536566144961434,-1.5807115279672217,52.446114361040166,-1.5046896462922028,DENIED
729.6,52.46256012514092,-1.5211419900612666,52.53646409630756,-1.5808984810038071,52.44593830133111,-1.504804548104059,DENIED
730.88,52.46251209862868,-1.5214332232051901,52.5363661996328,-1.5810880679068242,52.44576562400873,-1.5049095344943544,DENIED
732.16,52.462464529707255,-1.521709355422122,52.53627497547282,-1.581282289535488,52.44559895051459,-1.505010652764327,DENIED
733.44,52.462392527485825,-1.5219806465489178,52.536187202265836,-1.581480097798768,52.44542919230029,-1.505114055693717,DENIED
734.72,52.46232126428141,-1.5222575871849173,52.5360959018715,-1.5816714117775037,52.44525767138853,-1.5052207971829645,DENIED
736.0,52.462267528075536,-1.5225540645140518,52.535993163511364,-1.5818448764275033,52.44507990270641,-1.5053321623846456,DENIED
737.28,52.462232571355806,-1.5228630122495825,52.53589068768574,-1.5820207612470572,52.444901776146686,-1.5054495081831192,DENIED
738.56,52.46221333185326,-1.5231744772479598,52.535788954737924,-1.5822029200427215,52.444724096521554,-1.505564017106299,DENIED
739.84,52.46217601006688,-1.5234867322807102,52.535689268645235,-1.58237756918864,52.44454173510323,-1.505682647242004,DENIED
741.12,52.46215177654836,-1.523794384323811,52.53559071084719,-1.5825451871134892,52.444363958998686,-1.5057957995369313,DENIED
742.4,52.46199058287167,-1.5238600299115002,52.53549273622222,-1.582704642076241,52.444205178008374,-1.5058834851841731,DENIED
743.68,52.46184774617025,-1.5239334384156809,52.535401311414184,-1.5828561306236029,52.44406178536154,-1.5059570984355948,DENIED
744.96,52.461700894255635,-1.5239898630756403,52.53531285283319,-1.5830093622324912,52.44391664809579,-1.5060327296429512,DENIED
746.24,52.46155712868579,-1.5240462006165465,52.53522653008309,-1.5831649152758902,52.44377589666789,-1.5061045849027552,DENIED
747.52,52.461409088068436,-1.5240920665955517,52.535139810089724,-1.583320932106682,52.444142324651395,-1.5067881012878972,LOCK
748.8,52.46125735909177,-1.5241372681827938,52.53505505879717,-1.5834783230866758,52.4445087526349,-1.507471617673039,LOCK
750.08,52.46110225780207,-1.5241806974690504,52.53497010583194,-1.583637045824062,52.44487518061842,-1.508155134058181,LOCK
751.36,52.46095541801219,-1.524248281921974,52.534886396822586,-1.5837897938937238,52.44524160860192,-1.508838650443323,LOCK
752.64,52.46081208195566,-1.5243257372614727,52.534807905509496,-1.583947005981296,52.445608036585426,-1.5095221668284649,LOCK
753.92,52.4606582936566,-1.5243728625749904,52.5347350741371,-1.5841151583621782,52.44597446456894,-1.5102056832136066,LOCK
755.2,52.46065435848169,-1.5246305149626063,52.53465953867253,-1.584266902753387,52.44634089255244,-1.5108891995987486,LOCK
756.48,52.460640017367545,-1.5249079246180826,52.53458294906651,-1.5844231312850934,52.446707320535964,-1.5115727159838908,LOCK
757.76,52.46062258965188,-1.5251694148863302,52.5345089679145,-1.5845755683697698,52.447073748519465,-1.5122562323690325,LOCK
759.04,52.46049493127408,-1.5253131541696847,52.53443482246902,-1.5847135815634572,52.44744017650297,-1.5129397487541745,LOCK
760.32,52.460376880506715,-1.5254374906422128,52.53435240156856,-1.584845131485891,52.44780660448649,-1.5136232651393162,LOCK
761.6,52.4602645648406,-1.5255846675749904,52.534271696676726,-1.5849755898753255,52.44817303246998,-1.514306781524458,LOCK
762.88,52.46020706245331,-1.525867343906384,52.534192103812764,-1.5851020324805183,52.4485394604535,-1.5149902979096002,LOCK
764.16,52.46014829999865,-1.5261395899075223,52.53411550125884,-1.5852233763722865,52.448905888437004,-1.515673814294742,LOCK
765.44,52.46010255802236,-1.526395314693971,52.53404378378072,-1.585336878655132,52.44927231642052,-1.516357330679884,LOCK
766.72,52.4600581976002,-1.5266024262425424,52.53397579909113,-1.585442905630874,52.44963874440403,-1.5170408470650258,LOCK
768.0,52.460021064283104,-1.5268177199972863,52.53391029903779,-1.5855610821343198,52.450005172387534,-1.5177243634501676,LOCK
769.28,52.459940946857806,-1.5270154984188553,52.53384527728896,-1.58567531450444,52.45037160037104,-1.5184078798353098,LOCK
770.56,52.459848306149816,-1.5272198363497482,52.53377737301902,-1.5857909083955686,52.45073802835455,-1.5190913962204515,LOCK
771.84,52.45976995040229,-1.5274269385317525,52.53370821231437,-1.5859053739549074,52.45110445633806,-1.5197749126055935,LOCK
773.12,52.459682699434126,-1.5276373016741114,52.53363845473037,-1.5860191787067948,52.451470884321566,-1.5204584289907355,LOCK
774.4,52.45960013069824,-1.527838754419833,52.53356944673902,-1.5861317761186382,52.451837312305074,-1.5211419453758772,LOCK
775.68,52.459511197915816,-1.5280501685984038,52.53350013156091,-1.586244056358249,52.45220374028858,-1.5218254617610192,LOCK
776.96,52.459425839889526,-1.5282781791338327,52.533432880736086,-1.5863544934196652,52.45257016827209,-1.5225089781461612,LOCK
778.24,52.45934481046454,-1.5285054273930117,52.53335495212078,-1.5864639755989989,52.452936596255604,-1.523192494531303,LOCK
779.52,52.45929313736696,-1.52878554035632,52.53326530631866,-1.586569231183727,52.453303024239105,-1.523876010916445,LOCK
780.8,52.45926046651404,-1.5291131896433054,52.53317268546101,-1.5866778833911073,52.45366945222261,-1.5245595273015868,LOCK
782.08,52.4592376185484,-1.529449349486596,52.53307468625418,-1.5867932780436829,52.45403588020613,-1.5252430436867286,LOCK
783.36,52.45922603267083,-1.5297863117371495,52.532973416150064,-1.586910278599904,52.454402308189636,-1.5259265600718706,LOCK
784.64,52.459219053720744,-1.5301317483428574,52.53286868948273,-1.5870300643755684,52.45476873617314,-1.5266100764570127,LOCK
785.92,52.459216955802994,-1.530484487573461,52.53275714324539,-1.5871517453656498,52.45513516415665,-1.5272935928421547,LOCK
787.2,52.45921620865143,-1.5308502525431607,52.532644546421615,-1.5872802832597233,52.45550159214016,-1.5279771092272965,LOCK
788.48,52.45919488491283,-1.5312053763890527,52.53253779845154,-1.5874108237358087,52.455868020123674,-1.5286606256124384,LOCK
789.76,52.45913418075253,-1.5315338225969828,52.53243225018444,-1.587546020913485,52.456234448107175,-1.5293441419975804,LOCK
791.04,52.45899429021734,-1.53178506953494,52.53232356494519,-1.5876723897253588,52.45660087609068,-1.5300276583827221,LOCK
792.32,52.4589005274402,-1.5320993857269452,52.532212984865424,-1.5877933630429066,52.4569673040742,-1.5307111747678641,LOCK
793.6,52.45881425446198,-1.532430282755318,52.53210161515148,-1.587910470781321,52.4573337320577,-1.531394691153006,LOCK
794.88,52.4587292601117,-1.532763902743808,52.531988709363496,-1.5880249377680289,52.45770016004121,-1.5320782075381478,LOCK
796.16,52.45864662551478,-1.5331040055193899,52.53188088821522,-1.5881414601199753,52.45806658802472,-1.5327617239232898,LOCK
797.44,52.45854568649131,-1.5334047914846634,52.53177974996264,-1.5882524216801641,52.45843301600823,-1.5334452403084318,LOCK
798.72,52.45839043279002,-1.5336451062760097,52.53168029520554,-1.5883641956145476,52.458294061634795,-1.5336891392235903,LOCK
800.0,52.458256672418855,-1.5338714490035497,52.531583128278385,-1.5884749679932462,52.45816776050077,-1.5339117308373789,LOCK
801.28,52.45812395060234,-1.5341054174243298,52.53148061803581,-1.588584457168646,52.45804449131605,-1.5341490042280308,LOCK
802.56,52.45801154975481,-1.534377525357633,52.53137844974352,-1.5886947099180333,52.457933799582094,-1.5344192858107735,LOCK
803.84,52.45790517864436,-1.5346621141527084,52.53127643135229,-1.588800487455013,52.457845601878624,-1.5347300987932224,LOCK
805.12,52.45789980731711,-1.5350139938069007,52.53117477923402,-1.5889043180277176,52.45783030603292,-1.5351046117400051,LOCK
806.4,52.45792339669988,-1.5353576180844104,52.53106948198356,-1.5890006971388986,52.4577437253105,-1.5354030706574853,LOCK
807.68,52.4577091413808,-1.5353014344622964,52.53096651636174,-1.5890962932583514,52.45753813559143,-1.5353802515107438,LOCK
808.96,52.457500237459236,-1.5352897060461868,52.53086232189304,-1.5891929275828518,52.457342709286735,-1.5353538248870888,LOCK
810.24,52.457288658237175,-1.53523269137988,52.53075865567505,-1.589285997949275,52.457142878522745,-1.5353056986736424,LOCK
811.52,52.45708111724186,-1.5352206444590426,52.530652904034774,-1.5893749146483627,52.45694891234939,-1.5352839107525857,LOCK
812.8,52.45687149630475,-1.535215333679741,52.53054546670394,-1.589463652147307,52.45675135943803,-1.5352701057209517,LOCK
814.08,52.45666340429625,-1.5352126519126528,52.530442875870904,-1.589549851452953,52.45655344746351,-1.5352603444298791,LOCK
815.36,52.456479667651095,-1.5351915164479797,52.5303457783342,-1.5896320896063953,52.456377688680135,-1.5352165859172167,LOCK
816.64,52.456271867330784,-1.5351204344120526,52.530253389680304,-1.5897114563396162,52.456174373045755,-1.5351461538279305,LOCK
817.92,52.45606938614074,-1.535034717234771,52.53016832219085,-1.589784825993944,52.455975120032655,-1.5352042707663796,LOCK
819.2,52.45604913258354,-1.5353792112962141,52.530086256645525,-1.5898577644911134,52.45592915467902,-1.535538759879008,LOCK
820.48,52.45604308581943,-1.5357178521362302,52.53000338481319,-1.5899283692306483,52.45593201255677,-1.535886066595632,LOCK
821.76,52.45611112619684,-1.5360236994699696,52.52991906238497,-1.5900006522431844,52.45599472039322,-1.5362165745558418,LOCK
823.04,52.45618526701391,-1.5363252115920916,52.52983082416219,-1.5900783061491321,52.45606497611929,-1.5365360609451553,LOCK
824.32,52.456250292212246,-1.5366348845625615,52.529739974130656,-1.5901587823503336,52.45605980095616,-1.5368314240358427,LOCK
825.6,52.456090719836794,-1.536804195800921,52.52964775852037,-1.5902270003698906,52.45592956008692,-1.5369810668154815,LOCK
826.88,52.45595263077015,-1.537010444373303,52.52955691429804,-1.5902880238936716,52.455807499609776,-1.537163236332393,LOCK
828.16,52.45582821926219,-1.5372304597766249,52.52946628485986,-1.590345572940538,52.45568987770602,-1.5373516610584774,LOCK
829.44,52.45569356832874,-1.5374303633439121,52.52937258136704,-1.5904075777670652,52.45556660112172,-1.5375330118545698,LOCK
830.72,52.45556149534082,-1.5376588641930178,52.52928015581514,-1.5904636794153546,52.455443210683725,-1.5377463805840892,LOCK
832.0,52.455434929365495,-1.5379101377767779,52.52918624129919,-1.5905170926346617,52.45531962984346,-1.537978169177474,LOCK
833.28,52.45529347217085,-1.5381490440733305,52.529093052079695,-1.5905691431044842,52.45514295147725,-1.5381141115925037,LOCK
834.56,52.45511666473486,-1.5379587152281153,52.528998354460725,-1.5906216665463937,52.45495365385134,-1.538076908585888,LOCK
835.84,52.45499662090365,-1.5382507504212304,52.528902998619834,-1.5906752384401883,52.454834680029215,-1.5383514750156864,LOCK
837.12,52.454884649059785,-1.5385730128600044,52.52880864245306,-1.5907282848915159,52.45472494115485,-1.5386555067471408,LOCK
838.4,52.45476544112158,-1.5388125357418065,52.52872229977318,-1.590788013934479,52.45460612785492,-1.538860843409303,LOCK
839.68,52.454586728692135,-1.5390067750490937,52.52863701499669,-1.590844242562782,52.45443281052714,-1.5390216716566096,LOCK
840.96,52.454379761587745,-1.5390553688855573,52.52855913068592,-1.5908906506440228,52.454231113113714,-1.5390263734074645,LOCK
842.24,52.45422079853071,-1.5388821238211041,52.528483281287755,-1.5909385986007976,52.45406796971902,-1.5388760237770684,LOCK
843.52,52.45406469496223,-1.5387236765006136,52.52840950286766,-1.5909845292512876,52.45392947863406,-1.5386381069502015,LOCK
844.8,52.45410145590157,-1.5384597965413207,52.528343118318446,-1.591048317788441,52.45390704559108,-1.5383620274454104,LOCK
846.08,52.45399851369758,-1.538244756308636,52.52827418891776,-1.591118862896749,52.45379305173332,-1.5382211234193235,LOCK
847.36,52.45381281818082,-1.5382398335733314,52.528204186590955,-1.5911836026514592,52.45363349202699,-1.5382054269678869,LOCK
848.64,52.45363783882794,-1.5381548523932165,52.52813382886312,-1.5912525698250108,52.453473514447694,-1.5381028575083322,LOCK
849.92,52.45348394105192,-1.537946710983363,52.52806185727744,-1.591323916161257,52.453314987873654,-1.5379135950602192,LOCK
851.2,52.45335350683155,-1.5377564995854793,52.528005274365235,-1.5913815416296664,52.45318620943361,-1.5377289611658447,LOCK
852.48,52.45323659427824,-1.5375723786319724,52.527957901001386,-1.5914328235891395,52.453074434916125,-1.5375421700447545,LOCK
853.76,52.45311744002384,-1.5373550632513726,52.527909973069264,-1.591500507991488,52.45294207032305,-1.537372184076553,LOCK
855.04,52.45292170137767,-1.5373052807649603,52.52785977689252,-1.5915665523017843,52.45276476366609,-1.5373501258887372,LOCK
856.32,52.45273474286081,-1.5373589342846938,52.52781852512596,-1.5916221375261546,52.452594628002856,-1.5373902969149833,LOCK
857.6,52.45255486224921,-1.5373891356454743,52.52778415476995,-1.5916714764576632,52.45242517097857,-1.5373904924531099,LOCK
858.88,52.45236076193495,-1.537323265295341,52.52774840863038,-1.5917234446615396,52.45223774455613,-1.5373331147897702,LOCK
860.16,52.45215699869869,-1.5372623667614436,52.527711099569416,-1.5917767685613902,52.452041213004414,-1.5372769817042953,LOCK
861.44,52.451951421393304,-1.537191403872557,52.527674392746654,-1.5918312776817933,52.45184124846583,-1.5372039674570195,LOCK
862.72,52.45175241659517,-1.5370877260532985,52.52763905838738,-1.5918861771846942,52.45164484368778,-1.5370962428662969,LOCK
864.0,52.45155943541347,-1.5369434301664937,52.527604019545116,-1.591940769977105,52.45144664373971,-1.5370251698890847,LOCK
865.28,52.451362113540085,-1.5370738410657347,52.52756806722953,-1.5919987205832464,52.45124980800714,-1.5370809590520405,LOCK
866.56,52.45117751109691,-1.5369620808867015,52.52752985093005,-1.5920562968747167,52.45106472135878,-1.53699152033676,LOCK
867.84,52.45097241821384,-1.536920074783506,52.52748682707553,-1.5921063976286356,52.450862978749335,-1.536846629885622,LOCK
869.12,52.45095518757897,-1.5366049883772566,52.52744082857227,-1.5921585945740022,52.45075790470891,-1.5365957013078213,LOCK
870.4,52.45077169160469,-1.5365951834350553,52.52740075824704,-1.5922113609398574,52.45059883389645,-1.5365632881728652,LOCK
871.68,52.450588944985824,-1.536467158344207,52.52736037305518,-1.5922817679517596,52.45042461818122,-1.5364461932061309,LOCK
872.96,52.45040486665137,-1.5363137021036553,52.527318879022204,-1.5923547127517113,52.45024445235941,-1.5363131516159898,LOCK
874.24,52.45021430564038,-1.536181085996389,52.52727076879833,-1.592424150369304,52.45005830845541,-1.5362268940953516,LOCK
875.52,52.45000324995869,-1.5362143817013756,52.52722414293855,-1.5924894069181665,52.44986449787046,-1.5362541700214871,LOCK
876.8,52.449806335779655,-1.5362411274487684,52.527177256655705,-1.59255352042671,52.44968032699674,-1.5362694191543116,LOCK
878.08,52.44960800676738,-1.5362482267984996,52.5271320084698,-1.5926179131054652,52.44949130477145,-1.5362660509115134,LOCK
879.36,52.44940594852776,-1.536221642863672,52.52709096878071,-1.5926783998287555,52.449295652864926,-1.5362229125034472,LOCK
880.64,52.44921973684861,-1.5361059795080703,52.52705415863616,-1.5927549069364302,52.449109990282444,-1.5361004592885044,LOCK
881.92,52.44904517454325,-1.53592720348745,52.527015267459,-1.5928425823096914,52.448930445963065,-1.535927814878746,LOCK
883.2,52.448865366001876,-1.5357362870162912,52.52697524468709,-1.5929363163187924,52.44874663353254,-1.5357387618705716,LOCK
884.48,52.44869622086963,-1.5355172737537124,52.52693376733697,-1.5930331546703302,52.44856977712262,-1.5355269379997998,LOCK
885.76,52.44852454896897,-1.5353102660489515,52.52689283045749,-1.5931291932882106,52.44837589272392,-1.535441450899611,LOCK
887.04,52.44838458143956,-1.535565662275276,52.526852956684536,-1.5932238584585665,52.44823635245278,-1.5356537351538588,LOCK
888.32,52.4482321196447,-1.5358187885001788,52.526813333191,-1.5933199149180883,52.44809373859745,-1.5358849702026331,LOCK
889.6,52.44807812393634,-1.536074115475054,52.52677540333528,-1.5934170782491923,52.44794939802405,-1.5361237911260064,LOCK
890.88,52.447920058566915,-1.536312943659338,52.52673950961924,-1.5935147483335714,52.44780290696029,-1.5363524858669797,LOCK
892.16,52.447766284520284,-1.5365348349728378,52.526702421890946,-1.5936125095841644,52.44765933490116,-1.5365673303674516,LOCK
893.44,52.447605310354014,-1.536776125474518,52.52666360115555,-1.5937143868584933,52.44750108947972,-1.536790372913825,LOCK
894.72,52.44743802508844,-1.5369016636815276,52.526623230981215,-1.593825047724171,52.44734279378487,-1.5369066805342602,LOCK
896.0,52.44726609705557,-1.5369793352616823,52.526598705170976,-1.5939421359928503,52.44717850664581,-1.5369732585613465,LOCK
897.28,52.44707907446831,-1.5369979445374464,52.52658815400736,-1.5940762144573923,52.44699859322072,-1.5369902650982996,LOCK
898.56,52.446877361472595,-1.536981353521529,52.52657377763828,-1.594221754761459,52.446803435274994,-1.5369929071603594,LOCK
899.84,52.44667188003782,-1.5369980532157388,52.52655650448104,-1.5943766893522904,52.44660521350215,-1.5370180293839824,LOCK
901.12,52.44645360089129,-1.537052130841968,52.52653933325177,-1.594539679240972,52.44639267142543,-1.537066799098767,LOCK
902.4,52.446227492376686,-1.537084846465451,52.526519645649664,-1.5947128923916851,52.44617146671852,-1.5371063712591762,LOCK
903.68,52.44599614240962,-1.537136720953395,52.526499101243466,-1.5948897424604012,52.44594428309118,-1.5371589351896295,LOCK
904.96,52.44576206833905,-1.5371853387017387,52.52648024627706,-1.5950699867925138,52.445713364483694,-1.5372070109881468,LOCK
906.24,52.445532094893885,-1.5372167181908298,52.52645752646597,-1.595250629766115,52.445486755892844,-1.5372476552084156,LOCK
907.52,52.44530545936528,-1.5372721738730997,52.52643028259732,-1.5954323647030235,52.44526529595342,-1.53731241020241,LOCK
908.8,52.44507968064277,-1.537398040299737,52.52640667683532,-1.595614684496764,52.445038690863335,-1.5374137178693263,LOCK
910.08,52.444865276977715,-1.5374075209412823,52.526398578222384,-1.5958049488488313,52.444822368232444,-1.5374133284180111,LOCK
911.36,52.444657640908765,-1.5373533886984208,52.52639400560819,-1.5959902988608186,52.4446132439219,-1.5373767044158022,LOCK
912.64,52.444451112308094,-1.5373321529857047,52.52639581131325,-1.5961711965168244,52.444406754939315,-1.5373304402599852,LOCK
913.92,52.44426784341076,-1.5372011498025644,52.52640373855209,-1.596360282281838,52.44421533666304,-1.5372157365749284,LOCK
915.2,52.4440743089551,-1.53709380388041,52.526411507106,-1.5965416138359747,52.44402022137882,-1.5371062152157056,LOCK
916.48,52.44389678208755,-1.5369567349402227,52.52641841061228,-1.5967217703807333,52.443835568952444,-1.5370026936294439,LOCK
917.76,52.443695825974785,-1.536941745339059,52.52642319243911,-1.59691055858986,52.4436408893609,-1.5369920615804178,LOCK
919.04,52.44348725083465,-1.5369834904200588,52.52642431983981,-1.5971057233515322,52.44343690082715,-1.5370190158463004,LOCK
920.32,52.44327537246366,-1.5370008989226218,52.52642402082379,-1.5973068798178007,52.44322843500441,-1.5370353479528245,LOCK
921.6,52.443060653409105,-1.5370307992844359,52.526423106804586,-1.597511832523371,52.44301622158385,-1.5370554533237966,LOCK
922.88,52.44284739821248,-1.53703442666258,52.52642275079768,-1.5977090778463836,52.44280502199245,-1.5370621852817032,LOCK
924.16,52.44264304009476,-1.5370382893828949,52.52642227354556,-1.597893303854651,52.44260249518432,-1.537064176253074,LOCK
925.44,52.442447237477566,-1.5370371546989003,52.52642419679346,-1.5980762295945696,52.44240755981608,-1.5370523561209424,LOCK
926.72,52.44224762461619,-1.53699815472826,52.5264394645098,-1.598258010828773,52.44220651286932,-1.5369974780134146,LOCK
928.0,52.44203099054038,-1.5368886072170005,52.5264581393794,-1.5984329124834078,52.44198387058067,-1.5368963795393735,LOCK
929.28,52.441820251414626,-1.5367582180265984,52.526482562968035,-1.5986043638050669,52.441765880710484,-1.5367725382064308,LOCK
930.56,52.44163599931256,-1.5366058715359252,52.526513078080136,-1.5987576911354655,52.441574524157424,-1.5366225059678,LOCK
931.84,52.4414564313009,-1.5364450736232225,52.52655155651221,-1.5989018508126165,52.441389638605685,-1.5364556343513496,LOCK
933.12,52.44129246033853,-1.5362508452347354,52.526597418856234,-1.5990403534286417,52.44119824423516,-1.5363859499120553,LOCK
934.4,52.441185455525996,-1.5364714146829086,52.52663363637428,-1.599185645902535,52.44105917434446,-1.5364853768115339,LOCK
935.68,52.44101872466943,-1.5363183173591124,52.52667132724699,-1.5993364288161196,52.44088606845977,-1.5363389818103435,LOCK
936.96,52.44084723645482,-1.536157399787121,52.52670970751836,-1.5994873850667457,52.44072302690498,-1.5360747341404977,LOCK
938.24,52.440912042885095,-1.5358411084484316,52.52673465963041,-1.5996445886889517,52.440724840989304,-1.5356810681666953,LOCK
939.52,52.4409556768647,-1.535553703969367,52.526763766668665,-1.599795919795508,52.44070645350482,-1.5354008201466507,LOCK
940.8,52.4408058476775,-1.535349319187556,52.526810047647544,-1.5999472222562299,52.44057911124975,-1.5352265101086673,LOCK
942.08,52.44065615803646,-1.5350971312831334,52.526859715173224,-1.6001081796889491,52.440429903244336,-1.5350071571546886,LOCK
943.36,52.44049210185108,-1.5348539203780414,52.52690871395796,-1.6002697281413742,52.440266235816175,-1.5347954479062427,LOCK
944.64,52.44031512566017,-1.534639587834996,52.52695601614702,-1.6004331735013841,52.44010062178904,-1.5345569444563387,LOCK
945.92,52.44021584250632,-1.5343067025204962,52.52700236931241,-1.600596905707192,52.439960083123786,-1.5342764934019373,LOCK
947.2,52.440019171268304,-1.5341433277836438,52.527051414826225,-1.6007526673656005,52.43978406835918,-1.5341121004444973,LOCK
948.48,52.43984533800454,-1.5339305652178266,52.52710137825946,-1.6008966459106335,52.439606693116495,-1.5339796670651606,LOCK
949.76,52.4396381699524,-1.5340041854186688,52.52715384737758,-1.6010423695685025,52.43942184139629,-1.5339998364501672,LOCK
951.04,52.439428400131185,-1.5339179916570993,52.52720496934285,-1.601191264806205,52.43922048960304,-1.5338505741223385,LOCK
952.32,52.43933415569203,-1.5335820386101233,52.52725427742365,-1.6013341072983276,52.439089160734056,-1.5335168613593961,LOCK
953.6,52.43924898394137,-1.5332625426494286,52.52730006856925,-1.6014670966329119,52.43898504066625,-1.5332046485027735,LOCK
954.88,52.43914712684252,-1.5329882593641695,52.5273290967463,-1.6015963314409363,52.43887694122072,-1.532954967275956,LOCK
956.16,52.43899365997224,-1.5327907522570319,52.52735476138223,-1.6017292976721798,52.438739922785324,-1.5327714578510299,LOCK
957.44,52.43881871701013,-1.5326188952384505,52.527379919754196,-1.60185811063513,52.438582053909904,-1.5326030754676099,LOCK
958.72,52.43865864483775,-1.532439966922303,52.52740377254231,-1.601976771001686,52.43842374587068,-1.5325012658475614,LOCK
960.0,52.438466616455095,-1.5325767118997327,52.52742458443805,-1.6020886746986056,52.438247121476486,-1.5325688086073597,LOCK
961.28,52.43827281525843,-1.5324934896258673,52.52743833050757,-1.6021936373419416,52.438063662487146,-1.5324479693622512,LOCK
962.56,52.43814928067196,-1.532242826057329,52.52744256299749,-1.6022961010373074,52.43792175611187,-1.5322359483344923,LOCK
963.84,52.437979577187065,-1.5320945520396825,52.52744676090998,-1.6023924984828413,52.4377657948284,-1.5321024497756428,LOCK
965.12,52.437805298174545,-1.5319769295605687,52.52745104274802,-1.602487922662859,52.43760159984546,-1.5320585295828208,LOCK
966.4,52.4376555946082,-1.5321193551935621,52.52745336874909,-1.6025902255695943,52.437458536711944,-1.532123710184483,LOCK
967.68,52.43747926388702,-1.532042383703752,52.52745512740292,-1.6027037777217412,52.43729465720733,-1.5320605273856545,LOCK
968.96,52.43729438015693,-1.531990618924441,52.52745444087887,-1.6028231255965393,52.43712474476995,-1.532017542055137,LOCK
970.24,52.43710425414989,-1.531963922544153,52.52745165266891,-1.6029448775659387,52.43694921582728,-1.531983544652824,LOCK
971.52,52.43691170835099,-1.5319112857068784,52.527448899204536,-1.6030698715042113,52.43676797953405,-1.5319395231020645,LOCK
972.8,52.43670998341856,-1.5318817269355927,52.527445253898875,-1.6031957276818711,52.43657839605811,-1.5319169917319622,LOCK
974.08,52.43651646555561,-1.5318763683437846,52.52744035200986,-1.6033240911429956,52.43638664537046,-1.5317877300347813,LOCK
975.36,52.43651835998176,-1.531551823257313,52.52743698624126,-1.6034583461981373,52.43629418955896,-1.5315155384918668,LOCK
976.64,52.4363246614932,-1.5315005803500146,52.52743465797864,-1.6035925282258385,52.43612734530347,-1.5314591737230085,LOCK
977.92,52.43614567013755,-1.531362582545719,52.52743906683351,-1.6037264099480026,52.43595920079604,-1.5313265923644739,LOCK
979.2,52.435976417578004,-1.5311755009527495,52.527444467105234,-1.6038601101121768,52.43579210423586,-1.53115246632652,LOCK
980.48,52.435841420285655,-1.5309868195746006,52.52745629420008,-1.6040052218465446,52.435661265670056,-1.5309606001332456,LOCK
981.76,52.43570795154085,-1.530768898247503,52.527469440021356,-1.6041519691254207,52.435526726036066,-1.5307489061489106,LOCK
983.04,52.435574920268735,-1.530554225600088,52.527483078055724,-1.6042981511475334,52.43539663748163,-1.5305294656847388,LOCK
984.32,52.43545253643981,-1.5303127620303099,52.52749718856963,-1.6044433042723614,52.435268946832124,-1.5302943451885744,LOCK
985.6,52.43531779941003,-1.5300853366306535,52.52751153694324,-1.6045932207154914,52.435133043888165,-1.5300768876774042,LOCK
986.88,52.435183095749224,-1.5298917262531246,52.52752858648474,-1.604745429537676,52.434982606521025,-1.5299852113880668,LOCK
988.16,52.43504792988504,-1.5301106877368782,52.52754778144138,-1.604890519696591,52.43485788734172,-1.530174510447225,LOCK
989.44,52.43492109759794,-1.530282705610539,52.527566456321864,-1.6050159604925422,52.434745109444435,-1.530323254379774,LOCK
990.72,52.43478670053296,-1.5304164769020177,52.527584443327605,-1.6051353537630733,52.43462580637125,-1.5304410566405051,LOCK
992.0,52.434647656034656,-1.53051304958374,52.52760237252424,-1.6052530244920258,52.43449810429544,-1.530512444000311,LOCK
993.28,52.434512813133146,-1.5305184886624161,52.52760858997507,-1.6053603296470433,52.43438230958797,-1.530557357927852,LOCK
994.56,52.434406772142104,-1.5306354336706411,52.52760989003277,-1.6054690109068626,52.434285023702685,-1.5306597319374902,LOCK
995.84,52.434259155036926,-1.5307680432529394,52.52761367596358,-1.605577981945229,52.434144484932425,-1.5307724183770046,LOCK
997.12,52.43412459335827,-1.530814050605064,52.52761641345084,-1.6056838199212895,52.434022241596686,-1.5308230745794111,LOCK
998.4,52.43399705902301,-1.5308634075767942,52.52761907675357,-1.605786536035938,52.433905496826576,-1.5308751778044452,LOCK
999.68,52.43386605206222,-1.530924425397164,52.52762190680125,-1.6058903986729327,52.43378354212418,-1.530933551202694,LOCK
1000.96,52.433736852034635,-1.5309752364403006,52.527624967233194,-1.6059939785752866,52.43366275132028,-1.5309844477166716,LOCK
1002.24,52.43360870841949,-1.5310258955592586,52.5276282427091,-1.6060982262303036,52.43354173914943,-1.531033143803912,LOCK
1003.52,52.43347243894544,-1.5310764103546404,52.527630465166126,-1.6061960579104624,52.43340060871419,-1.5310077706633474,LOCK
1004.8,52.433383091242604,-1.5308380829210844,52.52763140541982,-1.606304242289633,52.433282521902754,-1.5307826749997457,LOCK
1006.08,52.433285358037196,-1.5305967328633214,52.527631103342486,-1.6064173461033167,52.433170862162406,-1.5305478313308751,LOCK
1007.36,52.43319248957232,-1.530353671426009,52.52763010964263,-1.6065340971083433,52.43306786158251,-1.530307575231027,LOCK
1008.64,52.43309794052551,-1.5301086806375157,52.52762992363022,-1.606654482633777,52.43294277369648,-1.5301273185578002,LOCK
1009.92,52.43291800418294,-1.5300975581335023,52.527627748637926,-1.6067746905629268,52.43278150355753,-1.5301353966503524,LOCK
1011.2,52.43273702204463,-1.5301794295252051,52.52762327468896,-1.6069044564991029,52.43260731476176,-1.5301564621943442,LOCK
1012.48,52.43254620045993,-1.5300540780713492,52.5276152729019,-1.6070417677532909,52.43241695759925,-1.5300538864501345,LOCK
1013.76,52.43234884182867,-1.5299530925946456,52.527608202820694,-1.6071818170397685,52.43222495769057,-1.5299489866439997,LOCK
1015.04,52.432165062700825,-1.5298018240467017,52.527607035978086,-1.6073213548106153,52.4320417124031,-1.5297852622251278,LOCK
1016.32,52.432011459603416,-1.5295728170513536,52.52760473852987,-1.6074609605864378,52.431877392389644,-1.5295573440688361,LOCK
1017.6,52.43187262900973,-1.5293239116234463,52.52759962731596,-1.6075985001349171,52.43172695075105,-1.5293154044349238,LOCK
1018.88,52.43172189527486,-1.5290842889666802,52.52759599180522,-1.6077412279657814,52.43157078201811,-1.5290780314690988,LOCK
1020.16,52.431567718940165,-1.5288388370714343,52.52759271117089,-1.6078801143856059,52.43141174883411,-1.528829579149413,LOCK
1021.44,52.43142604881603,-1.528576062634382,52.52758882533924,-1.6080182467510524,52.43125914431114,-1.5285739262953109,LOCK
1022.72,52.43127152035597,-1.5283395213041082,52.52758108588222,-1.6081514004595907,52.431105929323955,-1.5283209767306707,LOCK
1024.0,52.431175832596,-1.528076070907794,52.52757362835077,-1.608286056088368,52.431000796095354,-1.5280425615793194,LOCK
1025.28,52.43109269942491,-1.52781354835453,52.52756642403901,-1.6084174604531227,52.430875591471214,-1.5278634734363263,LOCK
1026.56,52.43093747571629,-1.5278967901212188,52.52756841466705,-1.6085380247710774,52.430742700933855,-1.527915897795791,LOCK
1027.84,52.430755928221025,-1.5279437249591583,52.527571183681175,-1.6086753289767506,52.43058307951805,-1.5279644545858377,LOCK
1029.12,52.430568380589314,-1.5280241830202907,52.52757480092481,-1.6088142570009323,52.430410009334224,-1.528023474466145,LOCK
1030.4,52.43037411707456,-1.528027129019512,52.52757697203873,-1.6089536447579447,52.43022982073644,-1.5280339298549144,LOCK
1031.68,52.4301714542798,-1.5280327806516376,52.527580837496295,-1.6090998353943213,52.43003975436007,-1.5280418757208896,LOCK
1032.96,52.42996629561133,-1.5280262989656204,52.52758564685307,-1.6092431775405138,52.42984517385476,-1.5280371230525047,LOCK
1034.24,52.42976097794967,-1.5279976731273268,52.527594082706464,-1.6093835200020574,52.429647049116184,-1.5279918611819838,LOCK
1035.52,52.42955761118731,-1.5278811869814373,52.52760354215569,-1.609531389844848,52.42944414350159,-1.5278834837323645,LOCK
1036.8,52.42935594537764,-1.5277411125919902,52.52761315878869,-1.609677212270802,52.42924309763775,-1.5277216245843521,LOCK
1038.08,52.42921462446798,-1.5274882455749683,52.52762400784624,-1.6098078582572768,52.42908514927882,-1.5274673133091814,LOCK
1039.36,52.429099625648526,-1.527223341995467,52.527637656318085,-1.6099356278720964,52.42895684669494,-1.527197928875674,LOCK
1040.64,52.42899028568884,-1.526950076928684,52.52765124108633,-1.610060496695657,52.428835757144384,-1.5269229777308848,LOCK
1041.92,52.428892884491646,-1.5266899553886164,52.52766193575701,-1.6101685227876656,52.428727799240484,-1.526665177904246,LOCK
1043.2,52.428787491664046,-1.526459953579818,52.52767106556912,-1.6102620181949596,52.428623194631804,-1.5264291295855263,LOCK
1044.48,52.428670330287844,-1.5261986158007323,52.52768002376094,-1.610358960925259,52.42849758950921,-1.526175552120926,LOCK
1045.76,52.428544470433565,-1.5259575816039952,52.52768785588579,-1.610446600254774,52.428370431102906,-1.525934387523155,LOCK
1047.04,52.42842123520685,-1.5257165446396275,52.52769518075825,-1.6105321966478647,52.42824379660849,-1.5256952426678998,LOCK
1048.32,52.42830762019218,-1.5254985443059437,52.52770094458047,-1.6106080571476635,52.42813132153609,-1.5254736153519506,LOCK
1049.6,52.428197650647206,-1.5252828750451422,52.527704522077144,-1.6106884262333037,52.428014388036225,-1.5252854633164934,LOCK
1050.88,52.42802259795112,-1.5251645914415446,52.52770739663459,-1.6107610839387607,52.4278539035088,-1.5251789528205197,LOCK
1052.16,52.42787432411905,-1.5250775685812563,52.52771023146355,-1.6108341551753202,52.427719761000894,-1.5250865243329736,LOCK
1053.44,52.42772351436938,-1.5249829350593664,52.52771346078138,-1.6109117625937117,52.427579405565155,-1.5249953087017023,LOCK
1054.72,52.42757472204102,-1.5249001264380435,52.52771706793812,-1.6109960301936475,52.42744098173655,-1.5249091469771632,LOCK
1056.0,52.42742158269387,-1.5248025730572343,52.527720532160956,-1.6110805831435437,52.427295656884176,-1.5248138376268998,LOCK
1057.28,52.42727424642836,-1.5247081452022855,52.52772427980297,-1.611174699374647,52.42715387066228,-1.5247445311637853,LOCK
1058.56,52.42708718448672,-1.524723166392508,52.527727023448016,-1.6112507696928857,52.42697980640929,-1.524757414400491,LOCK
1059.84,52.42691842047506,-1.5247360400022736,52.52773019560025,-1.6113249485303116,52.42681944330329,-1.5247474674822885,LOCK
1061.12,52.42673522250249,-1.5246871989627913,52.52774046701634,-1.6114017971080628,52.42664177463615,-1.5247027666487964,LOCK
1062.4,52.42654755341344,-1.5246381375672016,52.527750370062066,-1.6114848517559381,52.426459164052886,-1.5246532727252236,LOCK
1063.68,52.42635948307045,-1.5245727191978846,52.5277602875258,-1.611572018646369,52.42627513263431,-1.524592185146632,LOCK
1064.96,52.42618531200243,-1.524506580248994,52.52776988827489,-1.6116475523312668,52.426105143375466,-1.524532621490255,LOCK
1066.24,52.42602549819198,-1.5244590149524946,52.527779395260914,-1.6117275663130235,52.42595023617527,-1.5244697784790147,LOCK
1067.52,52.42588563950549,-1.524364250120762,52.527797337530195,-1.6117950297584678,52.42581180368452,-1.5243692084386888,LOCK
1068.8,52.42575090204981,-1.5242427870668198,52.52782077271707,-1.611857257340361,52.42567803937726,-1.524231441393223,LOCK
1070.08,52.42565364895697,-1.5240697859548162,52.527844398107476,-1.6119182211826222,52.42557277317149,-1.5240586585128555,LOCK
1071.36,52.42555192750118,-1.5238943300466123,52.5278706249791,-1.6119829718678627,52.425466839120396,-1.5238794177364643,LOCK
1072.64,52.42545510460664,-1.523695508642064,52.52789832134303,-1.6120458003297133,52.42536570002507,-1.5236688504226947,LOCK
1073.92,52.425383887241395,-1.5234677190567696,52.5279271302672,-1.6121146572348009,52.425281655643374,-1.5234326148668906,LOCK
1075.2,52.425319603032705,-1.5232407056561905,52.527954208114586,-1.6121905599837025,52.42520410907349,-1.523205403463611,LOCK
1076.48,52.42523476537037,-1.523023861237633,52.52797836997258,-1.612269708073727,52.425111420440466,-1.5229960165428307,LOCK
1077.76,52.42513409275536,-1.5228258555831098,52.52799810326704,-1.6123480897340985,52.425007676649834,-1.522806409749166,LOCK
1079.04,52.42502263924249,-1.5226477744041673,52.528016780714196,-1.6124396482044552,52.424899199697855,-1.5226249636954388,LOCK
1080.32,52.424912422144615,-1.5224462489181665,52.52804058491807,-1.6125460116934789,52.42478133705662,-1.522442121797136,LOCK
1081.6,52.42481592434243,-1.5223314900105622,52.52806542894362,-1.6126577793695902,52.42469465840695,-1.5223169670612546,LOCK
1082.88,52.42472866418232,-1.5222016311570516,52.52809330475933,-1.6127798056689526,52.42461176548328,-1.5221845970976178,LOCK
1084.16,52.42460769231521,-1.5220233011316235,52.52812717554943,-1.6129138124593876,52.42448987433654,-1.5220092522326958,LOCK
1085.44,52.42449185708599,-1.5218287973203806,52.52816581888614,-1.6130531352185433,52.424372033250826,-1.5218084041660924,LOCK
1086.72,52.42439018334099,-1.5216108517294409,52.52820647173435,-1.6131961824913204,52.424260783572535,-1.5215958009607722,LOCK
1088.0,52.42426625511102,-1.521405245527992,52.52824370790773,-1.6133382683864574,52.4241258378496,-1.521430533937351,LOCK
1089.28,52.424104239247434,-1.5213368405523244,52.528271077229185,-1.6134754310971027,52.423975012448935,-1.5214067066554227,LOCK
1090.56,52.423955096036515,-1.5214518920486568,52.52828809724127,-1.6136175166529714,52.423828605368044,-1.521451458291638,LOCK
1091.84,52.42379836881322,-1.5213640151746435,52.528297739733155,-1.6137659497417747,52.42367661235359,-1.5213875259629601,LOCK
1093.12,52.42366090021389,-1.5213371532901405,52.52830876022649,-1.6139028259016766,52.42354987819528,-1.5213557092879615,LOCK
1094.4,52.42353245285753,-1.5213056959260869,52.52832133024355,-1.6140320678272904,52.42343098419112,-1.5213160506315933,LOCK
1095.68,52.42342189362125,-1.5212576916047778,52.52833416601762,-1.6141537981613339,52.42332815596846,-1.521262909529827,LOCK
1096.96,52.423330814148144,-1.5212120722738303,52.52834864951071,-1.6142699935551017,52.423241598755006,-1.5212773546839258,LOCK
1098.24,52.423263414612634,-1.521371946231221,52.52836390069478,-1.6143875403758114,52.423158707303024,-1.5213881866636298,LOCK
1099.52,52.423143337867806,-1.5213843864661425,52.52838062602971,-1.6145119499320877,52.423054038498805,-1.521434794120024,LOCK
1100.8,52.42304244458701,-1.521542727728398,52.528391739034305,-1.6146259811417205,52.42296240164519,-1.521600559709574,LOCK
1102.08,52.42297720592458,-1.5217433150640645,52.52840417693862,-1.6147493570293094,52.42287521142343,-1.5217586789579822,LOCK
1103.36,52.42283038317179,-1.5218210554555542,52.528418069087046,-1.6148816542193725,52.42272922067215,-1.5218017039678566,LOCK
1104.64,52.42265894813858,-1.5217574137063838,52.528435630729376,-1.615002254463202,52.42256012111027,-1.521732979467024,LOCK
1105.92,52.422513734873206,-1.5216194216364636,52.52845244963388,-1.6151112938192673,52.422412967056644,-1.521601261631308,LOCK
1107.2,52.42238418636363,-1.5214705752412674,52.52846956215718,-1.6152163808576652,52.42227745809805,-1.521490957903785,LOCK
1108.48,52.42221926293723,-1.5214352112405392,52.528484792191755,-1.6153124267012107,52.42212222451251,-1.521482970274339,LOCK
1109.76,52.42206218056317,-1.5215006005512335,52.528499324967434,-1.6154020975882442,52.421974758102785,-1.5215352065407048,LOCK
1111.04,52.42190713267596,-1.5215562345902527,52.528513114453816,-1.6154887736389152,52.421828713658066,-1.5215872411800686,LOCK
1112.32,52.42175367594118,-1.521622939025731,52.528525605898835,-1.6155726772831038,52.42168305228911,-1.5216489589524733,LOCK
1113.6,52.421600114002885,-1.521694006057322,52.52853571645014,-1.6156503504072466,52.42153688585304,-1.5217181370870023,LOCK
1114.88,52.42144612109789,-1.5217761522693578,52.5285427186579,-1.615721484469675,52.42139119914922,-1.5218071664895292,LOCK
1116.16,52.421307533147335,-1.5218942016737482,52.52854655899227,-1.6157849621882412,52.421245130070325,-1.5218741216821627,LOCK
1117.44,52.42117506840757,-1.521836137611177,52.52855044938519,-1.6158545950777496,52.42111334206276,-1.5218285823879145,LOCK
1118.72,52.421029325464204,-1.521789949334068,52.528553585265726,-1.6159348897720647,52.42097077100778,-1.5217940745094125,LOCK
1120.0,52.420873154687385,-1.5217597769980582,52.528557228071506,-1.616028419466616,52.420820047840756,-1.5218586144779676,LOCK
1121.28,52.42082423075662,-1.5220505340455348,52.52856180381076,-1.6161161679284288,52.42074759890061,-1.5221387526008099,LOCK
1122.56,52.42076496519651,-1.5223236776915932,52.528566627351815,-1.6161925903515548,52.42068575790514,-1.5224082630715061,LOCK
1123.84,52.4207203539565,-1.5226124641266592,52.52857024837717,-1.616266938328652,52.42063470865424,-1.5226925125412702,LOCK
1125.12,52.420673459730956,-1.5229056178739377,52.52857177285749,-1.6163347867906162,52.42054009625768,-1.5229335020025974,LOCK
1126.4,52.42049681981089,-1.5229765668747004,52.528572399919696,-1.6164053254590378,52.42037075767147,-1.5229849255649823,LOCK
1127.68,52.4203203889956,-1.522946023311714,52.52857288096897,-1.616459960801061,52.4202038717787,-1.5229662802174322,LOCK
1128.96,52.4201558617792,-1.522919793756555,52.52857298742795,-1.6164900533546822,52.42004989856568,-1.522944350609037,LOCK
1130.24,52.42000129758632,-1.5228988456291834,52.528573067094264,-1.6165134133049832,52.41990433611791,-1.5228921671594542,LOCK
1131.52,52.41985276237005,-1.5227593713934398,52.52857347745399,-1.6165359654318028,52.41974454813907,-1.5228548177631207,LOCK
1132.8,52.41972644254679,-1.5229940105015387,52.528574244360954,-1.6165597083482266,52.41961807610983,-1.5230716882082558,LOCK
1134.08,52.41961092336442,-1.5232324855046944,52.528575213841755,-1.6165845721932839,52.419465183038824,-1.5232112891679108,LOCK
1135.36,52.41944588395933,-1.523097203905941,52.528576069913534,-1.6166046492191757,52.41929593066812,-1.5230804674983083,LOCK
1136.64,52.41931225513327,-1.5229114528647283,52.52857689853675,-1.616621558608274,52.41915773371288,-1.5229097863529426,LOCK
1137.92,52.419171225021444,-1.5227468380192821,52.5285772938261,-1.6166310718892503,52.419003781069556,-1.5228497842302784,LOCK
1139.2,52.41906179135684,-1.5229219378955712,52.52857769529414,-1.6166404403730323,52.418885901619625,-1.5229301087476885,LOCK
1140.48,52.418921462004725,-1.5228156928815302,52.52857707697469,-1.6166514912913093,52.41875236819455,-1.5228445690775214,LOCK
1141.76,52.41876643534026,-1.5227628785738205,52.52857540722792,-1.6166679903653018,52.41861211242079,-1.5227870803820533,LOCK
1143.04,52.418611903395316,-1.5226975056523437,52.52857303026715,-1.6166895353353694,52.41846884591111,-1.522755138780708,LOCK
1144.32,52.41845514906594,-1.5227633773841065,52.52857076368267,-1.6167128301725806,52.41833404816595,-1.5228683499292162,LOCK
1145.6,52.418389342404545,-1.52303828001406,52.52856857724651,-1.6167359849390472,52.41826119759454,-1.5231320765426504,LOCK
1146.88,52.418326779334606,-1.5233195888104605,52.52856679875087,-1.6167566428482452,52.41819970718001,-1.5234056127189244,LOCK
1148.16,52.418269398282746,-1.5235992948041053,52.528565556037236,-1.6167743823142495,52.418137369146834,-1.5236705251359974,LOCK
1149.44,52.4181778045611,-1.5238767424848536,52.52856442917362,-1.6167956192940254,52.4179931390412,-1.5238556078476126,LOCK
1150.72,52.41801368989893,-1.5237330708908057,52.528563914741255,-1.6168065175674453,52.41782754290777,-1.523735134177699,LOCK
1152.0,52.417861685968084,-1.5235811727193251,52.52856371740995,-1.616810782978946,52.417680729849295,-1.523610291962931,LOCK
1153.28,52.417771138117395,-1.523528201196151,52.52856348471986,-1.6168130504528835,52.41760795822337,-1.5235532408874115,LOCK
1154.56,52.41767652308554,-1.5234843077333144,52.52856348471986,-1.6168130504528835,52.41752979064937,-1.5235026445275763,LOCK
1155.84,52.41758448513011,-1.5234265188530238,52.52856348471986,-1.6168130504528835,52.41745002390836,-1.5234489569970986,LOCK
1157.12,52.417493318049125,-1.5233862990255296,52.52856348471986,-1.6168130504528835,52.41737170502362,-1.5234019235866414,LOCK
1158.4,52.41741335613856,-1.5233383560244849,52.52856348471986,-1.6168130504528835,52.41730150094624,-1.5233531660818302,LOCK
1159.68,52.41733370960402,-1.5232920292486982,52.52856348471986,-1.6168130504528835,52.41723138540356,-1.523294436235649,LOCK
1160.96,52.4172588164104,-1.5231966465673428,52.52856348471986,-1.6168130504528835,52.41715916327364,-1.5231967774590882,LOCK
1162.24,52.417188525682256,-1.5230938063866504,52.52856348471986,-1.6168130504528835,52.41708989142739,-1.5230993972176494,LOCK
1163.52,52.41711444632431,-1.5230159825721357,52.52856348471986,-1.6168130504528835,52.417019681987725,-1.5230316497768006,LOCK
1164.8,52.41703638878915,-1.5229792306508345,52.52856348471986,-1.6168130504528835,52.41695039857523,-1.5229920774249337,LOCK
1166.08,52.41694447574344,-1.5229209895620481,52.52856321532928,-1.6168261869315526,52.41685951170899,-1.5230024731519651,LOCK
1167.36,52.4168961222276,-1.523079364099946,52.528563273766785,-1.616838827438836,52.416807336716545,-1.5231474728279553,LOCK
1168.64,52.416838248310405,-1.523226654052321,52.52856377383848,-1.616865227332322,52.416751153778,-1.5232891264515356,LOCK
1169.92,52.41676533322758,-1.5234216227357307,52.52856387567194,-1.6168995524484837,52.41663409702,-1.5233945122261583,LOCK
1171.2,52.4166584311759,-1.5232655288366148,52.52856462290624,-1.6169360511114579,52.41651632677171,-1.5232574159283898,LOCK
1172.48,52.416551594434814,-1.5231348678900634,52.528564377015954,-1.6169669849137807,52.416412204501036,-1.5231408535198596,LOCK
1173.76,52.416447407389974,-1.5230450245410532,52.528563352986936,-1.6169909328495422,52.41630688652921,-1.5231287121180814,LOCK
1175.04,52.416383882329775,-1.5231942628793291,52.528562802607766,-1.6170167547125232,52.41625095254017,-1.5232837215808446,LOCK
1176.32,52.4163531718691,-1.5233837800053411,52.52856453658938,-1.617049560886204,52.41623847177206,-1.523500101554996,LOCK
1177.6,52.41642722291237,-1.5235787378267562,52.528565636903124,-1.6170889435589866,52.41629417708838,-1.5237348658813255,LOCK
1178.88,52.41645277960354,-1.5237912731086267,52.5285671471646,-1.6171253631805727,52.416298282656996,-1.5239354735226391,LOCK
1180.16,52.41638940948034,-1.5239770714062524,52.52856819976689,-1.617150957082824,52.4162359670741,-1.5240842476616783,LOCK
1181.44,52.416290751686226,-1.524094669369713,52.528569139299236,-1.617181260273978,52.41616002728706,-1.5242010875175136,LOCK
1182.72,52.41621308550522,-1.5242747598404867,52.52857004322391,-1.6172162804023662,52.41610394171137,-1.5243981354580691,LOCK
1184.0,52.41621539846804,-1.5244984202949012,52.528572751276926,-1.6172557074562417,52.41608998593499,-1.5246211114703943,LOCK
1185.28,52.41617411390868,-1.5247600561823178,52.528575473629104,-1.6172997044854664,52.41605184878123,-1.524877364522047,LOCK
1186.56,52.41614666216858,-1.525010200979872,52.52857646929696,-1.6173344414326694,52.41603496231952,-1.5251361777956802,LOCK
1187.84,52.416157307887474,-1.525259382382006,52.52857526329684,-1.6173675690238063,52.41604850899,-1.5254025271479952,LOCK
1189.12,52.416186510615724,-1.5254989182076406,52.528574385059514,-1.6174046993616744,52.41606858030844,-1.5256532675076726,LOCK
1190.4,52.416189613312625,-1.5257387412615653,52.528574201286226,-1.617442121290497,52.41607267089384,-1.5258932836108656,LOCK
1191.68,52.416191955536064,-1.525980451397244,52.528573956178676,-1.6174703918562192,52.416090954445174,-1.5261494551745352,LOCK
1192.96,52.41624049414442,-1.5261695076573225,52.52857334256857,-1.6174966412324583,52.41613643697454,-1.5263616105335536,LOCK
1194.24,52.41627257994012,-1.5263110525734715,52.52857262532254,-1.6175224405024187,52.41617834448419,-1.5265090326479729,LOCK
1195.52,52.416309388108836,-1.5264583653898192,52.5285720825289,-1.6175414979536824,52.41621941277709,-1.526661229710481,LOCK
1196.8,52.416345715414856,-1.5265818098730009,52.52857069903119,-1.6175657159672672,52.41626598005363,-1.526790063521379,LOCK
1198.08,52.41639644631206,-1.5267054740409878,52.52856940155271,-1.617591423562478,52.4163197929048,-1.5269239943612407,LOCK
1199.36,52.41645019777703,-1.5268555244186606,52.528568080021685,-1.6176245088391887,52.41637986849112,-1.5270846475313868,LOCK
1200.64,52.41652269200429,-1.5269982390935344,52.52856663796012,-1.6176746529899177,52.41644679001966,-1.5272504272177856,LOCK
1201.92,52.41658027670989,-1.5271897309565785,52.52857138423434,-1.6177326177630487,52.4165051751873,-1.5274510610580958,LOCK
1203.2,52.41666663191044,-1.5274087952287314,52.52857319584906,-1.617791207342919,52.41658853653682,-1.527697591891676,LOCK
1204.48,52.416753277324865,-1.5276166524614838,52.52857893276025,-1.6178582411683706,52.41667041433629,-1.5279298778579522,LOCK
1205.76,52.416828406232995,-1.5278623753152594,52.52858593160865,-1.6179326957717373,52.41674246887607,-1.5281883489527999,LOCK
1207.04,52.416896082687195,-1.5281044790741625,52.528593113070116,-1.6180066782535238,52.41680867955806,-1.5284397677494754,LOCK
1208.32,52.416964462775965,-1.5283547887361686,52.52860159649907,-1.6180825998207589,52.416875464880356,-1.5287009989926097,LOCK
1209.6,52.41702925614039,-1.5285924577111971,52.52860785596816,-1.6181394103302653,52.41694154776827,-1.5289480621130032,LOCK
1210.88,52.41707885017949,-1.5287766769540923,52.528612291989354,-1.618178908207785,52.416976984056525,-1.5291249353127885,LOCK
1212.16,52.41707287400962,-1.5289472729582052,52.52861836850899,-1.6182265133772595,52.41697648061399,-1.529266797387212,LOCK
1213.44,52.41706521246721,-1.529122384878237,52.5286242949564,-1.618271924364352,52.41696757387813,-1.529415981287037,LOCK
1214.72,52.41705239682942,-1.5292851657983644,52.52863032398004,-1.6183157295735477,52.41696421189813,-1.5295641446041814,LOCK
1216.0,52.41706984074942,-1.5294461232839034,52.52863748495172,-1.6183629762534109,52.416976147798714,-1.5297150841752842,LOCK
1217.28,52.41707398167136,-1.5296092963343064,52.528645466875794,-1.6184077060331923,52.41697208240558,-1.5298564023648185,LOCK
1218.56,52.41703824559563,-1.529789128341345,52.52865221317124,-1.6184577939334874,52.41692781543555,-1.5299983269986879,LOCK
1219.84,52.41695188606974,-1.5299653305878933,52.528657722249484,-1.618502941674885,52.41684579199919,-1.5301449558445372,LOCK
1221.12,52.416867357235276,-1.5301306447994434,52.528661583806,-1.6185342082839282,52.41676678392355,-1.530288756670393,LOCK
1222.4,52.41679196521456,-1.5302944978626,52.52866509960444,-1.6185618961863393,52.41669445935945,-1.5304321363069402,LOCK
1223.68,52.41671673273595,-1.530458551239704,52.52866860940334,-1.618597228562556,52.41660359814918,-1.5305388475189265,LOCK
1224.96,52.41659751062452,-1.5304738893832304,52.528672477250716,-1.6186310713783065,52.416493527327226,-1.5305416797675968,LOCK
1226.24,52.41650664151528,-1.5304860418852433,52.52867430206417,-1.6186632485233483,52.41641313367317,-1.5305534624081714,LOCK
1227.52,52.41642522166806,-1.5305247389660346,52.52867661287016,-1.618690490364877,52.41634002544819,-1.5305788344637463,LOCK
1228.8,52.416346878888774,-1.53055033810815,52.5286787293261,-1.6187065056364656,52.416269604625235,-1.5305955060651828,LOCK
1230.08,52.41627524571717,-1.530569697037254,52.5286800760059,-1.6187151762302299,52.41620434440465,-1.5306042053768514,LOCK
1231.36,52.41620097125558,-1.5305714378050916,52.52868419248267,-1.6187360561542021,52.416137386970775,-1.53061299495976,LOCK
1232.64,52.416118663743525,-1.5306073823137876,52.528686370230815,-1.6187471577711479,52.41606080616072,-1.530640624201067,LOCK
1233.92,52.416036537338854,-1.5306329351944872,52.528686370230815,-1.6187471577711479,52.415985120639384,-1.5306698273033594,LOCK
1235.2,52.41594426929097,-1.530684616320723,52.52869116771781,-1.618760202659026,52.41589508794693,-1.5307028185953029,LOCK
1236.48,52.41580888271258,-1.5306805511532662,52.52869901289726,-1.61878075212496,52.41575740261213,-1.5306304273817626,LOCK
1237.76,52.41576910275352,-1.5304832471511318,52.52870587570149,-1.618798388794117,52.41569175020048,-1.5304231235800458,LOCK
1239.04,52.4157265222653,-1.5302827590938668,52.52871188757968,-1.6188143494229852,52.415634528241874,-1.5302202130240998,LOCK
1240.32,52.41567886908043,-1.5300910637629654,52.52871642151021,-1.6188300675034488,52.415579660195064,-1.530027521174984,LOCK
1241.6,52.415622748013256,-1.5298901942458774,52.5287232959168,-1.618858431327017,52.41551678439389,-1.5298261990719473,LOCK
1242.88,52.41555728235531,-1.5296637692904425,52.52872762875062,-1.6188756241033393,52.415441203310024,-1.5296013648535294,LOCK
1244.16,52.4154973943472,-1.5294532235301814,52.528729430386704,-1.6188827288028118,52.41537404179355,-1.529390650516473,LOCK
1245.44,52.41543247894522,-1.529252159497629,52.52873038569479,-1.6188863313145985,52.41530659442879,-1.529186295294433,LOCK
